Actual Payment,Predicted Payment
198.13,199.9098999999999
151.42,162.1201547619047
280.08,1103.6403249999987
87.06,55.215406666666674
140.28,96.29123000000003
45.95,50.903762649572634
226.24,226.24000000000032
88.0,58.408008809523835
99.43,108.91660972116259
159.12,141.24616480243176
107.95,116.64635000000004
77.0,81.6996000000001
185.84,289.1118463492065
32.78,42.639916666666686
69.44,168.5276833333333
325.92,351.4676862121212
339.21,266.8789376190475
105.15,115.65744166666659
86.9,80.25233333333331
98.16,102.78096666666657
26.12,70.49464857142856
39.97,53.16149761904763
81.89,106.40591285714281
569.82,569.1448042929292
213.81,219.11849999999987
881.45,877.8163000000011
55.0,56.468595882352965
36.27,38.19162499999999
215.62,304.29902666666675
1075.12,1114.409466666666
506.22,425.09580000000045
37.77,37.76999999999999
163.24,163.2399999999998
52.59,52.70292500000004
34.65,35.90059976190476
46.01,48.07950000000008
151.97,158.12079999999978
884.34,857.0025749999995
288.47,324.51110000000017
73.58,97.6756659090909
89.19,293.3378998376621
119.34,133.11393333333336
58.71,61.6228300793651
96.9,97.2408999999999
149.58,152.1558
73.74,82.10136882837747
178.61,63.854000000000035
35.13,37.27212000000004
29.41,30.69674666666667
137.2,137.20000000000022
243.62,235.2228902777777
44.53,68.09180476190475
408.12,309.59529999999967
62.68,69.93252722222222
173.86,187.04250000000013
101.76,81.70167571428577
77.99,38.14962857142858
105.28,114.74879774344657
920.59,1021.08515
127.32,139.7061999999999
35.78,47.424252111874374
39.24,41.07231833333331
34.82,47.59526333333334
116.7,127.96416666666666
142.2,145.1476949999999
36.69,44.41434999999999
35.75,34.55715000000002
3.47,4.517379992784993
45.79,55.62706666666668
32.29,45.23912262045558
46.85,55.76246666666669
105.63,98.94091818181815
38.36,41.94415416666662
372.16,349.44980000000004
193.17,198.01849999999973
30.54,54.004315000000005
57.38,81.84300830280837
83.76,91.22919095238102
139.16,139.1701999999999
216.89,167.06173095238088
43.52,64.07894451298702
117.94,113.7236932191477
47.43,47.42999999999998
143.52,159.93762500000008
45.09,86.1251516666668
121.39,82.43550333333334
152.95,150.69219999999996
247.52,155.89772666666676
20.85,20.49887279220777
308.3,311.3032999999997
69.73,70.37439999999984
146.31,110.28030000000007
94.85,220.6236894444445
218.49,305.53249500000015
628.37,708.9853999999997
128.95,126.81960000000018
222.15,180.3247999999999
44.09,45.902100000000054
40.97,40.96999999999991
195.86,243.9166000000002
55.53,71.67929999999997
264.31,263.96130000000016
211.24,131.43249999999986
136.6,118.96144546176052
190.48,181.74607967903046
38.3,41.02479999999998
136.64,90.71659999999994
89.3,240.58160000000007
105.37,120.31490000000016
152.81,141.29414999999995
194.33,247.67454999999998
194.44,215.72795404761902
346.44,338.8564999999995
60.31,73.48223333333337
277.97,286.3154000000003
20.75,21.9629
110.36,96.31445607873935
126.48,126.47949999999972
227.73,243.1642999999998
398.01,418.39407333333344
413.97,368.6364100000005
606.46,606.0853000000003
116.94,116.94000000000001
785.57,779.4640500000003
63.1,57.102627483137795
123.42,180.4506527777778
199.31,209.31697499999999
314.68,190.31565833333332
14.98,16.794684997502497
423.18,366.8831000000001
215.76,184.9875545454544
63.31,67.18372250000012
50.0,54.23388571428573
37.0,69.91789333333332
163.62,208.54474833333333
295.38,155.80712499999993
445.42,339.2159999999995
216.22,175.6425999999999
83.54,79.59950000000003
123.98,103.38635833333315
179.34,144.4926
129.28,95.39136809523814
93.38,71.78400537878787
196.72,198.5403
19.62,19.61999999999995
149.88,110.71110000000006
49.53,38.8476109054834
183.74,188.6929727272727
135.12,133.3548066666667
335.47,335.4700000000004
32.43,52.71621060439561
100.0,123.29048922799414
62.27,76.10104666666675
29.75,37.87591579254082
272.95,300.8897000000003
486.3,505.65370000000024
64.01,85.4502016461609
67.58,70.04809999999996
29.69,29.77522500000004
42.56,60.967050000000064
70.63,105.49016666666672
43.0,42.298893333333346
57.47,66.47121944444442
121.78,120.58811666666685
107.94,138.6673999999999
84.64,89.4378983333334
646.6,644.6435999999995
309.05,348.6927999999999
70.18,60.278600000000054
44.98,74.05986666666668
246.26,246.2413999999996
15.19,31.991799999999994
421.18,378.2019000000001
27.69,33.8558285714286
125.47,98.93907047619041
165.48,167.08979999999977
49.0,49.74738840579709
51.79,54.34423333333328
81.12,68.51229999999995
174.04,174.7886000000003
76.98,81.57173333333326
88.49,89.04624999999994
15.43,33.410560000000004
181.55,173.0092096802612
124.42,186.61595238095254
68.53,77.25274999999999
125.53,144.36299999999994
298.85,193.46867619047623
27.0,28.531181536796506
120.0,109.3573
83.15,71.70899166666668
284.77,290.80737499999964
99.94,127.9923
171.32,127.76974999999987
43.1,49.74764671801745
35.79,33.562583333333365
13.73,301.3140695706897
78.06,122.30333999999999
73.34,99.32322469943719
112.24,133.27091666666672
88.09,84.7572398235098
106.6,146.66760000000014
37.8,54.78064821012321
190.0,197.9611999999999
92.84,92.62834285714294
62.69,64.37857666666665
40.78,41.4021333333334
50.05,64.01608333333334
68.84,79.60165000000002
31.38,29.677789704997313
179.78,323.6802399999999
81.63,59.68038071428574
234.57,214.82419999999985
39.27,88.30812595238095
35.68,50.0963833333333
118.35,183.26433947894395
208.81,210.9163166666668
171.09,136.62989999999996
22.38,25.168723030303042
87.3,91.13107333333342
106.3,108.66234166666668
140.88,142.65039999999973
139.2,167.4009619047621
111.17,141.52786000000006
7.74,65.96576220779224
67.89,71.82720769230771
160.3,105.62086915678283
110.44,58.28955833333339
198.16,308.51461666666665
27.39,28.385375000000018
245.0,130.6517411214928
129.79,129.7844000000003
205.98,180.8573797619048
100.0,23.455974999999988
60.75,64.56070000000005
32.69,66.00186068722942
567.22,593.2080750000002
238.15,251.44756666666675
295.91,293.70333999999974
179.36,267.87250000000034
30.66,54.1131
65.0,52.68350000000001
44.53,45.718300000000035
891.14,781.2774333333331
314.92,420.049129317545
91.58,62.913028492063475
48.3,48.30000000000009
54.7,27.84670000000001
73.28,125.71920000000006
112.94,225.88680000000005
1210.62,1275.4457999999995
216.58,210.53410000000014
223.76,225.11219999999986
136.71,136.7056999999997
137.6,143.62358474310727
92.57,93.17949999999988
57.73,78.86008333333334
182.0,307.27590716450214
230.1,234.93504000000019
186.84,196.16474705882348
120.17,120.17020000000007
7.01,21.51776141414143
133.3,198.69300506354773
34.0,49.3932
95.37,162.62740000000005
197.8,198.88492857142822
75.07,107.73721666666664
32.33,62.07749999999991
100.86,88.10349999999997
132.57,132.17539999999985
216.27,210.57578000000004
24.23,24.228700000000014
90.5,75.70028333333333
43.1,49.74764671801745
373.73,401.06798666666646
2262.8,2262.799999999996
647.54,647.5400000000008
73.76,73.77180000000014
187.57,183.53164769230779
90.18,75.9364950000001
93.18,108.19389999999996
41.32,26.87233333333336
101.25,125.71143333333335
37.46,43.33906523809524
84.23,95.9778023809522
65.71,60.12414339193449
28.61,45.63154320512822
37.0,37.0
172.7,169.2403121212123
797.38,567.780991666667
58.52,78.48260083333332
51.71,57.80180000000006
42.75,43.66169999999998
352.55,352.5499999999998
86.15,98.0593003593628
150.47,155.8665233333333
364.5,295.7218
63.99,106.97405833333328
181.21,213.4156583333333
138.28,139.4435000000002
87.5,93.82160833333333
46.84,50.17772500000005
213.9,131.9126542857143
120.79,123.74618750000016
122.17,149.38203499999992
129.59,39.01870000000008
1029.84,809.582691363636
154.92,285.8906
64.42,64.94130000000006
99.8,94.46017099567096
51.71,51.85590000000003
84.56,85.25309999999998
36.68,49.01524666666666
193.31,191.41603682200147
118.88,121.4632666666665
104.47,146.70048869155357
55.0,58.62112333333337
34.8,34.81630000000006
84.05,86.25002499999997
280.53,169.9184666666667
119.79,90.37959238095242
168.84,233.16892428571438
184.12,145.9761328571429
52.24,45.243853333333305
54.14,90.51705738095235
76.65,83.75697023683638
317.2,315.64645000000036
44.09,43.915171428571455
34.23,35.127200000000016
53.27,74.7077914285714
143.1,143.08820000000023
67.62,85.97776333333327
204.32,270.1382
20.61,75.18202500000001
196.92,296.2645771428572
38.76,32.730916666666715
40.68,54.14727428571431
36.44,60.185519999999975
26.2,68.1416664285714
110.47,116.54242666666661
65.51,214.43596233469322
50.05,63.393653333333305
87.64,86.32427888888897
50.96,90.6291492063492
27.29,89.99328285714287
186.96,114.59201285714275
43.22,50.49613619047622
49.33,70.45679999999992
367.02,379.3535600000001
31.74,82.88970000000003
200.01,86.90579188410209
306.3,251.9603999999999
95.31,96.17079999999999
77.61,79.37885333333321
34.0,34.0
103.63,114.80796666666667
311.42,318.21400000000006
36.84,37.64232000000003
30.0,54.11556229114451
338.6,454.0725999999997
159.39,200.04738833333332
136.6,139.05094999999992
507.61,509.31989999999985
120.35,120.2730000000002
181.7,211.2406116666667
198.38,166.7932999999998
105.22,145.29676000000006
26.77,31.986977952602953
152.04,150.06597499999987
303.53,437.7711666666661
210.78,213.24419999999995
33.27,35.84626666666665
100.0,121.66423333333337
316.58,280.73570324175876
160.09,160.2816000000001
78.19,72.648375
47.83,64.38138333333328
30.01,53.86411880952382
95.21,147.74201809523808
79.09,94.50482666666664
59.03,63.36810000000001
2.84,7.223141071428571
92.87,100.77315822510828
72.09,73.28626666666666
80.77,97.87020833333341
113.11,111.44400180623978
84.7,95.64550000000001
138.5,139.43209999999988
370.8,204.0278401698302
135.51,73.58733333333332
146.16,127.13994999999991
56.6,56.62904574487954
89.63,77.94620265151514
304.36,321.2944999999998
243.51,235.83647333333323
32.68,56.840396870906815
62.01,72.27879716799508
95.18,84.24225000000007
174.82,206.1280749999999
166.71,199.2368009523807
40.95,42.76649999999992
326.6,88.50259999999999
193.26,79.9667999999999
77.37,134.91965357142846
89.32,74.25831089743589
354.01,417.2501999999999
24.17,23.465959999999995
22.29,22.920599999999993
140.33,119.3457868181818
111.26,271.41079999999994
193.39,137.5142634126984
90.05,89.95752727272726
108.31,199.2597892282718
68.53,81.80159095238093
151.7,88.07488303030298
112.29,111.19303095238098
52.29,55.035292857142885
91.96,92.16603333333327
54.96,138.06180071428574
374.93,377.4520999999997
36.69,43.21916233915853
167.01,144.83531619047622
213.76,256.6868499999998
111.21,198.71409999999997
73.27,117.57662083333351
141.63,145.95866666666672
73.43,84.85854204805948
65.44,76.24526833333337
207.1,100.96470059523811
219.83,199.09468333333334
65.05,58.50187111111112
97.71,105.1987072222222
27.09,27.09000000000001
242.95,120.92130000000016
56.22,79.14362428571425
62.23,79.45437500000001
163.29,169.65999999999994
257.21,271.8372999999997
114.33,114.32999999999994
49.24,61.6657504761905
56.69,66.5315713492063
34.13,34.19920555555563
148.39,180.31500476190485
96.02,96.02000000000024
41.09,41.06980000000005
36.39,36.61580448051948
101.26,123.09002166666663
99.74,111.12738000000004
69.03,55.44887733766233
194.91,325.30561213120194
248.36,248.36000000000035
296.32,199.10242285714287
107.35,136.54411
259.6,160.23602
108.93,132.56429999999997
144.3,139.3959999999998
106.29,109.06675000000016
36.17,36.799100000000045
129.53,128.32490000000018
65.09,98.46508750000004
274.89,530.4948999999992
190.98,220.32407500000002
107.2,123.33917499999995
46.64,55.300412316849844
42.58,42.768514562328804
122.84,127.7780500000001
1028.62,1034.268000000001
56.38,56.09292825396822
75.17,109.37047942640687
15.75,32.442687847985354
105.28,114.74879774344657
86.73,86.72999999999978
67.36,91.38800698412697
269.53,272.7696976190475
132.17,141.7851519336219
304.16,224.49296190476187
93.75,124.61398571428565
162.79,161.7097000000004
154.19,81.93344464285715
215.99,206.8805000000002
127.97,127.95699999999997
114.79,132.52349999999993
188.34,193.0174000000001
188.09,221.20533999999986
336.6,309.2272999999995
290.76,292.0273999999999
56.54,35.22831396825394
86.81,97.65410000000006
501.5,506.3393000000001
364.65,279.0001361904764
61.27,70.04268666666671
21.38,23.24846854452768
159.76,168.69915000000003
101.86,103.01990000000006
55.37,76.54425333333333
154.36,154.40950000000018
123.07,123.19759999999982
111.42,119.39610000000006
144.58,144.58019999999996
180.82,248.97850968253974
28.0,41.588758333333324
76.08,83.41145058098766
33.16,55.20549559329554
93.82,95.54705999999987
219.89,219.55069999999995
13.4,16.417355119047635
30.44,30.456200000000045
96.71,105.22329999999991
355.38,266.43455
106.87,106.01240000000008
60.05,69.10300000000002
312.42,450.02617714285725
264.71,201.39720000000005
307.0,306.7410800000001
128.71,126.17873380952378
267.51,270.05150000000003
68.02,67.51351111111124
55.91,62.43730000000003
304.33,239.1822000000003
317.78,283.0012335108706
129.73,216.40530285714266
144.43,170.1500666666668
57.68,73.03731600621605
47.19,71.35008904761901
52.73,56.471099999999936
296.64,296.1034166666669
162.75,230.43143333333353
208.48,174.997905238095
85.58,136.81432999999998
59.68,32.79616785714285
90.06,79.85930000000012
510.12,491.03640000000064
155.64,156.05059999999972
15.0,47.64141043401043
148.51,149.3961999999999
35.86,62.04357333333328
97.71,107.2518449999999
157.78,160.0307000000002
109.35,138.90842666666666
502.0,624.3531999999997
50.03,45.7031571428571
185.57,189.86475
64.1,64.1000000000001
36.0,50.96254575642947
105.37,106.65310000000012
318.37,205.08480000000017
44.09,44.564300000000046
31.27,35.542493333333326
66.17,59.84180631313134
75.54,141.73379090909114
186.19,190.43390000000002
154.54,168.75710000000032
75.65,92.8373777486428
99.94,89.91016298663355
64.23,76.26633333333334
100.38,111.3508999999999
140.63,157.78911403508764
119.39,144.79257642857135
15.75,19.78574583333333
320.79,157.70494999999994
78.6,89.87406071428575
59.93,104.2138215050816
60.07,65.24140000000001
57.5,57.08824285714286
83.2,67.91922333333333
138.28,91.87224428571427
127.6,127.64420000000023
52.5,43.89264166666666
87.33,120.39079999999996
154.05,227.59140000000002
314.32,325.86616666666663
166.0,176.13533333333336
133.48,237.5266412698411
105.37,98.38322564376833
142.12,142.88790000000014
64.99,61.291331428571375
372.0,362.718
180.31,186.73295000000002
213.46,261.9421000000002
220.27,220.21120000000036
121.9,121.89999999999978
70.9,86.16375714285714
69.78,49.85210000000002
242.67,342.1969249999999
59.01,58.98660000000014
182.6,202.08249999999978
20.0,16.241858686868692
536.09,174.7624672619047
98.61,98.5469
517.7,517.3493249999999
85.71,116.5518
100.0,93.31178939393936
71.72,72.5769666666667
250.62,334.6214735266094
125.16,118.10095833333322
89.96,110.3123054040404
31.88,31.880000000000074
208.78,208.29975
44.97,105.24980476190481
146.12,147.55660000000023
96.65,110.29323333333338
1778.01,2620.3302499999995
708.28,697.4003999999992
1019.11,1030.4411
77.99,84.89760000000003
142.56,157.43395428571424
85.6,99.71965238095241
37.0,44.13326666666667
485.94,481.4575000000004
47.62,86.72968333333326
74.51,74.51910000000015
196.95,204.88504999999995
62.31,73.14277666666668
94.1,118.34929595959596
176.16,135.92393824965214
61.01,64.6817183333334
114.44,122.93069999999993
93.69,104.88510833333339
362.15,410.59859999999986
216.64,216.63999999999967
86.15,107.78856666666657
108.84,79.71523333333333
135.89,158.52707500000008
59.15,73.51630714285716
243.07,99.15809999999999
55.0,58.62112333333337
144.58,144.57229999999993
137.23,173.0769
412.52,426.07111013227507
137.07,175.26969999999986
37.76,37.7601000000001
132.1,77.25906220862474
45.36,26.088391666666652
1437.15,1428.1548499999997
142.28,84.87405000000004
138.54,129.31686000000022
679.43,686.2678999999999
158.3,158.2999999999997
33.0,47.993200000000016
101.71,101.0701499999999
183.36,177.4309000000002
121.0,121.7604
223.24,125.21325166666668
52.71,96.92959999999992
79.62,79.6199999999999
101.3,119.77072999999997
376.39,372.08844999999985
0.11,136.44097749867188
40.09,40.5602188984893
65.78,77.83713967150491
63.12,71.01663999999994
245.84,218.8329000000001
137.08,144.74993214285706
127.15,161.43559000000005
141.99,141.51829999999995
37.37,37.36999999999992
85.38,73.50257500000005
113.77,130.67630166666666
481.94,175.09093333333328
184.8,181.54779999999965
134.45,146.66673869047634
508.16,1107.7966999999999
37.68,47.1302
136.64,146.06436666666653
72.18,61.94572000000003
80.2,101.86172659297877
37.77,52.314963699633736
70.0,18.9735333333333
163.25,161.6726
95.09,100.09981999999997
55.96,118.22819666666672
362.13,404.71620000000024
125.88,153.1086200000001
40.13,48.55655000000002
253.22,176.50855000000013
248.94,122.70178664022899
50.06,82.46790000000003
84.23,84.8459999999998
138.81,138.85259999999994
369.96,284.8597895238091
133.2,87.83460000000002
888.74,928.8825999999995
195.24,195.72714999999997
155.72,155.34929999999977
45.1,64.89980000000006
69.52,100.54468583333333
44.23,55.02846285714279
163.86,81.761410995671
62.25,67.10917166666673
519.65,520.3459000000007
567.22,593.2080750000002
52.17,67.80821320512823
90.35,50.87930000000002
487.17,620.7828999999997
83.15,90.27849166666664
114.86,120.54923333333345
224.83,334.2599035714286
329.02,76.51982717948727
285.02,284.47640000000024
162.64,162.6052999999998
50.95,73.28928915572918
298.58,322.0422999999999
201.82,197.00936666666647
52.61,52.75344999999996
99.13,102.81079374999989
251.65,251.65000000000032
55.04,70.18166884250253
201.9,129.4597857142858
221.98,236.0799999999997
49.89,47.06307499999999
37.8,54.78064821012321
171.53,155.80030000000025
62.2,127.08850000000005
83.79,108.73067750000006
55.1,78.93808051758188
45.13,44.79773373015874
672.72,546.5705355952381
74.29,92.3493166666666
142.3,96.69957976190473
426.27,332.29072500000007
2091.33,1768.5811583333311
821.98,713.1114000000007
29.89,33.6169
84.23,95.9778023809522
55.23,42.368651547619045
28.75,33.930977417027435
56.78,59.28111083865724
367.26,317.52714677267153
76.75,110.71619011904761
100.34,108.28468599557283
58.18,73.40872309523809
25.09,27.11168333333334
187.53,184.89570000000012
82.0,89.6935534049284
99.35,168.96093333333323
111.89,111.88999999999994
175.27,211.04207238095248
100.0,281.7035998262231
176.81,179.14469999999997
145.67,156.93533714285712
163.78,103.20183614080361
15.16,26.515800000000024
144.3,139.3959999999998
297.17,305.09532666666684
98.88,105.92276140350872
117.58,121.60709999999996
100.0,283.0236699999998
75.54,91.51710000000004
34.09,34.37470000000003
173.9,229.3850714285715
1021.48,385.63620000000014
55.07,58.19069999999998
306.79,456.35114999999985
157.3,246.24572536599243
65.53,98.99169833333337
208.87,223.75876285714278
92.3,167.86431999999996
157.28,170.40528333333341
131.0,131.0688
85.6,63.6753666666667
64.0,72.22907311100228
295.21,384.92718666666667
262.99,270.76390000000004
83.23,61.14420865079361
167.86,171.49830000000017
80.2,100.575325
101.35,122.68593999999997
178.08,182.6716400000001
119.48,129.78319999999982
38.23,39.174
356.1,353.15035999999935
165.65,92.93519999999984
79.1,85.45187499999996
45.48,45.479999999999976
270.88,282.31800000000004
500.29,501.46799999999996
154.18,219.26402174603194
82.83,90.72649999999997
135.35,154.85754000000003
135.49,138.3123279027734
48.69,53.20000374889736
165.57,165.39442499999987
147.06,207.8508888888889
50.13,56.410199999999996
397.36,328.35018000000025
115.64,112.72620000000018
161.48,162.68198888888872
100.0,107.77546457209459
625.24,520.1172222222218
162.39,182.5676199999999
99.9,129.45644109389906
255.8,135.2774999999998
65.47,71.43612920634914
50.32,58.791533333333284
152.39,174.52299545454545
481.94,175.09093333333328
244.15,244.1500000000003
47.68,43.36966190476187
98.55,110.15186666666663
118.17,124.57376571428566
344.74,344.44529999999946
306.67,324.12983122080783
125.61,126.50365999999994
10.69,14.587156547619054
70.14,70.14000000000011
99.43,100.13603333333334
27.68,21.83454985209236
26.74,94.46017099567096
98.7,85.51498073593073
269.22,153.99739428571428
69.13,67.38213333333333
67.06,117.86024666666667
40.79,145.29676000000006
54.0,38.4256948809524
100.0,45.44525934782612
87.73,87.72999999999978
393.07,444.2181999999999
82.73,87.58039236568746
208.52,153.3282571428573
133.12,179.65754999999993
120.48,140.69625833333333
55.15,33.2439
150.0,118.26293750000009
99.15,132.56291420634926
100.18,99.16550000000014
144.56,143.14454476190465
200.33,228.60974599927877
19.38,45.39194166666665
106.29,120.51568301282066
134.58,140.0855
82.78,89.88699999999999
116.94,116.97980000000003
13.51,40.96846524209709
146.32,110.53469333333338
97.86,138.24794000000014
199.14,200.39542083333328
270.06,220.06630000000024
146.18,150.32613333333344
150.84,98.39309999999999
135.58,142.91289999999998
126.59,125.97524999999979
125.85,164.85265896103905
50.09,50.79710000000007
143.9,145.63319999999993
298.38,342.98285
820.24,775.8129633333333
71.36,115.35986101010096
851.73,912.2221999999995
96.8,99.36669999999997
109.5,139.16205000000002
50.22,76.99340000000007
159.03,87.59210233766245
32.68,56.51321785714287
224.71,224.70999999999947
104.37,97.31295000000004
56.84,25.96593218661241
77.0,61.63225000000003
117.85,119.50045995614042
138.17,136.42002666666679
48.21,48.21000000000003
25.22,39.6019912087912
441.72,441.72000000000065
75.18,77.62014166666665
300.0,38.13602261904763
35.41,40.81212428571429
30.0,30.0
63.78,36.89964166666665
156.63,155.49979999999968
138.31,146.8606192063492
278.65,280.0235000000006
106.43,219.13284666666667
491.41,489.50680000000034
206.92,251.1087863597513
393.15,190.54136264790768
91.11,110.01540000000004
15.48,15.881143374257418
300.22,315.67699650793656
476.85,539.708425
239.24,278.2137
157.78,160.0307000000002
97.71,184.46138333333326
39.09,39.482200000000056
502.75,543.1212
52.34,92.15331666666663
56.98,72.82563500000002
234.66,55.75687499999997
42.0,60.46406428571429
43.69,66.11522333333332
344.51,359.8516500000002
99.2,153.49979958672216
44.0,46.220768484848485
80.15,103.67267361111114
61.07,85.37537500000002
308.24,280.6545551116339
131.34,139.54296500000015
67.69,101.84252500000002
63.22,58.443618083028085
83.23,94.0882
248.04,158.0105399025974
133.2,135.0604133333334
118.38,86.62503333333339
137.58,64.3144166666667
109.8,102.58108571428569
36.0,36.06561666666666
318.32,411.80314666666663
17.01,34.511666031746
160.52,213.58210000000003
82.83,81.80333023809526
189.9,190.45684333333338
385.36,374.0145130952382
72.14,86.61738955516707
70.35,81.55581537878791
223.72,793.385963344156
106.29,122.67961944444446
216.2,393.99790396825415
200.04,207.42073333333374
223.22,216.8235333333334
18.29,24.503837738095257
77.57,77.5382599999999
132.82,168.6196856565656
20.42,173.29319999999996
65.95,74.32576785714281
320.61,242.31863476190495
199.07,296.3518866666667
164.62,88.0099
146.84,148.6447500000001
80.0,57.02627705627707
273.05,238.69079999999965
126.74,155.86890714285718
959.77,918.6399333333335
335.31,315.18590000000046
162.03,125.0195721428572
113.56,151.01158484848486
11.25,78.74618333333338
314.68,190.31565833333332
216.83,224.9962266666667
261.07,271.73677380952364
519.93,488.2191066666667
194.01,238.73124166666653
107.55,136.37466392857144
552.18,554.3265999999999
36.69,43.21916233915853
520.75,519.0738
689.38,693.8960000000003
37.58,34.65998954128892
362.48,699.966752026307
81.34,81.60338333333331
278.18,169.92135002913753
54.84,49.01731356934738
162.96,162.72099999999975
233.06,237.5534766666665
92.97,135.93078333333332
416.04,413.70125000000024
180.05,155.5159604761904
95.3,99.9947
128.83,130.00226666666663
218.24,218.208566666667
802.48,824.5272999999994
34.0,51.23217588788046
213.58,231.10509999999988
64.28,84.18899452278181
79.7,154.3736999999998
92.32,114.38195000000007
80.88,89.4881999999999
59.11,59.96407943307754
313.43,241.10427500000003
224.39,223.5456999999997
67.18,100.24112999999997
103.59,128.83588166666672
36.77,38.00536999999999
635.19,609.9284000000007
125.92,101.3144431746032
70.49,71.09999166666654
188.0,137.06265000000002
95.56,124.04443333333334
103.16,119.13723333333323
50.0,48.89677619047616
206.67,948.1108000000006
34.09,34.28820000000003
132.57,222.8603454545454
95.76,100.90774333333344
43.1,66.40790512348762
305.69,312.9416099999997
143.12,144.15230000000028
94.39,99.84502354256848
521.37,454.889938327555
72.8,82.80720000000005
2314.82,2570.0490133333324
27.0,42.520300000000006
32.01,42.72475785714286
50.0,53.14486666666669
47.4,53.42483333333336
31.75,34.0137802885625
270.13,166.02537910256405
135.19,148.26430000000005
63.83,120.93479999999987
173.09,240.83138250000005
21.21,77.16050000000004
174.39,84.0574672540467
55.62,54.66190238095237
85.23,85.2246999999998
130.4,133.0073999999998
118.08,178.11871000000008
24.38,29.14610000000002
63.1,57.102627483137795
77.13,89.66394202380954
215.57,105.07019886346306
54.33,135.91207500000016
61.05,65.15360890492573
643.34,647.2562000000001
45.59,117.01639999999979
183.53,148.79945000000012
50.26,56.07325000000001
20.29,20.848166666666646
519.72,508.2756666666661
110.03,365.6125333333335
179.6,179.56680000000011
18.05,17.092676666666698
105.94,143.74163214285718
315.92,315.2213999999994
116.95,117.02570000000001
345.92,350.08619999999996
73.34,78.74305000000005
56.78,61.74682499999998
78.32,98.6446285714286
108.12,63.01800722943727
294.18,385.5011666666666
31.38,31.380000000000074
140.51,119.48614285714285
116.24,164.09948515406154
2.82,28.82289662698411
91.26,96.19390000000016
52.53,77.42885999999996
140.08,346.91224952380963
91.71,151.5315668181818
45.62,80.1181056349206
47.68,47.98489999999998
315.94,316.76779999999974
187.94,193.48119999999994
149.04,246.36208571428563
139.38,158.24040000000005
178.34,169.31736638888881
214.05,213.31846666666664
37.03,38.49962000000007
19.28,63.58609999999995
112.1,118.17459999999994
106.78,106.78100000000009
57.8,85.83347523809522
68.87,69.78889999999993
74.2,66.79222272727267
73.27,77.19029833333337
68.13,68.05910000000006
246.37,252.50419999999994
196.11,196.1100000000003
510.72,511.42410000000035
126.04,166.21440000000032
36.98,41.05316438369684
587.94,310.5281000000001
204.49,206.14860909090928
181.33,105.61826818437754
87.64,91.03352500000007
67.74,58.713333769841256
132.05,132.0499999999998
65.09,106.88869904761904
334.67,431.15320000000014
169.95,195.6228333333334
29.95,44.42051904761907
131.73,131.7299999999997
42.62,59.03850264735257
84.75,86.48788333333334
332.12,432.5984000000001
105.28,110.74723460317468
99.94,122.56900780219785
4.34,4.240234276001773
64.0,41.902171428571435
157.34,180.03832500000001
156.93,131.12898333333348
23.71,48.71586250000002
171.7,201.75191333333333
328.17,341.9586
99.9,129.45644109389906
112.33,114.44103333333331
32.62,32.46369999999993
133.34,94.47140298826778
311.32,317.0478875757575
353.9,348.2666000000006
103.76,90.00639999999997
78.5,102.46599333333336
21.1,24.040559999999964
58.37,83.76415666666666
119.02,136.75420000000003
128.45,136.4570092207793
369.86,212.12137622460875
74.69,86.78530999999992
173.25,189.3165606782107
92.5,98.25045848484848
217.09,187.34830000000005
176.77,183.1736333333334
38.28,38.28000000000008
141.96,192.40817333333334
162.48,162.6497666666668
137.99,137.9899999999998
76.85,91.37218666666669
5.1,29.657999999999983
91.18,102.30262500000012
79.33,79.32999999999994
527.33,685.9043214285713
139.61,141.43816601731606
207.95,230.89310999999972
39.09,67.7634589435938
514.11,612.6295
3.36,39.61570000000004
66.05,71.89952500000008
51.73,64.53509999999996
49.09,52.117200000000054
177.59,197.11116666666666
134.35,184.6732250000001
45.09,52.65306190476194
92.74,93.9462811904762
90.0,106.24574675324673
65.88,50.50357857142856
167.8,146.58307142857123
162.04,162.86417500000036
176.07,159.75783499999986
116.85,137.71640000000002
63.1,82.91233012265515
921.24,912.2566000000011
1.39,94.46017099567096
53.44,53.87041999999997
32.79,39.682342810396115
66.94,90.5621551282051
97.24,97.94229358178038
250.0,187.0849357142853
200.0,434.88169999999946
841.4,798.3304999999997
306.03,339.09680000000003
175.98,175.99219999999968
198.68,206.3605249999998
146.3,73.51349999999988
59.24,107.32754499999979
101.9,118.0869321789322
51.84,62.730133333333335
105.39,142.80127272727267
226.48,338.6238000000001
179.6,179.52840000000012
594.78,727.9239000000001
273.66,124.23430693399555
141.1,114.56231666666682
244.52,143.99054916666677
1381.87,1046.7596414285704
106.15,105.67400999999997
79.17,78.77060000000004
69.12,87.87510952380951
47.68,47.98489999999998
58.07,40.17909999999999
57.11,84.14312499999997
77.42,43.58642661616163
180.58,120.78540500000007
121.02,74.83485333333329
233.55,243.9839999999998
414.11,391.16302523809543
133.08,129.15709999999996
76.08,102.69904999999996
51.82,52.65339999999998
370.51,220.58902420634928
218.37,217.31109999999993
185.66,112.3086777673301
58.19,74.71443333333335
94.74,129.610719069536
38.42,45.7499678787879
73.43,74.84429999999998
37.17,54.68438761904761
89.63,89.635
189.56,189.56000000000003
58.13,71.47758333333333
101.0,81.42034999999997
324.98,268.15089999999987
79.56,119.3078071428572
87.05,70.61569999999996
236.29,233.43275000000057
112.76,111.99561904761913
371.79,346.8540000000005
175.77,175.7678000000003
37.94,59.721261666666635
57.9,60.095566666666585
77.57,164.43863235943047
117.74,129.7607499999999
113.48,283.26987571428555
153.45,186.10529999999994
80.95,106.55241571428567
107.78,109.01029943932286
69.99,70.43949999999991
150.97,148.37654166666678
325.57,784.544952380952
24.7,131.71533333333343
149.64,106.64502500000005
147.69,167.1167000000001
66.74,76.22703333333322
28.02,29.441399999999994
37.77,78.78444500000006
124.53,142.21730000000022
197.7,198.95442857142822
81.6,88.79440000000008
57.31,57.042828571428515
145.07,128.7168499999999
21.38,32.310325000000006
92.9,154.41368748938976
64.87,70.70039999999993
61.63,76.06340555555555
169.32,171.6973666666667
214.27,214.64059307692298
165.54,96.31445607873935
89.05,141.61746333333335
78.19,72.39759999999994
212.83,227.89910000000032
153.32,79.0154999999999
142.42,83.37389999999994
65.4,64.44394999999992
23.86,21.532153174603177
181.96,110.26473442279935
77.66,78.97777313432827
163.07,158.17788333333306
75.08,49.93120666666664
218.91,230.8008629761905
139.7,142.17463166666664
71.88,76.22725000000007
198.84,186.44085428571427
153.22,149.98279444444435
77.99,74.96056666666657
53.52,91.81330101010107
579.22,557.0796000000005
189.32,120.00072308080802
158.35,147.17288654761913
144.31,144.30999999999986
123.69,80.02832379620384
53.99,53.98999999999987
165.72,104.65072271901917
100.19,126.57570000000008
87.97,88.53761476190468
165.96,122.70178664022899
116.61,116.60100000000006
818.01,548.045848898234
408.12,408.12000000000023
97.89,118.90248405797091
279.17,279.6389999999994
19.42,20.23164999999999
419.04,417.4935500000006
76.31,116.13278500000003
105.42,119.2500916666666
33.18,110.23833353849115
114.35,130.780775
649.71,721.4087
102.07,101.72021999999987
46.59,77.25186000000004
77.98,134.0235042857143
83.11,67.46446226689972
234.46,234.45999999999947
53.35,65.27709356421356
87.1,33.988734759129756
287.82,285.9252
47.69,47.68999999999997
170.76,126.32423690476193
44.37,46.83119999999992
36.88,63.845997619047694
92.73,59.88849976190475
37.58,36.52377177750268
107.76,117.76799999999996
217.15,257.97235000000006
45.77,87.98536000000001
27.88,62.71060000000001
62.17,49.019978600288596
42.86,61.777685714285724
59.01,76.92744999999995
51.26,43.22730000000007
184.94,196.7660333333334
37.48,47.350560000000016
15.03,40.289523690476194
77.12,87.81538666666671
104.59,249.70098065537405
185.94,205.72279682539684
186.42,134.16424285714288
161.53,161.5314000000003
56.42,59.034000000000006
175.09,200.56279999999995
128.88,135.42929999999973
67.6,67.60000000000011
289.02,248.02230000000026
153.72,155.05809999999985
123.69,126.35949777777785
363.99,357.2943000000004
8.82,17.07339999999999
231.99,275.60970000000003
619.95,596.1835333333329
56.2,77.00949761904754
138.63,141.53111010101023
105.37,102.49037777777772
26.73,82.6006749999999
25.63,172.96482666666657
86.81,106.60388974358973
135.54,147.7735666666665
148.15,134.35882096705
167.29,167.29000000000045
360.26,364.4731999999998
88.72,142.2522655051861
213.72,235.02379999999985
86.75,98.96250000000003
81.48,60.57204119047616
91.23,84.0574672540467
68.64,68.64800000000011
296.7,238.48780000000016
44.48,57.93028666666662
25.5,24.864847635654673
199.44,202.1428999999999
90.66,88.64383333333322
106.25,110.72489999999999
107.5,135.18975333333327
73.71,78.99766000000001
113.19,132.95982599206357
55.09,58.056950506372374
51.13,60.05645999999999
20.29,21.389299999999984
166.33,97.68811277777772
412.96,429.9031000000001
53.31,107.32506642857145
69.73,91.72457999999995
57.72,57.694500000000005
90.73,135.2923053754579
78.0,57.32840000000001
264.84,272.7892000000002
30.0,60.12414339193449
101.31,132.12799666666666
89.31,108.19057142857145
167.29,199.56188214285717
23.4,21.364600000000017
171.09,171.11630000000008
105.28,105.00376111111116
75.85,84.19986000000004
112.2,99.56074357142856
92.9,92.90099999999984
74.48,81.07473258533756
337.84,340.48670000000016
348.02,333.3360100000002
233.18,230.79760000000013
44.0,33.283199999999994
108.31,113.26918571428568
227.75,240.88484999999994
200.77,258.4740738095237
181.33,105.61826818437754
199.0,199.0
37.47,46.367914814814775
134.1,255.61026666666706
42.96,41.49820000000002
190.9,241.44229444444431
30.0,50.0075
198.56,165.49459999999985
66.78,73.09873238095236
40.41,110.21699999999997
99.69,89.34164117647049
226.9,212.47697063492055
32.59,34.36965477272727
189.26,189.25999999999993
33.75,39.573944805194806
203.16,189.83494999999988
246.24,200.7091231885027
159.56,163.7117
69.24,131.58791666666664
26.59,42.60782500000003
53.9,96.26581266708607
102.96,102.96909999999986
103.02,102.74490000000026
255.6,238.77031318181812
193.92,191.9584
63.63,122.86299452380956
686.09,668.6506399999993
130.09,121.223318173077
104.37,194.14679166666676
135.71,141.66303759712514
107.31,226.3884999999999
240.1,139.22253333333322
116.99,89.99998333333328
112.02,112.02000000000027
839.61,853.2233000000001
179.46,224.0213314285714
59.34,60.242500000000085
133.28,93.43356462076663
100.9,108.8401470757576
126.99,82.03227209956712
105.72,80.3548
184.94,188.5249
161.54,171.65797500000008
159.69,160.44520000000014
56.44,44.86222499999998
28.78,38.682998858363874
191.41,208.37121754661993
457.38,332.7694000000002
69.03,55.44887733766233
76.95,85.18350000000001
146.13,144.98729999999978
101.24,80.02918583333332
91.96,102.74150000000002
368.12,340.63175833333344
116.94,116.94000000000001
177.8,196.15229166666654
41.75,41.75
21.68,33.19095714285714
250.55,130.85799999999998
182.36,130.34908242100096
101.78,81.12080544308996
139.8,84.01677656704558
104.87,104.92050000000009
765.84,637.8734999999988
172.96,174.51739999999998
73.98,74.21394999999998
172.95,954.4801999999985
65.38,57.33120857142859
5.95,57.0494
137.53,137.52360000000022
50.67,109.62675999999998
347.42,294.318437142857
347.52,139.51028675324673
23.38,28.10285833333338
168.37,209.39019999999996
51.38,49.62320833333339
130.27,130.2826000000002
124.98,132.01760000000007
116.84,136.38444050505052
40.96,62.61603333333337
125.51,162.66899397062159
226.48,386.9988649999999
108.84,77.74939460317464
20.0,20.32385043650792
183.02,164.04690000000025
143.12,185.89977499999995
55.15,95.82845999999999
654.41,688.7986000000014
31.9,46.14327777777777
45.86,46.222600000000014
236.58,242.48148333333344
66.1,75.00230477941186
71.74,110.51079999999995
58.31,84.74150833333339
221.1,132.4920000000002
36.78,48.89253556603784
30.95,30.94999999999996
101.92,90.78389666666669
22.29,22.289999999999978
106.78,106.78000000000009
51.87,65.23462214285715
142.5,134.70080000000002
51.76,54.527826428571395
48.23,62.70849166666669
137.64,92.52522833333329
295.67,276.3251999999999
69.22,73.68710000000004
44.28,51.389253333333365
59.85,60.195766666666735
78.7,73.12932000000002
52.84,58.12973750000005
153.96,164.33549999999963
86.85,116.15444857142856
55.56,62.853091666666685
133.34,86.90579188410209
74.94,75.62769999999986
20.29,30.337253333333305
121.93,170.15815349206355
311.1,298.54919999999953
73.4,73.93709999999989
146.46,180.52915405094905
110.4,126.36915714285729
113.33,119.80235333333331
113.42,121.15790000000001
114.0,153.67620000000008
84.56,122.95585190476186
166.29,167.56140000000025
199.49,300.19930000000005
75.75,59.91670000000001
146.91,144.3714285714285
128.88,128.87999999999977
128.02,130.32340000000022
122.5,130.6517411214928
65.9,92.03766166666668
49.11,50.35385000000002
102.26,104.26851428571439
46.82,45.14760833333333
122.75,467.92114523809533
164.51,180.3683
87.07,89.67212703463208
14.41,90.50611428571429
44.42,44.49600000000005
184.06,216.17549999999994
227.12,209.04820000000007
286.2,143.5706500000002
291.76,290.82049999999964
73.03,80.88953638329893
45.77,50.82853785714289
478.33,478.25100000000106
92.57,105.6672306356067
661.08,589.8857333333343
37.28,44.87051333333332
166.02,205.4845
56.85,32.50551130952381
120.87,78.18093333333327
80.34,148.74639999999982
102.0,100.14779999999999
139.61,145.02324277777782
91.96,95.90110999999997
521.37,454.889938327555
50.0,221.33195636363655
106.38,101.83211199166475
712.89,414.02490999999964
53.27,53.817600000000084
232.09,231.84847468253975
46.05,64.23373
87.83,116.48009285714288
73.74,67.22769999999987
102.03,108.05798514376802
16.38,17.042633333333367
52.85,66.76475714285709
203.3,204.99289999999965
157.07,161.48794759129748
110.39,578.4625558585851
28.22,47.06009999999999
143.04,144.40860000000026
75.86,83.78717333333333
106.29,107.0413833333335
50.0,107.72879999999995
55.62,55.38839999999994
186.08,191.1355387490287
155.06,190.1697766666666
31.38,31.771900000000073
187.65,267.2244259615385
339.33,273.3966000000005
155.64,155.65869999999978
105.07,106.73164999999985
140.94,73.6623566666667
65.13,95.18412648018648
34.95,50.74729999999995
202.12,199.81100000000006
439.33,458.83449999999954
178.36,157.1669000000002
410.0,321.4082
94.4,98.56136072126029
52.05,58.508950000000034
218.95,235.3862000000003
126.57,126.57679999999982
82.72,87.29593333333332
63.15,70.44297499999988
167.42,219.2909516666665
45.09,48.154300000000056
220.54,58.500928571428595
67.94,75.86921666666659
112.21,129.66414750000004
102.02,92.21537166666685
121.7,157.56839999999997
157.24,157.15209999999982
48.21,56.941899999999976
116.9,129.02271666666672
338.88,140.69400000000013
349.99,336.0296016666661
135.6,144.68969999999993
297.79,311.4973
63.6,74.28697638342051
79.52,137.50426666666658
353.7,169.33120865911863
154.72,152.39083333333323
118.65,118.6433999999998
1053.84,1043.5015999999978
133.0,170.185225
30.0,54.11556229114451
86.58,68.18257769480516
166.59,202.07956333333328
213.83,238.2678416666666
37.29,43.45872
92.9,100.17173000000014
102.75,102.1186
31.75,34.0137802885625
99.11,98.18838333333329
87.16,130.93243763897425
38.28,38.28000000000008
259.15,255.60590000000005
54.87,63.41859999999991
39.34,46.07943261904763
67.43,80.45670000000001
97.66,101.9611999999999
150.83,150.86239999999995
933.12,912.1091999999995
81.43,88.63113333333345
56.0,36.32853333333333
192.69,193.1026233333333
311.56,306.4318000000005
57.99,57.98999999999987
130.3,168.03903686868688
38.86,29.09404666666666
29.7,38.742000000000026
208.68,182.4660333333335
116.43,127.70037499999998
121.18,123.77185833333345
62.39,67.48198999999997
73.2,60.988631666666606
143.83,143.83569999999995
51.38,39.16662500000001
86.44,113.93537333333333
70.02,73.25709761904778
1841.75,1675.6605066666668
39.15,30.185619642857144
115.02,196.64093460317497
69.9,84.01677656704558
176.2,178.6651000000003
136.37,148.14472500000016
105.28,114.74879774344657
158.82,174.2579
67.68,69.98150000000001
506.02,286.80989999999997
119.97,44.61400000000003
63.27,120.44865603129297
68.97,66.32249500000003
34.84,30.896951666666673
41.2,47.24793333333328
171.16,102.16631166666666
69.77,126.95186238095248
175.28,85.76885396825406
310.08,221.81889999999996
108.84,57.89932000000008
61.01,67.19031852748535
458.43,421.9230000000002
231.95,494.79179999999957
30.95,38.18559333333335
179.15,227.43951142857145
1757.41,1777.0038999999995
32.03,112.11190000000006
52.01,52.33115555555568
12.95,123.65499999999999
18.37,17.9623333333333
160.49,105.7606373809523
341.33,354.50950000000006
90.98,110.26473442279935
81.71,82.14292499999999
175.64,179.33645000000007
117.8,69.86077658730163
113.77,116.64495999999997
12.89,33.090480183982685
110.0,96.95577750000004
116.3,384.5616037337659
70.38,85.72662166666667
522.34,333.49977999999976
416.44,245.35995
219.15,222.4918
67.7,59.16967857142852
556.86,460.84900000000044
74.91,88.33418928571432
74.51,75.93902500000007
20.0,40.289523690476194
413.15,224.50689999999997
68.02,86.75892163718642
357.03,357.2757999999998
83.59,95.07471000000005
167.87,179.11030000000002
96.01,96.01000000000016
195.72,135.85386000000008
33.95,34.131916666666626
176.15,190.38429999999994
66.7,75.2897598809524
84.57,111.89101964285717
96.3,53.4288
163.65,252.72098333333312
52.15,57.364200000000025
49.31,71.70563826554468
1220.73,1227.0346
162.25,162.25
106.95,203.1945000000001
274.39,275.9053999999997
270.43,294.8359999999999
100.7,47.91328499999995
21.04,48.11381000000003
103.91,157.44407785714287
36.85,94.31207000000006
39.84,45.30071990940461
178.27,181.84280000000024
34.24,51.536811666666665
50.94,51.805016666666724
962.31,962.3099999999987
84.24,122.61319999999999
73.34,72.80342857142864
99.43,99.32370000000013
217.26,222.01579999999979
72.45,155.79268750000006
100.48,130.9225
120.09,121.15750000000008
73.48,136.36069555555542
173.85,321.540374444444
62.0,77.14835999999997
76.62,78.24939999999994
369.6,369.59999999999934
229.14,180.6943666666665
99.9,129.45644109389906
146.3,200.0278999999999
73.76,73.96220000000015
179.97,202.89424000000002
243.29,64.84790000000001
78.18,79.70040000000012
552.24,552.0631999999998
1642.11,1638.0564285714304
300.78,157.3054199999999
139.17,211.31101111111096
62.98,89.0286679365079
248.8,170.1470833333334
129.11,131.3004000000002
49.13,86.8706038095238
154.74,179.27187225108224
122.4,164.68955666666665
26.45,26.44999999999998
54.87,65.08273000000004
290.0,112.91560102369849
44.09,44.09000000000006
27.38,28.447845238095255
435.57,436.98790000000037
202.77,206.20718309523792
450.42,446.711699999999
178.36,229.93930000000012
137.48,151.46899999999997
291.37,333.3883666666666
62.37,79.26920473684207
164.28,119.46928259259252
126.88,112.39310142857131
46.69,58.166400000000046
88.29,94.13140666666672
609.9,578.1984249999994
105.38,105.8460065512905
284.81,606.0839450000002
38.63,50.93970428571431
161.21,170.50105833333328
94.31,157.40182497113994
52.26,55.90021111111122
374.67,288.83010714285683
142.43,144.49500000000018
209.91,299.6327721428571
31.86,40.28309047619048
179.6,179.56680000000011
5.3,85.01611666666656
87.76,97.71733333333337
51.78,84.72762142857144
31.77,31.029637385299495
146.35,147.96349375000008
102.03,108.05798514376802
273.88,277.30660000000006
96.56,114.97054666666665
48.72,93.93028888888882
283.88,289.92110000000014
46.69,49.03070583333333
208.56,211.29529999999994
62.08,66.75169999999997
108.18,54.08910000000008
138.5,170.47494000000003
70.17,97.27435000000001
143.49,109.95960714285712
39.09,81.16225333333327
103.39,107.39772166666667
85.8,85.8000000000001
105.38,116.29127618048621
30.0,30.540021249999985
1221.39,1376.2027000000003
169.67,194.1158276190477
222.04,107.26006095855266
63.5,37.730106269392884
84.14,99.6941647619047
45.53,44.44106000000005
78.94,85.90394
113.92,115.85121928571427
5.37,74.18015187925295
310.5,212.84929821428565
103.51,40.03320999999998
87.36,96.09034166666672
209.21,211.66499999999962
33.85,35.62141511904763
711.07,466.50166833333327
67.36,91.38800698412697
39.08,82.26461666666664
76.86,77.44156666666653
143.35,164.0640400000001
27.38,26.821683333333354
91.06,74.76658459024642
37.09,37.88135000000004
52.46,55.175000000000026
185.46,119.25137564285701
43.1,48.650111123598634
117.85,129.2947418803421
158.68,159.03735000000015
172.66,184.72618245341616
46.39,48.59694000000001
54.43,95.91469999999998
40.09,43.56093750000004
52.01,70.31705714285712
66.26,47.50920333333336
167.14,180.79739999999995
414.0,400.39004500000004
112.43,111.08383428571442
391.71,410.0823333333335
732.68,728.9721499999995
266.55,287.72409999999985
116.85,118.58130000000016
30.69,38.24181551419425
135.45,41.3461795238095
229.28,288.1197000000001
1.77,13.894820833333327
297.35,304.45115500000014
32.38,49.224118051948054
283.78,206.18068817460323
17.1,22.29629999999999
310.71,115.86653888888887
59.24,130.59451329630386
110.25,57.839096230744154
66.24,75.34313714285719
107.78,107.75550000000007
160.37,144.3726
73.34,108.55581857240627
224.1,290.294935064935
124.21,85.20929999999997
99.06,49.04274999999997
42.0,36.92327007575757
41.95,48.53197007575759
31.75,37.730106269392884
108.56,59.28111083865724
1087.44,699.966752026307
38.48,49.86259583333332
37.78,42.971820000000015
102.82,143.00938888888894
48.09,61.65424500000004
271.83,324.29915
44.08,56.787804444444426
136.27,356.2310547619047
33.11,41.175442142857136
371.54,373.1494999999998
150.89,179.37779999999978
45.67,67.11944166666662
58.27,74.12227500000003
116.9,86.62819297619048
180.36,150.96100000000015
71.62,71.6199999999999
97.78,112.6426500000001
43.42,25.121728333333316
43.0,48.33068582251083
121.5,132.84546642857148
159.3,159.31669999999974
65.71,71.00160000000002
63.13,80.54681131673875
290.4,290.4000000000005
263.61,252.3523000000002
57.1,64.3811916666667
98.23,105.72084999999997
193.02,215.25806000000014
43.69,73.26240727272729
165.29,126.14479547619054
44.0,44.0
97.92,97.92000000000006
56.54,35.22831396825394
31.99,36.131926190476214
176.66,186.13903999999988
48.0,79.33077619047619
50.56,63.01060000000006
358.14,365.2969000000002
224.78,234.03020000000026
267.66,287.09970000000015
20.73,143.94019999999998
103.12,103.31950000000008
114.25,120.17652182539685
66.69,90.45367825396826
135.09,150.75474636363634
406.92,362.86168809523735
105.53,231.23589854251307
2.23,123.29048922799414
62.01,62.01000000000015
34.39,37.8997
500.17,506.45090000000016
334.77,427.77809999999954
204.15,287.4586333333334
351.48,302.4763749999998
30.21,116.86156051658261
57.69,57.672099999999915
47.5,49.47705
109.59,109.67650000000008
55.38,55.16647000000005
105.52,104.53000000000021
148.49,162.75052803030306
98.84,68.94484823522347
99.9,129.45644109389906
82.98,100.94113787107743
173.09,297.3978466666663
60.01,69.2617000000001
7.68,26.45698000000001
69.52,80.987441025641
103.93,104.86840000000011
144.31,144.3214999999999
108.44,115.64130000000004
227.28,247.9773600000001
105.28,114.74879774344657
55.96,57.005500000000005
50.0,141.77850000000015
19.64,55.793450000000014
111.6,111.5983000000002
39.82,61.326349999999984
65.11,72.0941431529581
158.07,156.8844833333333
88.27,88.10830000000013
142.99,152.2335666666666
220.29,94.31811759259264
86.92,124.22294968253969
96.37,234.29858589743594
253.18,260.36708333333337
62.82,66.43388786842101
129.66,142.93894999999992
99.15,109.51722727272721
71.27,73.07385192307692
46.63,99.15408181818181
168.45,168.62520000000023
256.33,259.39317666666676
85.08,70.8351444036807
108.0,97.44940459475109
162.65,165.91850714285695
37.9,27.809625660643704
61.43,74.5529816666667
56.92,77.48866333333332
82.83,110.71574678571426
38.28,48.321540476190464
27.77,27.769999999999985
92.26,104.52973178571439
110.26,124.12119375000002
155.65,390.4783682539682
128.05,141.84596539682542
391.45,426.9102999999998
73.49,79.69713333333335
20.03,20.029999999999976
323.72,178.84848172161176
116.67,156.86874547619024
146.84,220.46970111111116
76.9,88.01736666666669
155.98,155.97999999999968
760.32,726.0322000000004
85.6,125.66520000000006
48.23,64.20553666666667
226.74,137.99257999999986
147.3,136.20039999999977
64.76,53.78070000000011
4.31,37.68005333333329
66.9,61.907599999999945
587.5,650.0527999999998
314.88,291.7849365800866
1787.72,1739.8933049999996
7.42,78.16639952380962
119.57,119.57219999999985
188.34,209.73658
207.25,304.44423333333367
96.22,111.41051428571421
178.54,155.4693300000003
129.99,220.79994000000016
41.29,41.74689999999997
27.68,49.276510909090895
230.0,133.4438999999998
156.22,213.55006046176052
47.67,23.864833333333358
53.01,52.404325000000114
129.27,119.16040000000025
57.68,70.73883684315692
45.68,64.2762
163.13,163.27549999999965
50.1,60.844763333333304
136.74,283.0236699999998
54.0,73.66071666666672
197.7,186.6004906343656
208.78,216.6129
24.71,32.62208749999999
122.5,161.50190388888893
354.59,352.1760666666666
155.38,95.99328833333328
42.78,78.79882666666677
64.0,64.0
103.64,105.55623333333332
38.23,50.95249
130.38,118.49906874999986
102.64,88.71902666666671
75.65,84.34452515151514
159.62,101.71042615079367
195.0,195.0034
800.0,345.0828666666663
91.68,104.28882499999992
76.94,86.75987916666664
54.52,69.36315701298702
67.83,81.04106666666661
105.37,98.38322564376833
39.0,39.48740000000002
473.36,290.50816666666674
155.18,189.7669500000001
157.36,157.6206000000002
739.72,723.1605333333335
217.57,236.15407500000003
98.61,108.61527500000003
359.91,680.0051857142856
190.35,267.1783999999998
35.09,35.090000000000046
120.98,132.48281000000003
235.5,192.12199999999996
15.38,15.812657857142872
78.64,94.07980000000003
114.79,114.80180000000023
128.54,217.30150000000037
96.69,66.87275333333326
30.7,55.7983733333333
136.51,160.3554666666666
84.23,153.99075515873002
90.05,90.05000000000004
57.96,78.14480714285719
128.46,143.7926999999998
38.04,63.43824999999996
355.78,187.4253273015873
920.94,779.7330128319143
179.24,177.78839999999988
140.08,346.91224952380963
37.26,42.84797773809525
250.0,112.26498746753232
144.86,638.142906257875
165.59,232.7737249999999
289.83,257.18381404761914
57.93,56.84428333333335
494.1,439.11666964285655
125.5,145.58970000000005
57.12,130.03615
91.69,128.83105833333337
331.41,332.4925
1951.95,1807.5424250000017
75.42,100.6848547619048
287.0,244.4120970592445
32.6,34.26854457875459
216.51,374.0216000000002
49.59,52.32574761904763
46.28,74.41916245421244
339.03,335.03569047619055
240.47,269.3048016666668
151.79,162.40310000000008
60.0,70.05289428571432
29.56,18.181106204906204
31.0,30.705709090909096
238.98,250.50246857142858
28.99,27.13221014492754
100.6,152.96748655511158
42.69,49.45144145276293
55.97,59.74000000000003
165.14,171.55740000000011
90.92,80.10632307692313
142.82,144.0158166666666
43.08,54.37630000000003
197.03,266.2654848727658
337.0,554.0885666666662
59.82,63.165599999999976
73.65,73.64999999999988
370.33,444.8206999999997
236.32,247.92885785440612
37.09,94.65739999999992
220.02,220.00820000000044
112.12,112.12000000000015
147.06,90.92542000000003
168.29,290.65689642857143
88.31,80.94706000000001
223.26,145.5677000000001
74.64,82.3053000000001
139.15,143.31079999999983
70.12,123.02347
91.05,91.05000000000004
114.75,111.22886576839828
149.09,147.62044166666664
109.23,101.2483999999998
688.24,707.2343000000001
44.09,44.19050000000006
43.01,44.108783333333434
465.42,235.44166400693263
87.92,76.32220000000008
23.87,39.95281666666662
46.8,64.32152666666673
445.4,428.44075000000026
484.76,387.6991664285712
165.8,165.7999999999997
45.61,124.23430693399555
47.69,66.36335333333335
299.06,314.0888069597071
332.12,461.0413571428569
159.09,184.4308999999998
192.26,237.99462357142852
56.39,51.064147529406846
115.12,150.8828476190477
168.76,206.78629040293032
195.13,195.49943227272715
457.2,410.98519999999985
178.27,178.27000000000032
162.15,180.45259166666682
187.89,209.59080333333335
30.24,39.67234999999998
217.8,206.13969999999972
31.22,47.79874361111111
72.22,72.40798000000005
34.84,34.51965905797104
318.0,239.44521222222232
197.26,200.14218690476196
69.7,72.74404999999989
44.36,46.241600000000005
451.75,295.1779399999999
353.4,316.21730000000053
52.58,52.569899999999954
122.97,39.58346087301586
35.56,24.55127833333333
73.65,73.64999999999988
235.28,281.03040000000004
255.83,385.63154999999983
163.25,162.68040000000002
64.2,40.08181277056276
180.6,180.6894000000001
95.9,69.51573222222216
179.66,162.05823649350646
908.84,910.2604999999992
484.86,430.22200000000043
132.57,222.8603454545454
167.12,48.89253556603784
116.68,165.71189238095238
98.14,98.14000000000001
147.06,138.24423040764782
115.7,116.6220025000001
53.9,96.26581266708607
39.62,42.28892619047611
55.96,66.4101919973545
47.68,58.57524460317466
104.22,114.32763333333328
8.25,60.70043333333333
111.61,112.07864285714294
124.34,136.59233333333316
161.54,118.49471857142869
216.42,74.39304595880785
90.88,116.86156051658261
347.32,347.2276999999998
35.57,53.625426577022345
97.8,98.84719999999999
76.29,111.2910648809524
44.01,49.11763327380956
122.92,115.1886
43.88,49.64985000000004
159.51,175.5855000000001
376.12,191.29341916666675
177.34,180.58467166666676
158.22,156.68899999999977
91.06,74.76658459024642
56.69,72.67308499999997
189.96,240.91828769230779
214.14,214.2156999999997
57.14,54.84489999999997
61.18,98.53250000000004
503.71,245.06686403679646
42.86,45.26813333333335
56.31,61.79298000000001
23.78,24.509600000000013
223.8,240.4241499999997
106.89,164.18810000000008
115.35,164.5140071428571
189.57,187.26397833333328
10.33,57.02560999999994
105.38,105.8460065512905
27.25,30.081700000000037
117.45,118.48025000000013
24.38,29.712083333333343
119.48,119.0911999999998
140.08,222.0400504758975
1832.54,1928.1122999999995
193.53,193.98121666666677
50.0,46.904433333333344
45.7,20.633119033189036
29.0,28.62386525974026
69.24,79.83463999999994
570.98,569.7194000000001
91.49,104.03890666666659
116.9,116.89349999999988
21.77,28.784016389863986
45.09,77.13636619047628
49.73,103.5599283333333
442.63,491.99430936147155
456.85,403.72871999999944
102.27,114.83150000000016
1915.13,1958.8409999999992
90.6,95.14850000000013
92.9,92.43414999999987
42.61,56.136483333333345
156.92,151.75340000000006
21.16,21.238500000000027
370.23,370.8948000000002
377.07,374.79163333333315
321.58,321.57000000000085
48.37,26.790492222222223
69.43,89.15421333333333
260.0,252.47113833333322
34.78,34.043966666666726
108.31,199.2597892282718
49.77,37.31113902597402
44.0,44.24186428571427
108.64,51.363833333333396
273.69,206.38303571428568
310.81,331.70569166666706
168.51,85.28745809523815
56.61,59.79771333333332
102.53,104.83184281468537
40.09,38.747625000000056
63.42,72.97974999999998
31.77,31.029637385299495
244.15,244.1500000000003
53.13,65.83042333333336
82.21,96.26572499999993
276.84,244.97135833333326
71.8,74.08866863095244
80.65,86.69035000000011
99.9,129.45644109389906
127.02,127.0200000000003
35.13,37.27212000000004
110.41,404.0710122993673
19.64,27.34821459752754
139.52,158.45423333333366
86.06,114.8789722710622
206.54,255.17379999999986
74.38,102.6173607359307
121.09,121.09590000000011
336.98,294.9248071622819
143.54,165.53915833333332
64.26,58.55016000000013
162.89,162.89999999999975
71.82,49.46207333333332
107.5,169.07544913043486
134.59,136.61724666666674
665.44,681.5141000000008
75.58,68.64263333333335
36.02,23.994266666666622
65.78,74.41372555555549
250.39,250.12539999999973
25.47,21.83454985209236
917.73,916.5268999999993
321.69,100.57975595238098
111.42,138.38936304347823
27.77,27.769999999999985
72.73,89.35961964285706
1110.59,1115.1732999999992
92.57,105.6672306356067
220.02,99.41987256251826
64.02,37.81080000000008
131.73,131.7299999999997
106.39,108.47607846560851
53.95,56.02293333333331
117.94,117.94000000000004
108.39,102.12220666666668
230.19,247.7048533333332
66.1,72.52767142857152
61.32,42.686163552552955
324.7,359.26149999999984
77.06,78.57390000000007
147.15,147.14999999999975
676.8,522.7097974025976
42.78,78.48976093906099
52.22,53.86910000000001
214.0,266.154666706349
302.55,171.41437738095232
32.96,88.14325621933624
165.8,167.5829999999997
45.46,80.10632307692313
287.0,256.4698608585859
64.42,69.71087000000004
95.77,128.58147500000004
91.33,104.62923190476191
126.68,202.75952888888912
621.35,353.0006083333332
51.6,64.2761961904762
84.48,81.86277666666665
45.78,55.767861904761915
100.34,108.28468599557283
361.98,364.91000000000014
255.96,287.45409999999976
69.9,84.01677656704558
420.94,495.01574999999974
122.47,234.31080186716895
173.29,209.09671666666688
163.25,163.25
109.17,64.6763892496393
36.32,34.15651666666666
29.88,36.03671153846155
31.92,39.32470000000005
137.99,138.3476999999999
42.06,59.39012500000002
84.15,109.90457561451707
105.13,106.8941182352941
68.82,91.64415
205.18,223.0975
207.55,202.09353333333303
96.8,117.31929523809531
7.83,25.500122222222252
314.66,314.59109999999987
85.77,116.2226085714287
29.63,88.34445666666672
998.49,687.4186999999997
122.41,123.35854999999997
79.29,106.69340357142866
229.79,239.36890000000017
357.91,391.27318333333346
50.53,52.785769999999985
204.06,226.29761666666676
270.54,424.23889571428634
221.78,236.127057142857
65.0,65.0
78.44,80.45724999999992
90.88,119.32733844597541
46.53,64.87335753968259
129.01,238.91657757936525
2036.04,1958.9936000000016
115.35,114.7269496520147
65.93,84.65284000000001
73.76,73.96220000000015
33.88,47.169630151515186
921.05,920.884800000001
263.52,317.2023036796539
358.89,376.38721333333336
68.22,68.18657222222227
106.52,106.36771666666672
54.28,64.71532857142856
62.77,102.40629595238103
127.92,127.92330000000005
263.24,267.6416000000002
66.45,32.44315999999999
355.58,206.53185000000005
124.93,110.00881111111104
29.1,32.551959999999994
485.94,481.4575000000004
67.13,67.1300000000001
81.6,94.28112999999993
65.53,106.37696
89.85,96.93566666666669
40.0,54.767384704184714
61.32,77.14825818181812
103.26,133.31868581477744
61.04,56.156983333333265
70.89,91.05064111804863
64.62,70.34687283426541
65.89,68.34960000000007
85.99,120.48298999999996
195.0,195.0034
87.72,87.67510000000004
140.08,151.9281788947164
114.15,152.25593333333333
169.14,179.95949999999985
1.63,20.633119033189036
39.1,49.38035000000001
106.16,110.23833353849115
17.39,20.48183952380956
79.98,79.97999999999979
1367.23,1429.2747000000004
64.08,102.74527827034076
97.87,121.05858765873018
719.37,740.7714999999993
123.33,85.62623833333328
169.38,210.72340000000014
60.95,103.31489345238086
249.02,162.09019916666682
321.2,194.1123470473971
176.69,214.7767496153846
95.21,151.16015212121198
107.66,132.39367133540367
537.18,460.9093899999999
32.32,73.04164318181816
89.45,115.18480416666672
67.5,105.45515648349101
81.57,81.72695714285705
1310.95,1259.4515499999989
678.82,312.1450999999999
7.83,15.053752807001537
74.3,66.42256666666675
1427.04,1013.9538661111113
235.9,243.08115476190488
422.03,470.99274999999994
28.93,29.85127142857141
65.01,65.01000000000015
365.2,363.9376000000003
263.47,66.34031494005997
836.16,839.4625333333335
276.85,410.26878333333343
383.25,279.7418000000005
155.65,155.4323000000001
48.69,60.74130666666668
38.27,38.83329999999999
92.87,92.93060000000001
209.36,272.99044
29.41,44.947205000000025
6.6,56.26075432392262
39.6,45.89493613105161
115.35,114.7269496520147
313.5,352.7779222222222
133.76,136.17850000000007
258.45,162.49906666666664
48.95,49.34889999999993
70.4,116.97419999999997
138.24,140.15989999999988
77.04,27.86110404527887
273.2,136.57600000000025
58.28,61.76653999999999
53.23,57.9391785714286
20.0,33.475942026592705
443.58,274.0857936904764
25.77,38.434846666666694
269.53,282.409
102.66,102.65809999999989
474.97,517.3986999999997
35.77,40.9768137017231
89.45,103.68193999999994
108.79,152.78779999999995
184.03,184.03000000000014
131.94,81.942293487395
41.0,45.742766666666675
101.7,101.56880000000005
132.29,88.10219999999998
24.72,32.52666999999999
85.24,74.924445867074
396.24,178.91420978869283
299.0,286.5944000000001
31.96,63.80753174603173
75.72,78.89092937479194
35.23,48.134395129870136
92.32,107.75099396825395
205.81,280.50306249999977
189.37,190.94226874999993
294.14,175.84924333333325
193.38,167.28019999999967
82.55,83.86836666666673
285.3,159.8724333333333
193.54,146.0674978210678
629.63,633.7686999999994
26.71,50.58203780847808
57.51,57.872466666666796
395.17,104.61529999999992
833.08,620.2459333333333
173.85,240.30986487262726
97.56,80.6598000000001
60.26,53.495985714285816
151.58,170.57104000000024
85.36,84.26625023809511
185.1,96.96610000000003
106.95,119.0548000000001
559.85,558.1506999999997
227.24,198.0736333333335
50.44,51.64611368421055
80.2,90.12219999999998
90.88,116.86156051658261
79.78,78.61711749999994
86.18,97.617819047619
171.55,187.91011999999998
137.6,143.62358474310727
81.91,105.19587043650795
56.69,95.24141666666667
123.18,126.56160000000013
119.68,60.967050000000064
104.3,99.81269999999999
128.02,89.09738712675355
31.71,31.73770000000003
173.18,181.03231250000016
59.8,66.88750666666668
77.25,82.88382333333338
210.36,197.6432000000002
57.54,66.80240000000005
34.51,33.59073000000004
71.14,60.55671484406992
868.93,954.3010999999989
223.27,425.9583000000005
76.41,125.86395857142868
122.06,136.64820000000012
237.78,284.82008750000006
64.65,46.91464954906204
267.68,166.37852222222224
97.3,102.43142500000008
53.95,53.9478999999999
141.23,139.79218999999983
195.86,237.16771761904755
33.62,43.583718333333316
34.8,47.59764809523811
176.87,199.2043999999999
64.0,64.33388333333333
153.09,154.5869000000001
109.56,69.23200071428576
84.64,97.98240000000007
61.01,67.19031852748535
34.59,45.4971191666667
23.33,28.092558333333308
24.75,20.076084920634926
325.12,408.87556666666654
63.52,64.39114411764722
63.65,63.9173125
111.89,111.88999999999994
953.71,447.1565333333332
185.21,84.27867999999997
68.13,69.92838333333341
163.81,39.76459933788435
120.98,122.6400999999998
189.68,181.56631166666662
20.77,44.46724809523809
166.99,169.06349999999992
138.6,138.60000000000025
37.37,45.73274652232619
69.33,29.063882559523805
169.64,194.09387499999997
40.1,39.74732857142853
344.51,359.8516500000002
27.69,27.28730000000003
162.48,167.59450000000012
31.0,51.146277777777776
79.0,87.26444999999985
106.87,266.1831499999999
5.56,46.37762138930515
50.45,73.371565
44.09,44.09000000000006
28.08,34.38889047619046
100.36,100.66220000000001
315.76,316.26164999999963
1498.46,1382.67825
115.81,122.08020000000012
60.88,78.55895666666672
91.42,238.6940615218116
47.98,67.50946681818182
121.12,108.72512500000012
170.69,169.54261000000002
29.22,58.647966403596385
150.2,192.51699166666654
235.28,230.69290000000004
47.32,92.59304285714285
156.99,204.58863999999986
168.2,168.2000000000003
86.34,79.22940000000008
117.24,104.43749999999987
77.57,128.49826210518762
64.1,64.1000000000001
66.01,95.74708185897441
80.33,88.73323999999997
31.42,32.18670000000006
14.69,24.50304722222225
52.14,35.59894888888889
115.45,216.2717499999999
84.26,105.11194999999996
141.94,94.42549048840047
158.47,151.92136666666642
44.56,157.82647190476197
76.17,100.29108396825397
456.31,501.4523999999999
68.45,32.0393
175.77,175.78880000000035
264.91,276.44629999999995
54.1,68.72969999999998
30.95,30.94999999999996
124.52,124.5200000000003
1522.99,1495.453099999999
43.22,57.14874999999994
549.7,549.6576999999992
58.71,115.63639333333334
589.0,589.0
67.63,75.1400166666667
32.43,52.71621060439561
61.22,103.34902499999993
362.0,343.61060000000015
99.43,108.91660972116259
94.47,131.781575
262.12,240.17937499999996
162.03,164.66250000000008
156.15,179.18380000000002
63.59,63.76553666666667
73.06,64.2123333333334
171.77,196.0332999999999
49.56,61.806420000000045
55.05,33.527540158730154
104.15,138.206
206.99,165.29728333333324
119.04,132.27653264696087
82.73,18.049128528521443
570.71,635.0375999999998
75.07,79.32769181929174
90.73,114.71416212121204
116.83,122.66480000000008
210.73,211.22677499999998
43.0,44.238551999999984
114.84,139.98281558441565
20.0,26.069691428571442
30.1,33.44319999999996
67.58,68.60787666666664
52.04,62.97779999999999
79.56,76.24596666666669
780.68,773.3543650000003
27.38,37.43274833333335
307.12,348.1598
54.98,60.11983257936506
299.96,264.0803909523808
106.38,101.83211199166475
418.35,416.0356000000002
188.38,158.01809999999972
772.08,736.1668333333333
252.78,127.63619999999992
308.95,314.58649999999983
58.2,39.96153869047618
413.58,413.580000000001
74.31,69.90295333333346
47.13,50.53630000000008
180.26,194.31409846153846
34.42,36.98840000000005
26.35,22.79391220057719
77.89,143.3379886904762
57.78,81.68402590569563
53.6,81.52511799999994
81.5,81.4184
180.55,197.35819999999975
16.16,74.39304595880785
38.23,43.052099999999975
82.73,18.049128528521443
137.31,264.5880271428571
29.1,31.71219999999998
3.02,36.718099269480554
125.0,354.33264429181924
33.69,41.72412000000004
201.45,228.2811999999997
242.1,221.20861282467524
54.62,81.761410995671
13.15,22.405758333333353
44.0,59.48950194805197
372.84,364.28159999999974
33.99,38.956695324609115
62.43,68.37248000000004
166.65,270.89649813186816
168.82,175.95430000000016
20.0,132.83593968253962
688.44,687.9270000000004
93.54,119.70687499999998
106.87,106.01240000000008
220.34,220.09150000000002
368.92,368.93569999999914
165.7,194.92785567460328
87.83,75.94752499999993
91.18,130.34908242100096
45.79,68.21304999999995
128.76,145.77100000000007
153.72,152.2407999999998
81.37,57.454350000000005
112.59,115.83225000000013
38.1,38.10129999999994
109.81,124.4282572727272
45.91,79.69363333333332
55.09,58.056950506372374
46.0,44.76839200130819
335.16,391.83487
263.03,213.1178499999999
138.53,141.48207500000024
2154.82,1574.0874216666673
85.41,85.4177999999999
163.53,147.39249013599027
27.1,27.304099999999963
181.92,180.99160833333318
80.09,87.48280000000003
213.54,228.36832857142832
78.78,85.83740000000002
71.35,97.00833392857143
276.59,307.12240000000014
64.22,67.15705
125.42,146.22714264705894
166.11,227.7260835606061
36.78,40.063274871794945
595.49,525.5839614285716
125.34,129.36790077922075
395.8,410.24125000000043
100.25,140.50011666666666
104.72,81.97430000000004
80.44,60.972519999999975
225.7,305.65800000000013
262.16,261.27403333333325
59.6,81.4721742857143
200.24,193.7198000000001
197.72,213.211
261.16,265.8014999999999
80.44,85.69122666666664
64.8,65.79975000000009
39.78,42.06886
377.46,384.8432
84.52,84.9895400000001
74.59,66.37412000000008
67.14,85.40876666666666
148.28,148.37930000000017
37.6,42.40230359548992
59.24,63.20709999999986
88.16,115.12520499999994
133.21,133.8903599999997
78.2,106.4619180952381
114.28,114.35360000000016
364.65,279.0001361904764
129.49,131.78525714285723
185.2,214.95249999999993
34.36,35.787058333333356
486.27,867.4425433333338
610.92,636.0773999999992
152.4,140.96373454545434
309.28,256.0665792829392
113.11,112.09564000000006
235.54,173.39991124286797
117.85,104.838566769926
107.38,57.26222166666678
71.06,86.71669999999996
419.39,424.9729999999997
173.88,234.0958771468577
664.17,516.0920335714277
130.02,98.4005800000001
283.02,323.56950000000023
71.13,73.30136666666675
340.07,324.12983122080783
95.78,65.4915840476191
60.78,67.63855333333328
92.89,125.52004000000005
226.88,187.35009999999983
136.71,167.20054571428554
41.11,42.05620000000003
156.27,161.78884000000008
97.44,93.93028888888882
293.46,293.4914999999994
185.21,217.5757966666667
73.56,48.89253556603784
193.32,146.3218571428573
128.94,132.24908686868685
143.52,181.49522499999995
71.64,70.23136666666673
234.78,274.81734761904744
856.95,851.4327600000001
36.69,42.58996906926405
108.84,94.64717333333341
284.73,254.3296399999999
54.38,61.056968181818185
137.6,143.62358474310727
135.87,140.58233142857148
76.19,268.11259999999993
107.85,314.2208749999995
30.77,32.98046222222226
160.81,163.83642500000002
49.33,58.73897333333331
72.64,80.16974649122804
43.3,61.89221428571435
116.24,164.09948515406154
540.76,540.7600000000003
102.74,125.36119999999984
111.19,117.19578333333335
75.25,252.18659503690756
90.88,131.9685790476189
94.84,136.57587669552677
60.75,60.7438
67.31,24.615593333333322
76.17,113.77924654761901
84.14,92.40196666666671
294.31,165.23127142857135
42.33,107.93478095238093
156.58,159.68249999999986
44.58,44.131099999999954
74.72,78.46531411297855
85.5,91.8960076923077
282.77,391.7919
31.33,32.58029999999996
97.26,139.90195000000017
1122.86,880.4872999999991
247.68,106.18545166666661
270.71,286.19216666666665
28.36,23.871978571428553
147.07,146.81439999999984
72.66,80.19394999999999
69.71,69.71000000000002
41.75,60.71284761904762
120.24,75.67390669172929
194.0,190.76617749999997
164.81,166.5410999999999
47.05,47.57110000000008
80.2,80.21499999999988
594.23,596.7197000000002
47.11,94.30619172323485
69.96,88.07896166666666
94.3,99.11799999999998
93.64,93.64000000000006
176.88,161.09926666666638
76.12,87.51473333333331
51.69,79.82421000000002
267.0,277.8731000000003
84.48,93.1143000000001
27.38,33.55742500000005
142.1,141.71559090909113
54.07,66.87507619047621
186.7,203.40556999999998
35.77,39.40471346156815
177.49,186.73072945950858
49.09,52.014566666666724
199.58,209.27913999999987
42.61,90.60302859973362
149.07,142.9249599999999
234.67,229.42848642857126
133.21,133.8903599999997
207.1,108.46793571428562
219.64,133.07583972582975
26.77,27.100749999999994
149.31,150.83475666666655
29.13,115.42977000000002
383.3,190.7100692037374
93.97,98.1033571428571
106.2,79.83371
245.44,206.93189999999987
119.89,145.76489999999993
81.98,81.64967499999986
60.79,82.20097238095236
215.63,220.75699999999986
164.4,206.85675222222233
42.92,60.323765916305916
35.84,43.44184692901872
63.67,74.80351912698414
22.68,40.05433041666664
9.52,17.18903428571428
59.06,66.36110595238105
228.79,259.3559000000004
80.49,90.13689999999988
415.45,232.16915000000014
688.04,660.8134000000007
285.7,308.99635000000006
1192.48,1228.4274083333328
57.6,57.764571428571486
64.64,57.64704000000003
93.98,110.20174945054927
146.68,123.45879319453852
103.99,101.17674999999991
158.13,184.85916333333336
96.8,97.3392
112.01,70.90033142857148
42.0,36.28673564935064
114.33,144.3302827380953
407.04,261.1712791164658
321.92,367.4163000000002
165.94,54.6569150696636
136.86,110.16823333333343
90.5,101.85180000000003
97.87,97.87000000000008
153.47,213.1542916666667
519.74,629.0371999999998
69.14,68.7274266666667
137.6,143.62358474310727
152.38,148.0966733333332
198.03,163.08782000000016
143.06,104.69326783223315
215.01,215.00999999999974
178.22,190.0586
182.33,82.94005666666668
60.0,136.54354999999984
159.37,182.21123333333333
193.2,197.29269090909074
40.13,72.61730000000011
58.13,64.89585333333336
219.51,239.52509999999987
37.37,46.239099999999944
215.56,103.01158692832037
473.12,439.22978091269874
142.1,124.94038069222452
42.79,50.6818483333333
628.86,469.8477791017319
159.12,156.7739000000003
74.72,75.49660000000006
50.22,80.98532857142867
69.11,101.8180999999999
73.34,99.32322469943719
78.48,78.54379999999983
134.7,173.6456
97.66,101.9611999999999
371.55,316.33202258297246
199.64,197.91669999999985
44.32,82.56856666666668
173.86,182.57246250000003
152.91,302.91659000000004
162.55,181.29844410540588
219.63,220.50711666666643
42.0,46.71623699385427
133.98,131.2721999999997
106.99,107.16907333333323
126.53,78.47544976190474
343.54,279.66520000000025
57.09,57.66260000000005
163.06,163.04159999999985
93.48,101.91526666666655
126.74,68.30560000000006
45.11,70.49775833333334
29.47,40.68319999999998
53.56,51.57200000000003
177.25,182.51670000000001
88.18,80.17869888888899
675.86,671.90925
27.77,27.701670238095222
87.94,87.93999999999986
117.58,50.59853974967063
100.0,281.7035998262231
78.99,99.61563690476197
44.19,59.127060000000036
105.08,107.48872000000003
13.25,175.99188281490584
34.09,34.37470000000003
295.54,302.97777500000007
55.1,55.100000000000044
242.97,303.763075
47.62,48.76899999999997
614.4,620.7860000000002
189.88,216.34341540043286
1040.35,264.32954468864466
27.29,67.94103999999994
319.19,355.84619166666647
87.14,94.76736017316007
74.54,77.9205449999999
87.76,107.20944835164832
62.11,102.2994
27.0,29.897899999999996
35.0,36.26288988505747
111.6,176.00646250000008
246.36,248.87190000000024
37.69,47.174905628538106
93.84,84.66666032106792
96.93,105.9287499999999
136.24,140.81489999999988
143.1,169.46069999999997
77.66,79.1840999999999
30.0,37.730106269392884
74.0,61.72712380952382
88.83,117.04260125874127
148.15,147.91287380952357
103.55,69.15386757215009
72.54,100.9232
66.82,68.46099999999993
105.18,65.57312848484854
81.02,104.24655619047616
36.75,38.63997500000001
38.33,38.5155
371.32,371.13999999999976
49.52,29.639719047619074
77.72,42.83108333333336
48.13,56.30197742063495
878.28,823.8499999999992
21.24,58.91940000000004
70.4,78.65336666666668
468.0,370.0770802597402
42.68,37.9633015611839
173.03,180.51031190476186
127.04,129.74412000000015
55.46,104.16807450882453
235.06,236.73575000000022
33.23,33.23000000000001
103.83,114.58939805194814
96.29,103.27317777777787
20.71,27.509564420195392
167.96,171.8295999999998
145.76,154.07309999999984
60.72,68.36592666666668
194.19,254.04982000000004
63.27,127.87511035471785
97.2,97.93267404761905
109.5,110.8055
203.38,246.65319999999997
99.65,99.64999999999982
75.8,89.77551666666663
959.77,918.6399333333335
312.44,202.82140595238099
171.75,256.53315714285725
29.47,29.73688333333329
68.02,80.24960599567099
114.44,148.12315
207.57,208.3183
272.63,296.9190000000002
42.48,50.87589999999993
76.17,76.17000000000006
216.15,214.54290000000015
157.54,239.08098611111117
120.36,139.41104677871132
136.02,172.88799999999995
20.0,70.58898408297586
50.0,98.84676818181815
118.58,124.38009999999993
427.1,309.21739047619025
53.32,78.37008999999998
42.77,54.26424166666671
82.12,82.09677999999991
609.66,524.5294026884881
6.2,61.987668333333325
210.11,223.77489999999995
203.89,211.7363
45.0,45.0
256.91,259.42356666666655
85.15,85.14999999999985
48.48,54.98468333333336
356.12,356.0867999999997
41.13,81.32575500000006
50.0,25.274797142857146
128.1,146.89134230769227
21.41,93.72065303030304
109.39,109.36339999999997
107.78,212.93496500000003
103.5,94.56922333333334
73.91,75.94626666666666
62.39,86.90516857142859
61.79,60.800875000000005
121.39,118.51710666666673
55.47,203.41440000000017
138.09,134.55385476190463
33.86,38.78820000000002
33.0,56.17442499999999
77.5,66.29627500000002
108.1,112.81370411420093
182.55,138.62562857142842
90.25,157.66531777777783
55.23,42.368651547619045
36.96,62.21020000000001
143.73,150.9820999999998
164.12,164.03713333333354
77.04,82.31355000000002
72.07,76.90776666666662
160.14,185.9139999999999
136.93,151.70246421911423
150.59,157.02706023809523
55.27,66.0809857142858
221.64,275.3444
64.34,84.60394999999998
213.73,327.33959999999996
67.53,83.6179357142857
91.66,119.16846420931235
224.6,184.81122999999997
41.09,41.06980000000005
222.08,227.59090000000003
61.02,104.8234057142858
384.79,377.48850000000056
109.86,112.96412738095229
198.78,196.41529333333304
103.64,111.08519999999992
67.68,87.60972500000007
174.75,191.62520000000015
55.1,78.17866998954996
139.88,159.63628333333313
11.17,68.71147061678992
27.69,266.4444249999999
86.58,89.25050659090903
40.86,61.56802666666658
69.46,85.82244500000003
73.25,74.25236000000001
223.02,234.6172866666668
193.38,267.0906624999999
20.0,32.63558333333334
61.01,63.807744047619025
151.91,189.51215166666657
48.05,27.443045238095237
52.68,45.11885148292367
707.16,791.2683000000001
174.33,192.56000000000003
78.99,92.72798666666675
163.08,321.6921528671331
5.02,18.169014885771166
188.6,156.98130000000012
138.54,129.31686000000022
318.17,227.0161999999998
208.24,521.5249
73.06,77.31569999999992
489.09,491.76104999999893
36.0,54.96310535714292
110.0,120.61877916650205
261.96,269.7163999999997
24.09,25.021925
258.67,258.7546999999994
32.29,46.73365000000002
1115.45,1063.3899666666664
98.3,88.1279428571429
72.14,108.51252197165577
148.15,134.35882096705
321.77,348.2250499999999
155.74,197.65450000000013
64.79,89.79079999999995
218.25,165.07063333333338
111.8,111.7999999999999
117.04,123.75751666666675
45.52,45.189100000000046
73.4,75.93569999999991
63.01,65.62800042735039
90.89,166.29046666666665
103.5,111.28820000000009
45.09,46.20880000000007
57.75,73.52295166666667
48.3,77.10183999999998
56.1,47.99570000000001
65.0,90.61515873015877
323.96,365.2719
209.46,218.2170428571423
117.3,121.07379999999995
120.97,124.39658999999989
67.68,57.49350000000002
1342.63,1331.3901000000003
34.0,32.59973666666668
55.17,58.86220000000005
72.62,77.87115833333336
55.64,86.10084666666667
127.14,210.11582857142858
729.7,649.0762999999989
53.39,85.91259999999997
89.3,102.46277847826092
61.36,72.12502666666666
368.94,354.3441999999996
147.16,156.91766666666658
350.81,1903.7018999999998
90.62,90.81856666666664
213.9,205.87458134920632
61.14,81.32942063492065
97.36,240.02796666666652
163.06,202.66486047619048
157.2,157.21200000000022
53.01,52.69700833333336
97.0,85.11817500000001
62.97,91.35047261904761
58.94,68.13930380952382
408.12,309.59529999999967
128.0,72.22907311100228
528.78,491.46109477877485
142.17,255.8696000000004
49.04,50.424143994321824
47.22,51.36678452380956
77.49,85.79309492063494
87.64,104.03016888888885
51.01,57.18820969696978
50.0,32.77530000000004
250.0,295.5953363636365
171.0,171.0
183.98,288.452088888889
387.68,188.56227561938493
146.78,154.2674666666668
72.48,106.99687428571426
91.79,97.49090000000005
90.84,98.58287874338619
85.84,122.99567666666668
317.3,317.49839999999966
177.77,222.76570000000027
258.51,280.17832999999985
77.1,74.6284400000001
208.66,258.9046
86.73,87.54132857142838
12.21,71.53100000000009
56.69,72.67308499999997
135.12,104.82826285714289
76.76,79.84079000000011
37.75,55.873400000000004
20.68,27.697207619047585
119.34,126.94605000000008
84.54,71.89911785714285
39.0,47.99715293065163
859.36,848.7089000000004
22.75,25.5811925
46.41,295.5953363636365
57.69,64.46094404040406
65.98,93.02639135746603
66.91,81.56596928571432
63.27,127.87511035471785
194.74,88.66693293290038
102.1,78.88450833333334
207.93,209.69502222222206
19.16,18.427476666666642
1173.71,1228.4714999999997
144.54,116.15939793650797
107.8,96.26581266708607
169.35,156.5192800000002
32.37,32.377199999999924
49.8,68.36565
92.44,147.15851759358284
61.38,66.08864000000008
300.78,157.3054199999999
92.5,92.5
639.6,615.0438333333335
98.52,112.57739500000005
5.69,4.222220833333335
277.52,195.4265874592074
16.29,17.032966666666674
223.54,259.9839866564808
35.93,36.37689999999994
696.58,715.2196999999999
109.5,82.23407499999999
87.8,71.6748000000001
134.43,160.76968571428577
193.73,68.7948666666666
58.17,60.68330000000005
118.68,165.2961000000002
49.27,47.52728333333337
96.8,76.18978614718613
60.1,64.54685490196086
32.85,33.64814999999996
162.25,162.25
107.27,179.07691666666696
28.76,54.6569150696636
106.54,102.40629595238103
60.05,59.73880000000008
58.64,62.86145555555564
155.23,158.2739999999997
78.51,94.62142000000011
65.67,74.14095499999999
108.3,108.16762727272724
467.9,512.6050000000002
122.8,119.93041082333383
57.29,63.97833238095236
70.63,72.13620000000007
137.4,145.75030714285708
251.17,267.10586190476204
216.68,228.35240000000013
289.76,380.0994964285715
157.27,166.85599999999988
72.75,88.26220535714286
32.72,32.71999999999994
81.98,90.63809999999991
214.41,228.67633333333325
31.38,43.980633333333365
131.33,87.48169991452994
385.81,398.61109999999985
128.9,144.74199999999982
88.65,77.38547333333331
74.84,70.39030000000008
53.72,88.02519999999991
52.47,68.3474800757576
741.73,795.8257249999997
42.05,56.194475000000004
127.84,148.16953
105.89,65.95775940476192
76.19,76.28779999999986
152.06,171.56015833333325
67.38,83.24307500000005
56.4,56.58060000000004
152.44,150.17410000000012
102.93,106.48624000000014
81.01,155.46708000000004
64.4,75.5620499999999
368.38,365.8611000000001
70.89,91.75617917415923
21.75,41.10667053921569
99.64,58.47620666666667
52.2,374.8510000000004
215.47,208.43385333333313
192.66,209.1562685281385
56.41,65.4771080701754
129.67,172.22774285714283
40.85,34.118019642857135
536.52,513.0297999999991
43.04,61.256583333333374
103.93,115.01285000000016
83.56,99.48096000000004
296.61,296.6497000000003
53.79,55.82432499999997
115.44,112.95150000000001
27.38,27.382833333333387
730.84,725.3359999999994
135.0,147.49640000000002
175.08,177.09150000000005
437.59,219.46079999999995
40.37,59.84177603238872
157.65,164.70409999999976
56.34,56.23655000000006
63.51,70.49642079365081
73.06,83.81945000000007
29.22,31.055613333333323
67.72,38.15498775613277
142.19,165.65619999999993
241.15,209.34083319874568
1080.56,902.696999999999
84.14,162.91131666666644
185.94,191.2286
172.64,167.2085999999998
20.28,20.28553333333331
205.3,210.57260000000016
470.74,357.00800000000004
208.2,104.13949999999988
35.0,35.76617214285714
51.75,54.00261952380953
32.07,38.29228571428573
88.74,88.71259999999988
69.73,77.40503303307798
53.82,63.85175
103.14,88.72060534610495
103.55,103.67959999999995
63.27,70.87437065203427
37.38,100.74888666666669
188.62,157.40182497113994
377.7,225.79823333333337
164.78,164.45890000000026
124.02,158.0105399025974
74.21,104.2437666666667
270.16,170.57908858652064
45.24,49.88633333333326
57.1,68.37065678488179
34.35,47.531052222222215
61.44,55.93146190476184
181.03,216.39127284382283
56.97,28.70498265873015
163.68,140.44360703629707
454.17,446.38132000000013
263.24,272.3964000000001
86.15,150.82188309523798
50.84,39.556528333333375
41.51,41.56020000000008
143.36,144.08140000000003
147.07,175.84924333333325
43.04,46.79819999999999
192.56,352.3465773058314
41.69,49.962599999999966
360.72,342.7325000000004
125.8,125.82439999999983
45.72,59.94500000000002
1163.25,1151.1944
120.99,249.15401666666676
45.57,103.04590000000002
152.99,177.22000000000003
175.78,175.72450000000018
73.34,123.45879319453852
28.09,38.77874386973181
53.0,32.71673333333333
52.45,77.81722244588741
76.63,72.25133333333339
193.16,187.85046666666668
97.56,93.4757666666667
295.18,308.0408999999999
1619.73,1605.3317000000006
211.26,308.0657641025641
491.03,438.2612749999995
211.18,179.72955000000013
112.25,208.03767499999995
35.14,45.01987500000002
66.04,78.84822760180992
905.03,873.4214999999998
46.54,41.370374999999974
259.15,255.34509999999995
853.95,591.3149333333328
260.99,260.3506000000005
123.26,175.91262047619043
392.86,336.29765000000026
37.44,64.76422465367972
152.33,84.74268000000004
40.01,33.475942026592705
33.57,23.653327777777776
73.08,135.41784666666663
66.01,67.8361750000001
74.46,65.08206000000003
86.02,96.80578832203997
107.78,107.2675161904762
252.83,263.4015
25.19,20.005516666666693
289.32,286.9340999999998
64.0,57.740152919254655
363.99,165.40490000000005
139.37,163.09746666666672
196.29,297.2886000000002
173.84,173.84000000000012
154.89,188.22879999999978
39.22,43.155843333333365
170.71,168.54666818181778
227.9,251.67396785714303
33.51,33.71424563492069
77.42,77.03290000000005
26.83,56.07430952380955
186.43,193.91630000000012
120.31,56.74386523809526
116.16,144.40855000000005
248.84,335.09306363636347
308.61,254.9024510889111
257.79,179.6013864285715
93.78,76.56769999999995
258.35,371.67320833333343
169.61,171.1793999999999
92.89,118.00329999999997
604.5,596.8873392857146
58.62,121.38000333333326
82.09,100.19560000000006
436.31,462.88447619047656
144.72,118.51187499999993
63.83,52.096277142857204
147.55,96.80619761904757
87.66,88.4871999999999
156.09,176.99480000000003
49.29,46.1426
45.62,53.48975999999993
367.63,375.2441378571432
103.47,132.47055999999992
182.11,217.72624333333343
157.41,178.99600247474743
531.45,500.2459533333334
233.13,282.50079999999986
48.85,80.47010000000002
119.67,121.0404
120.73,164.29484321428575
71.82,78.33331666666658
56.86,56.52519999999994
18.29,42.623617738095234
464.98,324.2539
177.41,199.03119999999993
185.21,84.27867999999997
65.35,33.53540666666671
846.72,811.4422000000008
150.89,425.53383095238075
1.57,91.74409876712325
65.1,79.77650000000011
729.3,763.8200000000007
2183.6,2043.2462000000005
75.51,78.0296060606061
266.75,241.81529999999998
194.48,194.47999999999968
119.41,192.34582499999993
190.98,224.19387500000005
117.86,145.19251666666645
87.97,152.50515039502986
49.03,51.31833333333335
80.81,41.446810119047605
258.06,248.26150000000027
337.33,352.1418000000004
441.5,252.56933333333325
180.15,192.49218571428563
6.0,5.882709273406334
161.95,180.87114166666677
70.6,82.40901784313722
152.04,115.01601134032634
188.94,188.93999999999997
122.19,114.36034747474748
161.77,161.77000000000032
96.71,120.28062333333331
817.03,954.6625
46.58,41.07386666666664
329.42,164.11599999999981
85.6,75.99090430076808
24.87,27.21202833333331
178.85,178.75170000000008
366.85,396.6339733333335
97.89,208.39739999999998
351.32,345.246575
155.14,110.86647476551218
106.54,151.3283071428571
72.07,77.36680000000004
145.01,147.6229535714287
40.63,55.96870714285714
90.28,89.36832380952384
1130.03,1187.3368999999998
136.41,182.08840000000004
267.51,105.91443333333348
86.64,84.05859999999988
70.89,78.52037999999989
216.62,242.31457999999992
555.32,555.1881999999997
73.85,83.86030435897428
120.17,191.9815000000001
224.8,230.82230714285728
98.82,111.18663333333323
49.02,37.3175
122.56,116.93859999999994
264.22,263.16040000000015
10.0,120.61877916650205
99.57,113.68447166666665
91.18,130.34908242100096
127.51,202.8324500000003
40.24,79.49921809523805
609.27,609.8215999999987
70.16,67.05290999999993
177.29,207.89430000000002
41.69,73.5374658730159
71.15,71.14889999999988
70.07,70.06999999999991
121.64,168.12308333333317
37.82,53.07360567460316
45.0,46.193300000000036
37.26,50.31515833333332
387.85,164.43863235943047
35.11,59.57446333333334
215.65,214.442
163.79,190.7399000000005
121.09,121.0900000000001
116.94,116.94000000000001
78.51,93.33589166666674
92.15,93.25739999999985
97.83,103.51577916666669
4.04,40.84100619047614
42.11,42.56048000000004
245.68,258.3752000000002
48.3,48.30720000000009
215.14,225.67429999999976
137.35,143.84160000000017
72.61,76.22399999999996
457.64,474.60505000000006
45.42,48.58506357142855
54.34,79.74164761904767
286.89,349.43999999999977
62.04,33.877796190476175
82.98,122.70178664022899
32.79,50.430520000000044
128.24,113.37789999999983
167.4,186.37694285714292
41.04,54.36749999999999
26.85,38.20764345238095
21.04,21.039999999999978
157.32,157.26459999999983
138.15,178.5514666666667
35.0,36.178493888888895
195.63,195.62519999999984
166.12,132.50688333333343
203.09,133.78726111111118
208.77,246.3183125252526
36.94,58.44597999999997
1588.92,860.7625999999999
356.1,370.6768000000001
65.42,68.36559999999996
68.86,44.439673498992846
85.58,86.72638999999998
78.38,81.65600000000005
88.75,91.55495460317455
105.08,111.99066000000008
157.78,160.0307000000002
9.42,86.26786617756508
130.84,129.8859000000001
59.33,63.30963999999995
33.92,24.792152323232326
90.17,92.02130000000007
173.82,444.2946111079221
3.9,18.049128528521443
780.05,913.1622999999998
40.85,3.763145311732475
62.91,63.6538366666666
672.72,546.5705355952381
112.84,135.89447142857142
173.98,87.07350000000005
0.33,57.72470000000002
164.32,136.9462083333332
137.99,107.63268333333332
20.0,27.443045238095237
1010.8,1009.1212999999992
52.2,149.66580000000025
50.75,77.74126666666666
131.82,131.93849999999983
660.38,559.0685999999996
84.13,95.49560714285707
52.18,120.07348750000003
47.74,50.640899999999895
61.72,92.94402619047625
66.56,76.68699122358035
28.25,53.78347777777777
90.83,148.81152000000003
452.41,244.67510000000001
126.12,184.13867346153845
168.51,85.28745809523815
35.86,53.24206249999998
38.09,41.21565570175443
875.96,880.2729999999995
164.06,163.8939333333333
406.95,296.6252986904765
50.0,43.312628571428576
147.15,147.14999999999975
48.75,71.73234999999998
503.28,503.2799999999993
106.87,112.2967646485868
68.02,61.34005304187361
41.69,42.63900000000003
31.77,31.029637385299495
37.8,122.75358968253975
73.21,86.08301250000002
63.52,120.94457333333327
161.01,207.2411499999998
80.2,101.86172659297877
180.21,200.3502749999999
70.27,79.69448333333348
324.04,316.8930000000001
88.52,86.82490000000007
53.75,98.40829999999997
99.75,53.6213733333333
234.73,234.54942571428546
163.69,166.45229999999992
88.71,88.71099999999997
63.35,76.00812166666671
68.04,91.00809000000007
170.0,149.41289999999998
25.5,25.35018777059284
168.88,169.99946666666634
158.36,166.61770555555574
29.0,28.65296666666666
27.4,31.334788095238142
105.28,160.1537938163247
107.07,136.87536833333323
38.01,47.14449265309726
100.0,264.1412000000002
53.71,61.73920000000002
397.03,629.1394999999997
35.77,36.36001022727272
63.0,72.63619896153847
119.16,127.00439999999989
90.39,139.51745156223885
34.78,65.58150000000009
98.82,142.4554528571428
335.47,339.03415
130.01,137.4664200000001
448.4,424.7897000000007
194.12,227.74595805029512
140.23,156.73196222222205
55.11,56.504899999999935
109.17,36.61580448051948
464.98,660.8127666666667
56.05,126.35860000000004
39.4,61.829870000000064
120.95,177.2712242965368
36.36,36.378100000000025
104.28,108.7365285714286
44.18,65.9324
251.98,200.14436099744213
99.9,129.45644109389906
2480.58,2222.6402999999964
9.78,47.350560000000016
37.77,37.81487142857143
104.64,235.69693238614326
419.44,391.39799999999997
106.19,116.28386666666667
20.0,49.74764671801745
363.39,285.73332333333315
300.74,308.5170000000006
65.87,62.58867703823953
317.4,289.53510000000034
174.56,175.98639999999995
1157.28,452.10633246753264
77.31,100.30465623015871
152.62,77.18224285714288
92.02,77.42148000000012
1012.91,997.1013500000004
99.52,109.00946666666685
118.79,174.2816416666667
216.15,203.44585916666662
58.62,58.63444015567766
53.35,86.36889999999998
51.5,51.5
28.0,28.099033333333363
58.69,74.64827199999998
52.85,96.6197666666666
417.55,385.03765
58.79,66.96395384615384
313.2,342.3587222222224
32.09,32.09000000000004
83.14,94.81298777777779
46.34,51.146126666666696
17.51,76.09697690476192
26.43,46.11863888888888
33.75,41.130992857142864
42.52,65.70210000000002
55.96,34.004948643578636
464.98,324.2539
1789.02,3320.8108
151.98,205.74520000000012
32.78,33.37310000000004
8.49,58.124302142857104
57.37,68.09584999999997
163.78,103.20183614080361
40.84,45.72909062937067
132.02,107.34858122798117
244.52,143.99054916666677
51.71,57.12332928571428
386.46,425.0035500000002
36.35,39.24497180830483
319.11,293.0848376980386
44.47,72.83964857142858
98.7,85.51498073593073
166.37,215.01310000000004
107.09,105.1954666666668
56.78,58.57499999999999
165.11,182.8392999999999
49.39,65.14923571428571
69.33,29.063882559523805
119.2,121.62166666666675
107.94,138.22600071428582
69.31,78.37943333333331
96.71,106.78138333333321
208.01,143.9361265728716
44.98,56.47399500000003
48.69,57.55719999999992
54.17,82.08120000000002
107.31,502.44208888888846
85.6,75.99090430076808
117.85,193.59407996211047
60.42,60.70980722222221
47.14,52.39386666666669
84.01,197.66139904761906
184.01,125.52330833333332
35.77,35.76999999999999
89.35,152.58254454545462
144.32,173.04369404761894
87.58,78.31869999999995
199.06,232.20842499999995
196.49,156.07312999999985
167.7,166.67436000000015
139.51,146.99702
43.98,43.97999999999998
68.18,100.08769888888897
99.9,129.45644109389906
354.08,367.33831666666686
525.46,660.6903
132.69,149.69425000000007
76.65,83.75697023683638
130.01,129.93492727272744
176.05,253.80300000000003
81.47,131.5032934665334
61.0,101.9855380952381
117.2,113.22818333333342
387.32,251.02889999999996
168.96,168.39679999999956
112.42,112.41200000000006
254.28,403.661668452381
163.2,138.5399333333335
285.19,442.6877749999998
137.12,138.08653333333356
1048.31,1024.9290999999987
31.75,74.7278517862448
92.85,119.58363987012989
104.28,111.50455
87.64,87.64000000000009
192.82,197.82332499999995
254.61,308.09353333333314
139.27,187.67513214285714
83.33,107.29550249999998
74.39,87.94886833333328
87.62,101.22945714285711
258.91,256.4291999999998
136.93,145.85047499999996
278.44,166.36182293650793
457.07,780.7662999999998
130.72,110.93168952380964
124.67,182.8540535353536
50.87,58.89400301587298
82.88,120.14644285714289
81.63,89.33560000000001
80.21,105.57075976190472
211.12,205.816603073593
133.05,167.58537676190454
163.53,147.39249013599027
54.59,66.28066666666663
84.49,105.45309451825952
77.19,90.0710999999999
52.26,55.90021111111122
87.82,92.41175737185515
579.58,587.6552000000008
102.05,118.57583499999996
99.43,105.40660000000014
115.73,148.46377619047612
64.83,58.7454771428572
706.71,406.5195333333331
76.08,44.27225627705628
105.2,162.7062994444447
155.22,160.26742499999975
449.01,433.37849166666666
44.0,44.0
314.96,324.0147622222219
138.39,162.11221602564112
55.22,59.281406666666726
51.14,59.788204444444446
28.41,33.70456666666666
110.26,73.0770055555556
126.86,67.23313984126985
150.76,100.20031119047617
100.02,117.74793571428576
205.87,205.0109333333334
53.0,61.22640047619048
288.99,310.54711999999995
120.59,119.3810000000001
346.66,286.8126999999999
365.6,320.79429999999974
101.44,90.19157499999994
110.46,108.8800419047618
108.68,131.18106666666665
29.47,94.90336449104736
89.57,91.94028
217.83,251.22275500000018
341.0,335.9009
94.4,98.56136072126029
203.67,203.6699999999997
46.53,52.210199999999965
33.37,68.45017899567097
196.44,320.2208999999997
95.64,101.47112166666666
46.39,48.56790000000001
23.9,42.41939089743592
141.84,131.58215000000013
431.56,431.829
42.68,42.67999999999994
84.01,102.67330000000013
81.69,81.68999999999983
11.49,55.45174999999999
36.1,37.97973508771925
59.27,80.61621460789212
348.07,338.38040903540883
40.66,39.30409289986154
275.19,313.21062000000006
94.74,104.48316365079364
208.65,147.8354999999999
65.11,85.5274316666667
73.34,123.45879319453852
44.08,41.20621999999997
37.06,36.655099999999976
40.85,34.118019642857135
378.39,390.4372500000002
40.19,119.15612000000017
1.4,49.57725000000002
103.37,125.5812200000002
64.0,108.22519238095248
27.15,28.516500000000043
137.28,148.5435500000001
171.75,161.07072051282051
96.69,96.68999999999993
27.38,28.012800000000055
65.14,102.06321406375407
449.43,444.39290000000074
618.6,618.4530999999992
359.11,420.39547333333326
56.07,73.11171666666672
51.29,63.40292107142858
122.0,104.5699
80.02,98.08125
74.03,80.48219054619213
288.72,377.90150000000017
469.52,473.5677000000003
187.86,223.37774060859837
39.48,39.47900000000001
97.43,115.1236999999999
931.62,731.4953855838608
41.75,45.63119999999999
51.96,39.563766666666666
32.77,44.584920068542594
54.23,45.0142763095238
80.22,98.8413554834055
118.55,88.40604583333334
179.12,180.7869000000002
102.12,122.86986666666668
90.63,90.64479999999996
106.23,101.66119561582424
50.0,30.0
125.9,126.52539999999979
45.11,47.69862499999999
52.54,34.03169535714285
14.49,107.86173500000002
86.64,145.8798166666666
42.77,42.77000000000001
54.44,65.46069495798314
84.56,90.47070999999998
37.73,45.64582666666664
286.64,286.59089999999964
328.61,334.31889999999953
219.06,230.56184333333337
2.24,8.860423780010837
122.21,137.63676666666663
73.71,79.76270000000004
170.74,165.32123333333325
211.03,261.15903333333324
138.26,181.23798690476193
667.56,261.62790357142853
284.5,261.5052673809525
61.74,83.19030690476194
222.13,302.91969285714254
87.71,91.52721119047614
668.3,668.8144999999998
56.01,44.635923751803745
64.49,76.21661904761898
291.03,303.0315999999998
47.23,64.37558333333332
279.12,88.61146950854707
186.85,178.2557000000001
39.26,39.26170000000008
27.75,43.89264166666666
27.77,27.70012714285713
280.79,170.08689999999999
136.6,118.96144546176052
132.38,128.57716666666659
189.19,204.59652999999997
161.54,118.49471857142869
54.0,56.057127380952416
129.64,139.3899066666666
285.73,157.0427449999999
100.0,113.50278166666654
120.9,121.1619999999998
37.47,69.32204000000003
132.63,134.05422857142855
56.29,83.60266000000003
36.35,40.50088509438099
47.38,87.59388939393945
173.86,169.5361000000001
129.03,113.70778333333347
53.43,58.14136000000002
544.92,548.8527999999997
77.57,164.43863235943047
231.34,257.57035952380943
87.64,137.99408427170877
87.81,89.41009999999994
75.46,75.49433333333333
55.46,86.6283048412699
231.12,231.5155333333333
197.58,203.88924285714293
256.45,294.49370000000005
133.69,133.69000000000008
38.04,80.83874333333334
75.5,52.061227507215015
114.36,137.09450000000018
100.82,100.81999999999985
66.67,94.47140298826778
34.99,59.1584
73.2,95.39631666666666
37.99,94.97806428571428
35.75,40.490268737041404
45.01,50.861350000000044
535.94,567.9219
135.08,170.57908858652064
123.27,123.26640000000029
69.54,82.64645999999995
120.93,109.28756000000014
1.43,87.70378333333329
114.53,108.27570367243878
63.6,64.25220000000009
38.01,47.14449265309726
92.97,103.80477071428568
69.38,46.328460952380944
189.56,189.56000000000003
3018.6,3018.6000000000004
29.18,29.786999999999992
410.42,340.7663999999994
173.84,173.84000000000012
76.69,74.35297031746028
203.16,189.83494999999988
175.19,211.59059166666665
17.68,21.079631904761904
73.61,125.62418119047614
140.33,119.3457868181818
177.58,135.6209228571428
222.8,260.654585
22.36,30.131265281385268
139.61,141.43816601731606
153.01,143.12985102679838
222.82,230.7918666666669
44.84,52.10664780701755
115.15,89.11968999999988
36.35,39.24497180830483
54.72,82.95260000000003
0.54,16.480000000000015
415.54,434.51090000000056
167.88,216.56597333333337
255.24,332.3831333333333
89.17,82.08179464285713
188.42,192.62626999999992
54.66,37.31113902597402
89.1,77.44316000000008
2.21,236.73397333333315
102.83,110.69592999999992
38.32,46.57404333333333
266.52,261.4537000000003
116.12,123.21443333333349
53.0,43.0582
62.01,158.0105399025974
103.29,122.11155952380952
156.84,99.8644009523809
102.66,113.98767158810486
106.5,106.70960000000001
70.03,70.66829999999997
111.13,116.67301666666675
28.75,34.70109694489116
141.69,155.60010000000005
289.02,309.8989300000001
51.69,52.285899999999955
55.0,53.511906666666704
34.1,35.445299999999996
50.1,54.54470000000002
83.2,108.79615785714284
125.41,136.32379666666674
67.5,105.45515648349101
182.85,208.05720000000022
24.17,39.47521095238098
70.89,138.33377915228573
276.18,234.61316666666684
47.63,62.36788163742689
146.68,99.32322469943719
99.33,129.6571917479973
121.31,194.74533916666667
287.0,244.4120970592445
124.35,190.9563
958.84,719.8034709523807
123.71,169.0470833333333
58.69,58.92749999999994
512.46,351.88733
0.61,39.07737156759904
59.1,90.67696833333335
66.76,109.47450380952392
4.52,25.72023333333335
199.52,202.89062857142886
125.18,106.83149627379161
171.08,227.63716000000022
129.49,433.9013499999999
3.38,42.48966619047619
580.3,455.6099000000003
25.03,31.24112684759687
156.63,244.42407809523814
82.2,60.210300000000004
180.77,561.6815401406933
130.02,110.28812000000012
1.83,74.17931416666666
110.09,146.92857714285725
55.47,37.87081813492063
3.08,64.9907574873738
108.0,97.44940459475109
195.34,208.2633333333334
63.97,164.57565000000005
84.51,166.68686334054837
798.68,864.3147250000001
99.8,94.46017099567096
103.65,155.51168166666662
167.07,169.87284999999986
66.74,67.90178106060594
171.32,172.2485999999998
5.35,36.59500498196249
60.63,60.31110000000009
63.49,66.70328452380953
95.3,97.00946071428574
649.71,721.4087
134.63,134.7025909090907
70.18,71.40914035947719
44.42,87.12176380952378
98.46,119.13240000000008
93.28,107.83514222222226
163.79,185.1027000000004
40.34,53.338458531746056
171.0,171.0
65.36,58.204375238095196
30.77,33.64898
47.75,32.74567392857143
912.65,914.1830999999988
189.37,221.13647327102993
104.0,92.68369999999999
84.02,48.22056499999999
52.5,20.076084920634926
233.42,233.51449999999957
458.34,478.4129999999994
53.9,96.26581266708607
43.17,44.0574966666667
254.01,258.49766666666676
159.21,165.00643833333297
75.85,100.81782666666672
21.04,21.039999999999978
283.8,341.2938600000001
86.24,100.98804999999994
114.59,90.74020000000004
22.29,24.339999999999982
64.56,80.38091833333326
90.88,137.66837103367433
71.14,63.14555221077422
113.34,138.53423333333322
841.4,798.3304999999997
796.94,834.152399999999
139.8,131.68528619047603
606.04,596.9940000000007
105.82,109.54599999999999
94.91,74.50015166666667
81.23,117.23783095238078
159.03,155.9948000000002
214.48,272.52863333333323
265.12,289.63779999999974
186.24,313.3986782738095
97.23,100.20389999999989
115.37,109.90531340802995
77.21,85.00644621212119
91.99,123.6633666666666
95.51,128.51565551587305
81.89,103.53254005189255
195.92,239.2519749999995
102.64,104.66599999999998
58.59,58.82148923076931
55.18,96.31445607873935
35.08,27.98827333333331
47.86,165.33224114718618
104.79,104.70140000000016
137.6,143.62358474310727
37.77,37.120599999999996
51.84,60.44222105263164
5.14,5.289495476190475
5.99,82.41235714285708
2202.4,2202.399999999996
211.74,164.97508142857146
500.0,1391.0181322619062
213.72,89.72394999999995
96.8,94.90336449104736
548.9,432.07079714285726
71.53,96.37802362146303
406.14,400.9326000000001
54.0,76.9548
100.0,63.39319999999991
72.14,70.17491085137091
90.05,90.05000000000004
197.97,172.59672857142834
36.72,39.24929999999993
312.42,448.68292000000025
46.15,54.5862285714285
664.92,666.5101333333341
86.94,99.09469999999997
22.79,31.384011666666673
369.92,369.87319999999903
23.12,34.72336666666667
135.5,136.93340000000006
287.56,407.25743333333276
130.01,157.81811
68.66,71.36619999999992
67.36,57.5144808823529
74.2,102.52462500000003
114.45,113.3369000000001
42.01,56.52465015151515
332.7,271.28300000000024
216.74,111.46284166666666
108.0,48.86676428571432
149.09,147.74724166666667
85.08,110.46926666666668
148.7,152.55921111111115
503.28,503.2799999999993
176.74,327.64670785714304
80.4,141.9064638888887
10.58,22.74780000000003
223.77,80.89246555555556
509.97,915.8504999999996
84.86,120.73923243719246
34.32,68.03129999999994
55.0,57.33453333333335
343.26,154.1950699284049
27.39,27.304500000000008
68.13,67.81545000000007
1619.73,1605.3317000000006
81.0,91.62465488095236
338.52,341.5398333333335
191.92,162.11820000000006
39.34,47.32243333333335
303.42,405.1113499999999
49.06,108.9189
28.0,36.32853333333333
125.85,147.0948
455.22,330.86675500000035
63.28,49.496146002886
68.9,83.01643333333347
0.94,26.923857948717956
299.24,397.23071904761906
571.85,583.245299999999
61.78,61.00659333333332
158.61,106.41755999999998
87.64,97.36247666666661
0.64,31.32399999999994
39.49,48.59393333333324
39.0,22.2812
76.64,79.30248333333347
105.37,98.38322564376833
380.85,392.4737999999996
75.51,83.73964
142.97,147.46089999999978
78.65,93.35244245754235
91.45,97.97990000000003
119.64,81.00279714285712
85.27,87.9921
162.6,164.15500000000011
329.97,233.10517999999993
76.37,106.21971999999994
41.75,43.69878166666666
67.08,43.52746666666667
81.12,81.79326666666671
30.95,36.928058838383826
154.2,134.19116666666676
208.65,140.19433476190486
1012.9,505.7641666666665
96.52,96.52000000000024
131.51,131.48692307692323
76.17,82.66851555555554
189.37,221.13647327102993
118.34,37.4464
156.73,156.7879999999997
193.39,193.3899999999997
254.66,193.23375583333333
120.09,120.00010000000009
45.0,43.94165000000001
408.12,408.12000000000023
63.18,102.09395
107.46,232.73558499999987
623.18,451.46549972222203
175.02,185.9586000000003
102.56,62.74978968253965
168.58,182.2855250000001
9.02,17.07339999999999
79.24,79.41489999999985
100.0,73.0936266666667
80.55,87.47370000000014
629.27,648.7243999999996
37.45,105.77650000000006
115.48,114.55992000000003
55.0,55.134049999999995
30.32,23.25198999999999
83.23,83.85193999999996
33.75,39.573944805194806
40.22,49.85704000000003
232.71,164.43863235943047
57.46,62.46365000000002
27.29,36.79637999999997
63.04,77.17835
62.88,62.85100000000009
86.15,79.27923826728825
266.25,217.20225
181.1,212.55925666666658
141.48,99.94305190476189
868.24,807.3112000000004
62.0,56.273565497835506
427.1,309.21739047619025
84.14,87.54639326923076
521.56,252.6803850000001
551.15,541.4452666666674
161.18,185.78829230769236
121.26,151.53794333333335
100.0,101.71291428571432
57.68,57.71330000000005
209.69,97.0382165584415
169.73,191.59909999999985
217.76,164.27584677933683
63.42,48.36793333333333
245.5,261.7654999999999
178.27,185.28470000000024
114.85,199.2227565201466
404.05,453.2488166666668
95.56,143.7686333333334
80.2,110.99970666666668
115.45,155.61532499999987
84.42,104.52167095238102
33.99,38.956695324609115
67.98,33.98999999999992
40.54,43.15000000000002
412.88,342.69000000000005
217.94,230.8972
125.18,106.83149627379161
2566.9,2545.712279999996
82.13,176.33008452380952
427.06,308.4107449999998
56.72,99.03939999999997
0.97,2.547212016966041
389.07,374.7490999999999
139.93,150.30629999999974
27.77,38.98194999999999
154.23,164.42336190476195
147.28,153.95036333333343
273.6,368.9274271428565
77.6,52.564118037518035
37.09,37.09000000000005
57.07,100.14322666666656
54.1,90.81783467798284
143.56,101.46784095238102
143.58,101.79281333333333
61.84,61.27456023809531
514.35,518.4432000000003
98.22,101.46249999999995
132.02,130.8034400000002
33.92,73.0936266666667
83.9,81.81790714285711
28.4,35.70310444444446
46.1,57.112441111111146
72.18,131.20010000000013
108.0,48.86676428571432
161.23,167.1740000000001
143.86,147.43760000000017
159.95,81.62789999999998
48.53,67.91819999999997
285.63,265.73540000000014
538.36,527.6728000000004
113.88,101.37404772727264
49.31,61.90408666666671
39.36,48.37370909090909
291.57,170.57371480158727
136.93,138.19230000000002
73.96,116.14646666666667
106.54,151.3283071428571
384.27,352.06780000000003
964.76,922.642499999999
187.44,151.84689999999998
81.5,81.4184
51.07,66.33269999999999
37.77,37.76999999999999
147.24,146.13890909090895
13.42,30.581533333333333
89.58,101.94053333333324
34.09,31.066369285714273
623.7,623.6999999999989
250.82,260.0652499999998
612.99,397.4151616666667
57.62,56.50731666666661
164.42,146.67785000000018
34.23,34.26200000000001
97.37,129.05609087024087
75.08,76.32629642857138
39.78,39.78730000000009
403.27,403.3245999999997
77.86,170.00580000000005
1021.48,508.2631999999995
47.68,47.32489999999998
32.38,49.224118051948054
52.53,49.9737366666667
122.74,87.91469833333335
172.52,185.23920000000015
72.14,72.5640623297767
158.21,227.59415981601717
87.18,156.73660000000015
74.29,97.89402321428571
102.56,119.2595133333334
128.23,133.86394
209.41,269.961
183.85,219.03036900906125
172.03,177.19470000000004
102.74,104.70374406604736
67.06,107.21984999999997
25.09,29.701506959706943
317.04,225.63202006882022
254.01,283.18143999999984
125.8,125.82439999999983
103.6,109.76640000000017
1079.75,1079.75
307.64,258.60239999999976
107.88,135.1089700000001
56.7,59.5052599999999
47.6,58.59785031746028
180.64,153.71629999999976
51.69,52.51789999999995
62.65,95.60958877379157
343.68,107.10792301587293
544.18,153.2460916666667
195.61,195.62860000000015
97.87,97.87000000000008
87.27,89.37550000000003
293.66,230.48771266233763
90.75,91.2422
33.24,52.892644395604364
118.28,199.72853819624822
115.59,115.56660000000011
34.09,29.123879764377765
155.14,151.21544035217164
66.78,102.26627333333337
163.02,160.59910000000025
190.33,192.90877579254095
314.43,469.8477791017319
220.27,225.4812999999999
135.62,187.13939360750365
215.15,266.0808600000001
156.92,157.20192499999993
65.88,65.8800000000001
118.35,123.00060000000018
340.48,175.20463333333333
87.23,90.48179999999982
161.62,82.33985000000015
109.39,39.77373785714286
145.56,145.45929999999987
319.88,318.35300000000024
58.62,62.44912275557769
107.9,108.89349999999982
53.47,120.13071104132734
120.45,145.3845000000001
62.01,72.27879716799508
109.4,179.99073404761907
356.88,338.05810000000014
49.09,49.090000000000074
7.72,79.95984106060604
93.56,119.64544444444444
355.02,358.6634985714285
154.36,154.40950000000018
58.37,84.9393490873016
203.67,260.07472500000017
79.17,79.97010000000004
150.89,332.08491190476195
101.36,114.65861047619052
108.77,120.48589841269842
234.66,253.93643999999992
97.88,77.7751771428571
87.73,87.72999999999978
610.59,615.3650999999999
391.08,289.7974782047654
194.64,209.1474999999999
103.04,111.73860476190482
75.47,338.7646
45.09,44.40587154718952
154.53,185.20649166666666
278.86,306.2271433333335
83.68,109.30388106203
42.09,54.23667533711771
172.04,100.50731998120304
165.25,165.80013333333335
362.33,236.73075000000014
151.83,224.6485527380954
75.36,60.30399821428571
1202.64,1150.363319736721
440.23,437.79569999999984
81.77,35.119309385322836
76.02,115.01601134032634
1853.75,1826.0999999999997
690.86,260.06042333333335
201.64,38.98158107142853
309.12,296.79217714285716
13.68,6.43881883061383
104.42,93.62625285714284
87.32,82.3319853702655
73.03,80.88953638329893
594.69,597.2027000000003
299.39,304.30141250000014
296.03,246.82939488095235
54.09,42.70701000000005
26.85,28.378222619047605
97.32,111.63730000000001
1730.87,2018.9007999999988
82.88,82.88000000000007
168.82,175.95430000000016
61.05,74.34251857142857
115.91,183.26350666666673
30.04,52.30278333333334
114.7,165.06648333333362
225.75,133.872503277972
86.15,79.27923826728825
172.93,107.0778666666667
28.88,32.93136380952386
83.25,87.08050000000001
63.27,127.87511035471785
165.8,170.05443155844162
52.01,57.79325000000007
87.94,87.93999999999986
308.42,310.77989999999943
335.04,334.75962000000067
58.0,63.03944319858526
10.84,28.6099541926224
30.06,96.95932049589295
28.75,34.70109694489116
333.85,360.29
85.14,86.85690000000002
783.26,899.2270999999996
46.85,46.84839999999999
171.84,172.15160769230778
33.43,37.73287499999996
386.33,384.56620000000083
19.08,31.885433333333314
34.96,40.93385
35.01,61.402422857142845
43.78,43.78000000000007
0.66,26.45698000000001
53.05,51.18335670995673
1221.39,1376.2027000000003
226.12,225.01649999999998
188.53,196.4902999999999
42.51,66.66212619047623
206.87,206.87000000000006
170.84,167.02335000000014
87.64,104.03016888888885
133.69,108.65530108225109
1233.65,1135.0325666666668
102.03,108.05798514376802
321.49,350.6866930555557
67.98,91.87727999999998
25.82,36.29865000000004
53.84,83.09916666666678
43.09,43.09000000000006
191.64,194.69128333333322
211.89,211.84989999999974
112.39,148.72204999999994
211.6,207.65577999999988
74.03,80.48219054619213
80.79,70.78479166666665
133.48,146.5085999999999
141.92,178.04600000000005
57.68,57.68000000000003
98.01,96.65240000000011
145.78,169.73351666666662
24.3,30.312946428571454
94.77,156.4135914285716
53.01,52.404325000000114
36.35,40.50088509438099
182.34,167.77870000000013
129.68,161.3039
106.56,128.9210600000001
138.73,138.72999999999968
58.53,43.4003416666667
34.13,34.362333333333375
1275.39,1267.6474999999984
45.09,85.84933000000012
113.48,138.35509603174606
57.75,73.52295166666667
79.74,92.45049999999999
93.32,77.85979999999994
103.55,111.26916833333325
99.43,99.38230000000014
102.51,109.78300000000003
189.58,140.44715140415136
219.72,181.2105999999999
252.53,244.70794999999995
186.19,273.45230000000015
216.42,74.39304595880785
745.69,649.6542394841268
59.0,68.3194
219.54,217.7986000000005
22.68,25.179471190476193
129.01,238.91657757936525
1351.03,1427.9636755555562
106.78,106.78000000000009
69.7,93.45718999999997
166.23,96.56274290598293
98.69,117.71612857142868
95.48,54.99546666666664
177.36,182.32119999999995
42.39,138.2486450000002
68.04,77.52402722277719
216.47,226.82718382352957
304.47,313.56391769841287
132.56,159.9896723809524
139.95,206.56633333333355
124.95,127.81489999999977
100.0,86.87996017316014
114.16,119.62258000000001
128.44,321.6330833333332
193.44,143.8700224999999
59.85,62.61600000000009
34.33,64.16534047619048
105.28,113.49858333333346
213.68,141.51539333333335
133.42,274.578223333333
90.73,99.07687499999989
339.45,338.1564000000004
192.47,192.0853
113.42,115.44454000000002
144.82,150.09222857142845
143.27,110.91557071428576
108.18,114.55631538961048
120.09,144.43129666666667
192.9,195.98805714285717
206.91,206.90629999999987
339.67,393.37096666666673
49.67,50.66760000000006
116.36,118.65190000000008
44.72,54.58376500000004
32.71,61.362142857142864
198.46,222.97020000000003
85.37,92.29007000000003
182.98,183.43999999999986
20.29,32.444803333333304
573.74,461.73350000000005
40.89,49.621849999999974
117.94,113.7236932191477
58.62,58.63444015567766
65.04,79.2479952777778
54.6,47.43030000000001
115.84,115.86110000000012
36.78,48.89253556603784
30.16,12.478686904761892
237.59,260.45937500000014
35.0,39.61570000000004
77.9,87.20602856060603
162.04,162.04000000000042
157.06,135.89081554334544
1.22,27.853916666666702
75.65,92.8373777486428
765.84,747.5791999999982
159.31,244.58237022058825
124.08,123.135
133.11,79.79820000000005
85.95,85.68487999999996
62.58,36.510428888888896
123.39,104.14161999999999
133.11,136.11430000000018
200.55,200.63229999999965
40.83,98.94989999999994
97.66,82.06503214285715
117.96,168.10823955544066
172.25,197.85299999999998
83.7,96.11060844155847
165.8,165.7999999999997
408.86,386.13914333333344
197.7,201.82271499999987
202.13,202.3635999999999
214.98,112.02527833333332
60.1,73.18045000000001
62.37,83.90414999999996
21.75,42.20183777777779
45.01,73.60637857142854
783.28,790.8714999999995
119.3,123.03465555555546
8.38,84.14527103174605
97.87,225.7049000000001
60.53,62.18176388888894
142.2,156.04117000000008
47.63,66.24044166666668
31.75,37.730106269392884
3048.27,3044.422899999996
132.03,135.9171000000002
106.5,125.24915047619048
1761.64,1680.4963333333355
68.25,82.58805535714284
78.77,78.45678273809536
20.45,18.814287961972678
85.74,59.437733333333306
120.84,73.99364071428572
554.4,551.1134666666673
40.09,47.069991730652426
65.67,74.14095499999999
624.24,506.7106999999997
96.22,94.6312071428571
338.96,338.78500000000014
40.09,46.12824903679654
146.46,153.83419999999995
133.46,109.15994428571433
86.15,98.0593003593628
180.25,115.29232500000003
94.3,97.1011
55.24,104.65072271901917
34.59,35.67258888888891
196.01,221.1006166666667
186.1,186.10000000000002
118.47,119.23367142857133
1317.9,1380.0862666666662
143.02,144.92540000000022
97.32,105.92830000000005
44.82,46.51850000000001
88.58,88.50969999999995
53.95,70.711
83.32,106.19387979913725
76.36,90.31242727272742
147.16,156.04301166666656
96.43,122.74553499999996
107.38,57.26222166666678
523.71,644.5393333333336
57.38,66.10580833333336
225.46,322.3612999999994
63.63,103.00908
57.97,76.93589095238096
103.78,117.26623333333332
1866.7,1851.2345000000018
60.0,69.48222000000008
89.16,72.08996666666661
79.26,69.50457619047629
415.32,415.31999999999977
25.0,25.0
301.65,283.6951000000004
32.22,60.84979716484165
560.24,280.44839999999976
47.69,47.68999999999997
123.82,119.30772023809523
111.19,102.83318333333332
82.98,122.70178664022899
162.55,164.06324857142852
121.4,130.7108291666666
368.7,368.061533333333
530.22,380.9488078571431
22.51,31.091434999999986
80.63,106.72567000000002
218.61,219.28192499999997
136.5,124.5432833333333
178.27,190.95367142857148
53.0,51.20480000000001
68.5,61.39400000000003
72.83,82.61804666666661
169.13,184.60264999999998
545.08,556.1339000000005
136.07,101.57810694444433
104.66,125.52998571428567
399.16,378.39748888888914
62.78,63.997491083916046
154.2,19.06705722055722
21.04,21.039999999999978
2262.8,2262.799999999996
290.01,288.6501000000001
119.81,142.20220000000003
159.36,180.04438
35.64,82.11800163059159
16.29,17.10784999999998
124.21,119.66729999999986
814.37,483.26516666666697
86.15,88.17552671717159
100.25,342.59807967716375
57.68,38.21874238095238
373.69,253.69284285714278
95.01,109.10281358974356
126.8,147.9949999999998
60.05,59.73880000000008
614.49,583.5442999999999
73.49,55.156196923076834
259.33,342.9220636363636
363.2,217.79499999999996
256.96,175.7355219047617
1435.97,1435.2161999999996
236.36,239.5460000000003
88.27,107.02880476190484
61.33,80.35496111111114
64.1,72.38069333166838
312.49,312.4900000000007
361.76,423.8395599999999
42.09,54.23667533711771
26.73,84.286
58.98,66.47519999999992
61.01,67.19031852748535
130.16,133.9398199999999
59.5,26.987277976190477
35.09,36.07719761904766
80.23,81.90839999999983
14.72,62.581657619047604
106.78,146.6822788678135
35.24,36.459533333333276
235.28,301.47769999999986
331.68,260.52406285714284
352.55,352.5499999999998
363.12,351.6020000000001
153.8,170.17721499999985
61.84,70.08770000000004
2048.12,2049.0957999999987
100.68,96.87530000000014
64.0,122.65987878787877
106.52,115.44880000000019
285.3,148.96925746031746
195.12,197.83420000000012
8.49,16.686714087301592
35.32,46.48152619047619
116.36,177.93433259266874
59.96,66.4625111111111
185.79,184.55870000000047
74.07,96.93849999999988
28.76,54.6569150696636
34.58,37.98519047619044
116.44,125.58310000000004
96.8,94.90336449104736
30.0,54.11556229114451
1172.45,1172.6421999999984
157.81,155.67734999999996
37.78,39.55140000000001
383.3,166.3467233812958
57.68,60.97480242424246
106.16,110.23833353849115
108.2,108.20000000000009
60.0,67.61963350375115
63.79,67.47710000000001
138.16,206.63905666666676
38.27,38.83329999999999
205.98,234.61052000000004
20.0,51.22833500000005
71.42,94.17008333333334
147.78,127.47965000000013
315.34,238.57332666666662
127.98,393.5141950380176
82.72,143.86399999999995
57.53,57.29900000000001
66.67,115.49549273111853
23.77,30.966753333333312
28.59,34.99218261904761
203.9,201.96164999999996
484.25,471.33968543859663
295.79,341.7627333333332
118.18,174.43968947368415
375.52,260.137435079365
162.14,112.14054285714285
98.54,99.4804000000001
28.2,29.91664499999997
304.2,200.2930999999999
48.01,77.67967963203463
34.62,45.80385666666666
78.73,90.88949999999986
52.29,52.809999999999974
957.15,857.5389600000002
54.0,54.689899999999994
48.3,48.30720000000009
346.88,346.82000000000005
73.06,74.00794242857143
25.0,47.12998571428567
141.8,86.16375714285714
57.34,58.070016666666696
92.78,297.58834999999993
62.74,72.97419999999991
91.03,115.41132429168057
80.1,85.29801317460311
32.38,42.6338533222943
55.59,71.36843358044736
16.77,28.182049999999993
251.1,273.6677999999998
37.77,43.56440913049369
268.62,293.4358
64.18,49.59859821428573
44.83,56.463894444444435
129.14,129.08669999999987
116.48,117.87188571428545
177.99,206.48665
245.12,148.44117857142868
148.16,152.74554000000006
627.58,628.1619333333327
129.0,162.2888777380953
79.03,53.99438166666666
141.78,345.60113155344646
59.59,66.46166111111114
72.79,73.94424
939.72,612.8122666666668
82.56,82.57410000000019
175.86,129.97027000000008
190.58,222.67232000000016
138.09,192.03380000000016
91.44,89.90419999999988
88.18,75.31706571428579
165.1,165.03125000000003
62.15,27.509564420195392
445.22,374.0313000000003
168.1,132.9331000000001
129.18,132.22573333333335
173.01,179.46757619047617
63.22,81.75439999999998
53.1,84.75802857142855
76.85,131.8215
124.97,119.8794657142857
441.17,480.38699999999994
86.15,90.28049999999998
269.12,271.28759999999977
108.0,57.21428207161193
416.3,393.0461600000002
64.48,97.42710000000001
22.29,22.289999999999978
108.88,120.13299999999998
114.6,105.42810000000017
31.75,51.03420000000001
94.99,96.90069999999989
83.61,161.51646071428584
90.88,116.86156051658261
37.65,39.294266666666715
90.7,85.68370544733041
53.88,61.2290154545455
59.63,71.4659
157.95,173.8355309523809
56.65,66.95636666666667
277.97,286.3154000000003
211.72,216.3319100000001
3.9,4.222220833333335
66.1,105.86285833333335
68.62,83.58793809523804
106.36,93.21795999999995
75.65,92.8373777486428
24.67,78.31869999999995
36.78,50.02640801545908
551.15,541.4452666666674
228.51,250.4896299999999
365.32,358.7266776623376
164.03,174.38064891304344
102.14,133.1893000000001
23.78,23.86213222222223
71.29,96.19665714285723
96.31,98.27140000000004
373.55,166.76667166666667
63.6,74.28697638342051
21.78,21.713817532467534
126.0,133.27959880952378
106.9,106.8999999999998
45.88,55.90311666666666
144.85,163.00149999999996
119.54,89.10145714285714
21.16,21.238500000000027
184.06,164.86588137085127
202.16,201.53086666666658
105.55,390.15647058823504
5.89,54.67564214285717
200.55,200.63229999999965
100.3,116.62915000000008
150.15,150.14999999999975
257.08,217.30150000000037
128.26,139.66110000000003
65.14,95.0474224242424
46.0,50.189857281282094
46.58,36.0196283333333
193.84,191.88178942390948
206.72,276.44356666666664
132.81,150.04739333333333
106.5,131.30552499999993
46.77,79.33929846320342
85.24,85.23889999999984
97.65,99.94934373626359
123.52,607.3510146557524
96.96,116.14855000000001
287.77,287.74250000000035
65.67,82.56692476190477
177.62,131.35410000000002
125.79,177.37614621212117
48.13,74.26581000000006
50.0,136.14946842127688
133.4,136.25775939393918
65.71,65.71000000000002
74.67,77.60263154761911
340.07,324.12983122080783
20.51,15.105550000000015
147.16,154.7333999999999
47.31,68.88805749999996
283.2,317.1352000000003
82.13,104.77689642857135
39.24,35.93480499999993
101.46,101.2316499999999
200.41,191.0786985714285
65.63,78.24702000000003
203.3,203.32879999999966
876.98,827.0639333333332
240.04,233.33980000000054
41.6,45.1795
19.39,19.39000000000004
220.02,108.55581857240627
385.16,389.0124000000001
69.73,79.11226141632181
72.9,89.27550666666664
45.0,52.78759999999998
36.75,64.16120905372404
135.0,163.133555
269.55,335.04295000000036
193.6,113.24437142857158
213.74,149.45727928571432
822.9,301.6565761904761
38.37,41.47897619047615
151.58,170.57104000000024
119.88,128.2347
206.76,130.96581666666654
340.08,359.5744721428572
215.55,207.97769666666656
75.58,81.08874999999999
82.73,87.58039236568746
97.87,97.87000000000008
77.57,128.49826210518762
127.92,155.22776166666677
164.79,164.86870000000033
83.07,61.64459999999998
190.43,210.2378785714285
208.51,242.1654269039292
234.57,242.76216666666676
100.0,144.21790000000024
212.76,161.25824913043465
49.79,52.17189999999999
243.4,137.9958966666666
234.69,541.2614253261356
110.77,119.13429999999993
75.56,62.52612380952389
49.85,65.8908260739261
163.27,140.23534999999995
32.1,32.54849999999999
122.1,65.15360890492573
90.76,96.44704974358976
52.57,52.29310000000004
120.08,122.39579999999997
64.17,74.51724999999993
24.82,8.230600317460318
140.91,170.9579000000002
43.62,44.302299999999924
37.53,37.44630000000008
57.51,64.9907574873738
142.26,159.73029999999994
97.21,57.74051708152956
99.34,99.3400000000001
57.78,51.81924464285712
54.62,81.761410995671
178.26,122.81088333333334
187.76,260.137435079365
47.22,81.6683995238095
83.8,127.30752446442453
86.15,150.82188309523798
57.05,59.24025749999998
55.09,53.04266666666669
78.75,97.0995
84.48,100.22049404761901
298.32,213.57000000000008
82.73,83.79199999999985
66.56,141.73379090909114
88.72,54.55224149406151
90.28,93.61590000000004
340.47,957.5921758238826
142.64,142.48200000000006
228.78,240.2562600000001
68.04,91.00809000000007
75.98,150.06649999999965
95.18,83.33240000000006
63.6,74.28697638342051
252.79,248.80000000000044
262.12,240.17937499999996
385.74,380.26426666666697
92.5,115.04343759740259
55.04,70.18166884250253
682.83,619.2934000000012
91.72,101.12284666666666
54.6,74.14738333333332
387.99,281.00460000000044
26.38,26.80978333333339
40.0,152.6065545565545
72.83,65.36026426237166
105.38,105.8460065512905
177.12,111.60915532467533
28.75,52.226743333333346
94.5,107.82114545454547
90.88,119.32733844597541
589.92,527.698599999999
266.5,427.12829999999957
27.3,37.3165
55.64,35.35717999999999
1312.67,1318.6562999999992
262.07,238.49379999999996
10.63,55.82701166666669
232.78,243.75680000000003
169.5,110.8433387445887
147.37,147.8026916666668
88.49,89.53409999999985
133.14,214.5410999999999
146.68,99.32322469943719
162.15,121.80856746031748
767.84,461.4416999999997
130.16,161.21548857142855
172.52,172.52000000000032
53.79,74.5815125
63.1,64.88631833333342
211.97,211.4378464285715
33.38,41.41451111111112
174.22,127.17862420634926
38.1,44.63965714285717
72.96,36.12133857142857
288.76,299.2086199999995
172.57,200.4836
599.56,400.86464999999987
6.25,25.408430317460308
242.02,231.53450000000026
66.39,76.12261785714287
60.61,85.5927814204546
123.61,149.6942133333334
369.28,369.98526666666623
162.46,117.23783095238078
148.7,155.51926590909108
129.83,84.33570000000007
69.31,76.4264520588236
238.23,229.1046543812068
68.96,72.00513333333329
200.87,214.61199999999985
31.69,34.951600000000056
152.42,170.54981428571426
64.18,99.86458333333341
196.5,98.03230714285715
678.08,684.0395666666667
24.49,58.95338833333342
131.46,132.0766749999998
60.14,32.29600000000004
115.4,210.96784166666686
77.7,79.1936999999999
323.52,373.23996793650787
24.1,24.884366666666654
42.2,97.97523809523813
91.23,96.18099999999983
22.38,23.78673447607949
48.69,53.20000374889736
176.65,179.01549999999992
270.32,371.7588000000001
85.83,93.41434999999994
377.94,222.89360000000008
79.29,156.2337433333333
60.2,43.98851111111107
269.08,273.6563500000002
69.7,89.68289999999999
132.41,133.64698809523802
50.0,710.2136999999996
248.57,288.53958000000006
45.01,48.169080000000015
63.65,65.3693666666666
38.89,132.5042119047619
86.64,105.49529687312686
456.15,440.08720000000073
44.1,47.791399999999996
165.48,166.9441999999999
62.23,65.98094166666665
202.28,104.3021322302448
282.14,165.12218690476195
132.95,171.68857403846184
34.8,34.81630000000006
167.28,167.28000000000026
107.78,110.19452119047628
178.54,123.73709999999997
113.65,130.24570000000003
49.83,22.928099999999986
597.2,592.498572815533
55.37,76.54425333333333
242.98,255.00557499999977
48.02,67.9723356277056
98.23,115.76792499999993
811.51,810.7005249999995
169.23,195.01669999999984
150.83,153.99734642857138
90.38,90.38
138.72,124.7789666666667
81.85,85.96751666666678
186.42,260.6790999999997
143.99,160.27521944444442
103.76,90.00639999999997
79.2,132.54947142857137
359.64,401.32389999999987
268.84,268.7759000000002
94.94,95.5702666666666
85.72,70.21450000000002
41.79,74.5283728571428
36.38,35.119309385322836
54.42,130.3996767676768
95.3,97.80149999999999
220.78,578.4625558585851
116.6,162.88035833333336
233.88,168.06127
74.36,83.62179999999994
1166.44,1188.5347000000013
91.16,94.6564499999999
151.06,100.22023414438509
127.01,122.57823166666678
148.16,195.57443619047618
37.0,36.94945
25.38,33.27796500000001
66.99,107.35585499999992
113.18,67.56876757606643
139.8,84.01677656704558
40.88,71.75138821789322
118.01,127.99797523809531
137.53,137.52360000000022
38.64,38.61099999999996
289.95,286.20606000000026
76.6,78.22818333333335
172.52,203.08892500000013
40.88,116.86156051658261
136.61,139.4708583333334
473.43,456.84229999999974
39.42,47.12281333333334
143.02,143.30139976190478
213.74,152.7830000000002
182.6,202.08249999999978
177.8,98.02209447358187
368.6,368.59999999999934
102.03,118.20972682152552
50.0,146.58307142857123
37.09,37.05000000000005
16.89,17.6082
20.62,165.20427571428576
719.33,722.1518000000002
173.27,167.11970240495495
328.3,304.47460936507946
320.04,104.73884833333334
148.0,145.53519999999997
169.62,177.82590000000025
223.22,198.35740000000004
87.45,92.72446666666661
356.16,318.92219999999986
127.01,123.88535444444442
36.27,41.66203333333337
69.12,69.11999999999992
132.19,122.57917499999994
90.19,143.55954999999997
116.05,120.44649999999993
186.94,240.43865674603163
129.88,110.91449880952372
39.54,20.165673333333324
228.82,233.80799999999988
82.33,136.45969692763853
85.94,104.57590741302973
51.49,114.69640246309254
218.98,221.01555000000008
121.62,249.24513666666672
29.61,33.89828954545456
238.69,234.46338223947245
85.6,85.59100000000016
137.56,165.15650000000005
121.64,127.7084999999999
66.89,67.96420000000009
2148.4,1381.7250375649344
25.0,36.64612083333331
215.14,212.60898333333319
28.88,32.93136380952386
100.62,43.52746666666667
67.3,190.44823560036457
108.12,72.1805
137.03,138.93480000000017
130.04,167.11970240495495
238.72,194.3924821428571
141.74,141.44799999999978
86.99,86.49509999999984
125.93,173.00644107142855
29.78,20.853286269841274
113.44,116.82880000000002
67.13,73.72428888888892
96.8,113.24437142857158
271.23,292.9658999999999
53.48,71.95557611111114
22.29,26.677115476190465
38.29,29.180409532967023
178.25,187.46640000000008
345.4,354.61966666666694
96.7,124.25783479853482
189.0,234.8841251375492
122.62,132.05635833333318
113.34,138.53423333333322
97.65,99.94934373626359
102.58,104.71029142857144
215.55,230.9610666666666
25.75,27.355
22.68,23.328699999999994
218.08,242.19069083333355
165.39,322.6851999999993
93.66,108.10850940476195
1506.05,1123.5810999999987
70.49,94.83530000000002
86.2,66.88044999999997
112.46,115.7978375396826
68.35,69.61991190476202
1076.76,950.3627999999989
186.23,74.376375
62.78,62.905559999999966
162.65,165.91850714285695
138.14,139.19770333333315
111.82,72.34236000000011
136.0,110.97470000000001
45.58,313.8407000000001
309.35,356.7922999999999
108.51,112.64410000000015
112.3,117.9142333333332
82.33,136.45969692763853
100.0,223.53000000000011
144.58,144.58019999999996
129.22,65.29244000000003
166.69,92.42364650349641
77.57,125.01264010334224
94.76,47.493222222222315
214.07,109.76754000000003
138.1,135.0326090476192
37.01,40.01193119047621
315.54,307.49090000000064
88.09,131.650479532967
247.04,607.3510146557524
46.0,45.933566666666664
75.17,78.72976666666666
344.89,370.0393
27.6,30.655298143523133
129.49,176.1401266666667
86.72,86.72000000000004
195.89,195.86029999999977
184.93,214.55260000000013
103.48,142.7491980392156
44.0,44.0
148.77,97.73859162337669
84.02,180.21299974358965
475.82,358.2677
137.47,150.25299999999987
74.97,84.13953020923516
138.66,133.04975499999992
139.13,144.45274999999995
15.0,26.923857948717956
71.63,84.56229218529838
118.89,135.07928571428562
85.6,84.56980000000009
1640.6,1628.8294846153863
59.09,97.91888666666668
120.12,141.9552535714285
75.98,56.04426666666667
130.01,129.93492727272744
223.5,244.9539999999997
1507.56,1312.8375999999982
403.26,399.86599999999976
203.9,208.26607500000003
256.37,257.3545666666667
171.75,161.07072051282051
48.21,48.21810000000003
61.1,78.59907194444446
59.6,61.59310000000002
775.98,1067.4649
154.73,154.72999999999968
143.06,152.11448002886002
403.24,505.8986999999999
171.69,184.5129
295.98,253.2273999999998
106.78,105.81527500000001
128.29,128.25790000000015
55.68,43.99346666666663
133.48,237.5266412698411
98.28,205.86526785714278
76.2,6.513050556453345
136.5,137.75069999999997
32.77,44.584920068542594
129.36,134.85913409863167
320.3,345.13075
61.93,68.79045000000008
72.18,68.35260000000007
216.18,215.7776
23.84,34.03746255411257
140.03,167.67379167919793
227.74,149.8730916666665
70.75,86.37018968253967
97.72,86.31645244588748
81.82,86.3579499999999
104.68,107.28790000000008
495.78,151.9106999999999
45.82,69.84613476190475
102.03,108.05798514376802
47.71,243.95485714285718
297.83,303.5273000000005
224.1,290.294935064935
31.88,31.880000000000074
183.49,192.54220000000004
609.66,524.5294026884881
69.93,87.88505500000001
106.17,116.87160000000002
221.05,220.79994000000016
405.54,398.8158000000006
83.5,93.41434333333335
191.91,181.9221333333333
73.63,130.8087450000001
53.4,76.5118666666666
141.82,140.35329999999985
335.47,335.4700000000004
205.42,193.71904285714285
73.93,118.33930000000014
20.0,163.08076691086686
92.78,77.75629999999997
3.68,18.169014885771166
234.18,258.60438333333343
235.3,301.4370233333333
118.03,118.02610000000013
94.21,162.608
114.03,155.7179
33.0,34.06493333333335
168.61,175.1457000000002
567.95,543.3667916666666
48.08,48.13689999999995
733.53,764.0488333333335
214.05,261.2163999999999
108.59,113.149300952381
155.14,136.44097749867188
37.09,37.09000000000005
39.15,44.27030000000001
32.0,32.138899999999936
168.2,171.9951000000002
62.65,63.59840037878786
208.18,149.91924000000006
149.0,151.4884
50.53,60.61875563492063
189.68,180.24590000000012
477.63,433.23199999999963
41.98,48.729199999999985
155.16,151.4214999999999
75.68,75.6800000000001
95.21,94.82859999999994
41.18,44.22180000000002
170.57,190.88318333333333
357.9,349.2012999999999
50.43,60.20848
33.68,38.279194874194424
445.65,268.84559999999993
81.43,88.63113333333345
0.13,20.380000000000052
95.18,97.31917531746045
72.14,74.39304595880785
236.04,227.55040000000048
181.69,186.6399999999999
122.27,165.3136000000003
86.64,58.60783428571432
130.31,228.2174400000002
148.15,150.2215666666667
329.32,351.8463500000001
27.77,27.769999999999985
202.62,207.97090000000003
25.29,30.385266666666677
131.78,138.33188333333342
247.61,157.39049833333337
277.0,228.70293583333333
294.06,236.70985000000007
87.17,97.98929166666667
100.86,240.32541333333344
362.95,379.7094999999999
215.3,234.24599999999975
280.59,311.10703928571445
47.23,47.85489999999997
34.86,46.9897466666667
649.86,651.7017999999993
163.25,163.25
45.21,48.2630916666667
1.78,35.749575809537575
29.09,49.62838244081942
341.85,230.98677064878748
25.51,35.026871666666665
155.73,155.7446999999997
73.56,50.02640801545908
148.0,92.75004108391612
77.29,87.91012000000008
197.2,197.73970000000023
116.36,148.8898566017317
88.2,63.78884999999998
182.42,221.5619333333333
267.68,339.26441428571445
23.38,26.29752500000005
113.2,115.56610000000013
42.3,24.224100000000018
306.64,136.8674356142731
208.54,216.90059999999997
267.27,117.08214166666669
47.43,47.42999999999998
347.79,275.30213333333324
71.55,80.72447000000007
60.44,72.34236000000011
113.38,94.02860857142852
164.42,156.73633023809523
444.23,445.8883214285712
172.3,98.0593003593628
31.38,32.35126285714285
442.63,491.99430936147155
241.18,164.21628779215072
59.34,82.7669611111111
66.69,68.5137999999999
67.24,98.30929499999996
120.19,125.17229233266742
202.82,210.02929999999986
3.43,64.25445000000003
298.22,298.3418000000004
253.87,267.8385500000001
166.8,163.50186833333316
7.31,42.19643999999997
135.02,144.93919999999991
10.26,17.367599999999992
166.38,248.95143833333347
31.84,31.866100000000024
78.65,150.35787142857117
133.38,136.8125942307691
3.52,59.518675238095256
122.97,125.34874999999982
57.62,58.703799999999944
22.77,23.220759999999988
50.1,61.427361904761945
76.78,76.83029999999994
132.64,145.26299999999983
118.7,118.6440000000001
95.13,156.20549029446045
103.28,84.83266999999995
31.44,72.31826784548784
91.74,106.19596166666668
434.32,318.7515999999998
59.0,82.98237999999998
78.3,98.76706666666665
605.56,594.282826666667
37.09,37.88135000000004
68.19,167.4297485714286
82.38,46.65432957875457
133.76,134.99460000000016
137.4,162.04725000000002
81.5,81.5
666.04,658.8489666666663
1.79,4.38999999999999
29.55,24.149
119.5,120.50290000000001
67.78,96.37390000000003
710.34,707.9058999999995
85.81,81.86820508967867
66.68,39.314562142857156
124.43,229.49740000000028
70.77,147.95325000000005
40.1,71.65044999999998
421.39,384.12839999999966
239.49,256.14100000000036
95.65,100.70936428571414
26.84,61.72920833333336
368.06,326.6147000000002
107.0,154.04940000000013
64.51,64.39263333333345
86.71,88.75048787878792
165.8,165.7999999999997
36.02,62.14148131868125
85.08,120.2551780952381
149.7,149.6895000000002
220.66,221.89115555555546
83.54,103.91161825396821
72.02,155.5159604761904
107.3,163.46029999999996
63.1,57.102627483137795
187.89,208.04933333333327
299.84,392.64728333333323
126.05,176.87848285714296
573.33,590.9771000000006
56.96,57.2631119047619
138.62,156.99885000000012
876.5,873.3543
217.58,186.3849
105.96,55.430660000000024
316.26,252.87809999999976
68.05,67.7349833333334
87.55,144.0927571428572
165.72,176.79578623737373
33.0,47.993200000000016
48.1,82.41361666666675
24.84,28.41851880952381
88.55,58.16156619047622
40.1,46.7622714285714
85.52,80.74310000000018
359.54,248.26613142135636
34.1,40.660382056277065
189.72,193.7441333333333
62.17,49.019978600288596
29.69,70.41397687449378
48.23,61.85815000000003
100.0,110.75779999999986
176.17,189.03589285714293
76.72,91.30880000000003
70.49,73.48976916666652
111.89,111.88999999999994
311.23,80.81228095238103
87.64,87.64000000000009
117.39,154.58318121212125
66.23,72.86290000000004
54.15,54.249000000000066
132.33,191.33230357142847
162.61,184.87962857142855
236.46,199.30174999999966
204.72,85.49887730158731
94.31,102.0923
275.48,193.58513999999985
380.08,159.54171294940673
170.37,255.08783357142877
161.05,176.27929999999978
91.08,70.97393242368742
356.89,432.5525233333335
93.81,100.4293500000002
172.24,193.87346666666662
108.83,112.00719999999995
106.54,275.5632571428572
93.71,96.46990000000001
56.8,56.795100000000105
261.72,272.10160000000025
102.01,120.3558166666666
39.1,42.28709999999998
134.16,165.7988754761905
265.53,324.9431238095239
238.08,226.42520000000042
1094.37,1072.724416666667
596.76,614.4319000000004
85.16,117.88043930203781
111.52,148.4482413492063
38.71,43.58642661616163
105.85,105.30630000000019
52.96,57.416460000000015
171.01,156.70175714285728
88.17,130.99136736447758
50.0,50.0
0.03,47.25804666666667
490.52,246.7688666666666
97.87,97.87000000000008
93.5,96.26854999999998
168.29,167.50620000000043
242.11,409.29805714285715
264.18,291.8522000000001
27.4,31.227360000000026
74.03,80.48219054619213
56.78,58.36356555895813
39.58,42.81752237164753
78.64,78.64070000000014
104.2,89.33847499999996
308.45,330.8903000000001
175.19,108.03340000000007
585.64,505.2615533333334
117.94,117.94000000000004
53.7,84.83323333333333
85.6,85.71236428571443
373.33,378.7998
101.14,46.37762138930515
104.22,94.62551666666668
29.43,80.71880666666664
233.87,235.41844999999995
196.14,193.53146249999975
64.1,64.1000000000001
156.29,176.7722059946772
7.15,17.367599999999992
131.9,174.11853666666673
378.24,461.77423714285703
181.59,163.57060000000007
111.76,116.29460000000009
87.16,101.28389976199013
102.74,105.3091476190476
182.94,184.7187
207.96,181.07679999999968
881.52,861.7367999999999
1429.59,1319.866491542624
39.02,49.951200000000135
83.34,128.42770714285717
58.37,58.26989230769232
178.74,184.81569999999985
479.66,434.8959000000005
192.28,194.87070000000006
70.28,83.94729999999998
104.86,116.29689145027658
123.75,129.65920000000014
100.0,58.124302142857104
59.6,60.686600000000084
12.8,17.426574761904757
75.17,75.42471761904761
121.38,68.60263333333332
43.27,60.46701666666666
54.0,55.2562
76.08,70.49178476190471
243.41,555.7948699999997
150.39,150.3899999999998
92.79,100.30309642857159
52.17,67.80821320512823
148.53,76.35110000000002
8.61,47.76410642857143
114.42,154.1950699284049
105.81,116.4426962121212
47.62,48.458099999999924
254.41,173.32109999999997
209.94,79.49829999999996
74.14,63.660441666666635
66.01,84.22634230769225
206.61,116.83379999999993
99.43,108.91660972116259
116.84,137.60562000000004
454.19,474.16390091575107
479.64,375.3728955555556
32.33,33.232829999999964
28.08,28.08999999999996
144.28,69.57764969747909
550.51,501.5547999999999
84.59,92.11382500000008
213.54,215.13150000000033
80.08,96.69535857142856
225.71,225.70999999999947
69.38,44.60230000000002
97.66,82.9342619047619
56.85,71.9840197619048
143.14,156.36339999999973
858.65,858.6499999999994
53.98,48.70850000000002
77.45,94.50609999999992
36.69,47.181257142857156
11.1,22.563715357142865
12.86,18.169014885771166
60.19,62.496043333333326
368.69,353.8860750000003
31.59,33.79780000000004
86.15,78.38540236432813
42.68,32.40303142857144
61.1,71.04502500000007
133.22,135.93791666666658
83.75,83.7498
37.61,41.84692909181281
153.1,156.36553333333353
63.88,63.88000000000009
142.57,164.6353999999999
42.27,58.75852221361966
182.1,182.08470000000005
112.71,113.22513999999977
144.64,145.7127999999999
111.32,115.54309999999988
397.26,209.85607499999998
119.93,119.91010000000017
162.96,116.24713644133648
205.08,190.71820000000014
43.63,42.6016888095238
188.85,188.51472
54.09,57.538510000000066
24.68,46.173599999999986
197.19,219.06329999999997
26.24,32.75334383116878
356.12,356.0867999999997
209.52,219.9861999999999
246.37,252.50419999999994
60.1,64.90690000000009
106.78,106.78000000000009
224.02,194.60459357142844
172.35,161.45560000000012
57.5,57.667766666666665
124.34,86.72109999999996
72.4,234.46338223947245
57.29,57.00354999999997
105.28,114.74879774344657
142.89,141.0862
100.47,113.7009617857143
91.16,121.93037087598668
55.6,64.31745333333342
39.26,39.26170000000008
16.62,19.871099999999952
40.79,62.13065833333333
201.15,181.66465263157886
135.08,159.40377404504855
105.28,103.88182982905981
663.35,664.5129
263.78,250.73739047619037
82.02,119.5059812454212
972.48,818.1731000000003
58.79,66.46631000000001
89.28,89.29929999999999
358.83,358.1187846153852
228.14,223.32542777777752
123.42,123.42000000000006
86.72,105.0774587912087
21.6,55.156196923076834
77.48,76.64839999999984
50.21,52.913533333333326
139.11,139.11780000000016
55.86,71.49474523809519
101.6,69.05612499999998
765.84,637.8734999999988
1949.52,1884.4298999999976
308.24,280.6545551116339
107.36,85.099296944624
427.1,309.21739047619025
123.18,143.72939999999994
275.48,193.58513999999985
143.36,204.12852976190473
72.14,74.39304595880785
81.46,114.20563166666669
113.18,108.78347928571417
66.69,69.3924095238095
111.28,149.6468416666667
66.23,70.56204999999991
214.04,215.21016666666685
289.57,292.19479999999976
35.68,68.17237833333331
105.29,112.60548928571424
217.63,287.0808333333332
54.0,62.60834364510534
38.98,19.198899999999984
102.03,108.05798514376802
1586.47,1398.5270199999995
402.56,402.56000000000006
109.5,140.65805261904768
116.46,103.38019999999995
142.57,84.26425
156.84,177.4411399999998
181.4,194.38709999999995
167.86,202.9460068181817
264.92,216.6047666666664
232.7,144.60502702465396
58.74,96.82165
12.34,28.677279350649364
245.99,370.2355147440794
484.85,502.9799000000002
38.38,40.02169907407412
43.62,60.05299999999998
157.2,165.77858166666664
81.82,83.94839999999994
126.19,198.56118750903133
100.65,102.02002857142854
78.02,91.41457380952386
75.25,104.938575
116.94,199.78229999999974
117.96,168.10823955544066
45.31,45.31
66.42,79.67630166666667
60.85,60.83350000000006
152.39,159.88022142857156
67.68,72.50492857142856
296.28,291.1957999999996
35.82,38.05230952380949
267.64,274.4171999999998
32.39,34.439313333333324
273.67,265.89360000000016
47.27,121.27850000000001
244.02,244.02000000000035
297.8,292.77919999999955
84.56,90.84630000000004
56.88,56.56049107142864
48.17,50.10850000000005
168.88,182.46270000000013
449.92,448.5452999999993
1076.76,950.3627999999989
100.0,110.9531
56.17,85.28745809523815
27.88,42.025470000000006
328.67,342.80239999999924
101.86,106.11330000000005
105.29,105.35110000000017
37.0,92.75004108391612
73.43,64.97031220285845
155.14,164.43863235943047
416.49,498.3449600000004
48.22,48.21999999999996
1381.87,1046.7596414285704
349.79,348.4509200000001
308.38,249.59148333333346
247.04,607.3510146557524
288.68,192.69355499999986
55.05,59.399449956709915
124.48,225.68680952380956
147.67,200.4974500000001
54.84,55.68800000000003
152.62,153.07860000000008
3.57,42.45455000000002
51.54,32.43514785714286
44.66,71.07128497379811
52.77,56.48271716411383
689.93,650.599526904762
30.38,32.48532888888895
77.94,77.02277777777763
52.72,69.5655938095238
41.59,61.551021031746046
435.44,435.37050000000005
89.45,115.18480416666672
63.5,34.0137802885625
50.8,61.11460000000008
64.17,80.30430952380951
267.12,308.6037333333334
100.68,65.36888238095243
186.5,229.1371614718615
100.25,135.68858333333327
109.4,108.15959999999978
26.38,28.85592499999999
130.16,135.46384999999998
157.24,157.15209999999982
56.78,63.077752702076225
55.44,47.16675035714285
83.34,78.2999000000001
48.87,48.260739999999934
526.36,511.7939300000003
632.48,542.3901666666676
150.14,150.43686612554097
89.78,116.87238929292931
63.1,62.87592857142866
258.38,175.9911281349205
207.89,202.84300000000007
98.69,107.30949999999991
164.06,110.96725309523806
86.14,93.84720000000009
92.97,122.72437222222234
118.35,162.7112346733216
53.58,80.51826194096755
69.9,84.01677656704558
33.52,34.71016468253969
339.29,167.60080000000005
43.22,43.21999999999993
267.93,278.4157999999998
6.73,124.04443333333334
164.25,173.8693383333333
102.96,102.96909999999986
117.85,120.66390444444458
119.76,123.0001500000001
104.79,104.70140000000016
58.78,67.44867738095238
31.78,37.84505487179492
69.9,84.01677656704558
303.11,303.5986000000001
70.72,76.83700000000005
181.6,217.30414999999994
46.52,74.73299999999993
65.54,113.7236932191477
1294.26,1265.733449999999
162.77,142.70826476190484
112.42,132.31412000000006
159.85,160.85787500000018
231.27,222.0400504758975
256.43,254.47948000000014
204.24,216.75258653846154
338.64,349.3309999999996
164.32,136.1077084981684
324.32,345.61500000000007
479.5,465.6407666666673
85.8,85.8000000000001
213.9,213.90000000000015
186.62,189.9252890079367
111.02,107.26006095855266
46.27,60.331234615384645
266.75,264.2728
56.69,61.95486777777769
179.78,283.47264999999993
324.66,334.94486666666654
123.5,90.19848358538053
558.16,642.8485000000004
86.52,102.76419999999996
154.63,151.19259217948712
27.42,35.29363558441559
665.98,664.8453999999998
34.22,26.07853000000001
302.52,302.5200000000004
317.51,207.7631333333333
47.28,99.11305
71.29,71.58764833333336
17.57,97.14818224339383
36.62,39.3741284981685
334.29,290.4281888095243
133.98,131.2721999999997
157.22,182.37856476190478
188.89,212.94561666666647
67.23,80.15735500000004
153.1,153.10000000000025
50.0,375.7686999999998
420.25,448.75321999999994
115.9,117.33313749999985
165.46,87.58039236568746
23.88,39.085483333333336
2.75,82.95260000000003
90.17,148.56240222222223
163.0,131.38675333333336
42.51,65.5998792704355
882.0,903.2821333333329
31.84,32.36600000000003
164.34,164.11470000000008
105.71,122.74132428571419
37.62,47.71313999999994
238.46,274.37211666666633
37.24,22.667966666666665
129.0,148.57214666666658
64.01,70.84220214285716
369.78,362.2757833333329
156.22,202.82140595238099
56.69,64.50384777777774
65.0,68.52780000000003
138.49,182.61876666666666
74.0,92.75004108391612
430.98,322.586594520757
89.68,29.587116666666642
135.35,135.35940000000022
167.63,169.85014999999996
99.41,99.81971401205224
105.54,109.22762575757575
215.5,314.61123666666685
172.87,201.352
36.95,37.04869999999995
58.99,59.583699999999865
37.03,26.435362499999965
116.36,122.4427000000001
275.98,175.9727267307692
50.09,99.16550000000014
171.0,171.0
139.82,156.0627595238095
1.31,8.437307654585267
25.32,21.968703333333334
103.15,102.53486
94.14,89.00675777777786
45.0,46.42954126984127
55.76,34.14570000000003
41.34,39.44726666666669
49.31,121.20550000000001
287.3,206.9436916666665
150.76,100.20031119047617
279.39,291.17060000000043
37.77,37.76999999999999
263.18,259.6611857142858
401.53,398.89171333333326
68.13,79.3086
53.09,50.38172305361311
178.03,298.05988690476204
225.67,230.5767999999996
71.1,68.48500000000011
209.5,207.8393
60.0,43.28895333333333
286.02,286.0200000000004
26.78,33.38232072784644
97.2,127.14270000000006
98.54,99.4804000000001
63.22,65.74557
28.79,47.439400000000006
43.42,49.97460000000003
43.17,36.77075583333333
67.5,130.59451329630386
81.2,78.8571582219251
25.0,31.065947878787902
23.88,30.977199999999986
247.95,279.69140000000016
28.75,34.70109694489116
108.88,116.5234333333332
732.29,419.5626058333335
321.76,324.86220000000003
360.99,164.50653299783545
172.89,194.06064999999992
74.17,86.93769166666664
102.97,114.72789999999998
261.8,202.9501249999998
34.01,36.396052380952426
168.09,124.56996111111116
69.54,69.05569999999997
373.88,240.43865674603163
175.77,175.7678000000003
11.91,82.46321199999994
355.26,364.16359999999963
219.47,120.89621666666658
45.53,46.68920000000005
262.94,265.37389999999994
256.47,626.5311333333339
94.43,115.68507999999999
209.08,191.35110000000014
37.53,40.755716580086585
384.86,305.25499944444425
58.72,77.01372333333335
176.65,176.41154999999992
998.1,616.4692348075536
197.78,211.4977501984127
47.05,55.706113529411816
141.75,153.6212833333333
52.13,57.809900000000034
32.19,34.02200000000003
99.9,129.45644109389906
135.17,77.01675619047616
138.19,153.69419999999988
315.2,264.3364933333336
62.01,62.01000000000015
20.79,21.24301333333333
125.2,205.96796666666654
136.97,138.47079999999994
264.72,252.60798330447327
160.31,161.15342500000006
33.22,38.19902500000003
59.43,59.96820000000005
138.93,171.8892999999999
456.15,418.0684499999999
237.53,240.9302005952381
135.08,159.40377404504855
54.33,57.83366363636362
59.28,73.84974166666673
68.43,67.45082893793277
109.5,110.8055
114.8,129.56420714285716
138.96,142.84709999999976
77.57,136.44097749867188
120.14,134.26615
306.64,136.8674356142731
68.41,80.01610109890103
266.58,287.8316333333332
14.72,44.72364928370994
65.14,94.21879000000008
79.33,79.32999999999994
30.09,32.38342444444445
114.74,114.73999999999982
239.42,247.07997333333304
18.84,50.76634087301584
47.43,47.42999999999998
70.21,119.20537123015873
67.11,71.6031571428572
45.95,65.88866923076925
264.16,178.91420978869283
45.21,47.49597250000002
394.83,131.61000000000016
37.37,45.055071190476156
56.71,57.04927500000002
97.46,128.1198374999999
165.96,122.70178664022899
27.68,31.043533333333315
959.77,918.6399333333335
43.34,66.17698464285712
35.36,63.508435151515144
57.38,67.25082141025646
75.5,52.061227507215015
60.0,67.61963350375115
98.61,113.59953476190482
88.08,135.92393824965214
413.29,408.8788416666667
63.42,91.61317333333331
68.48,77.71524333333329
140.22,218.98605714285722
87.58,60.96740999999997
349.87,341.3989325641025
58.28,97.74862333333334
6.0,5.882709273406334
166.98,156.56461666666664
410.53,429.6612783333332
27.76,60.504083333333355
35.84,35.87904444444449
34.85,33.08815000000005
6.5,22.281433333333336
139.81,158.0210733333333
163.24,163.2399999999998
38.01,47.14449265309726
38.72,39.92348333333337
184.93,212.12137622460875
51.35,56.15508285714286
139.04,203.07189880952384
136.99,244.9560572727272
279.13,310.63695
218.7,213.5049800000004
44.24,45.3371999999999
286.64,362.0139000000001
177.03,182.41856666666666
62.01,71.69955000000013
108.71,102.28891583333329
55.23,69.60364583333337
225.67,223.03629999999973
97.71,99.08211666666661
205.07,203.8637499999998
505.5,291.3907922799423
706.71,406.5195333333331
120.53,136.06105000000017
128.87,77.27975000000004
52.53,60.94226333333332
107.48,116.75800666666673
32.96,33.701081666666695
106.37,122.93416857142866
231.34,182.72763523088014
163.77,163.90769999999992
81.05,102.71286999999998
256.5,248.8085
59.6,61.01580000000006
211.89,215.71894166666644
1475.08,1247.2280333333342
51.75,40.232933333333314
23.86,22.405758333333353
219.28,248.3114916666665
76.24,78.79489999999996
307.5,399.2322666666667
35.55,44.813366666666646
145.03,174.80836666666667
100.24,136.29696444444443
35.08,53.3167
61.09,65.21658457004837
568.61,849.0990545454545
32.63,36.03670000000005
230.84,188.11880000000005
119.57,119.56999999999984
203.05,202.24954999999983
64.42,69.71087000000004
34.0,22.31009761904762
34.77,38.54138333333338
117.27,173.12170000000032
0.14,80.44758523809519
74.33,91.16220000000003
105.74,104.0312166666667
150.05,147.7335499999998
54.79,54.800873131313075
269.4,294.25113333333337
0.37,31.732188571428587
211.6,211.34331111111103
33.0,36.394492214468535
64.09,64.32420000000008
135.94,140.6577277777777
61.08,57.35148999999994
302.44,318.4769999999999
111.85,108.01966000000017
102.17,102.03040000000004
25.0,21.05702380952381
56.44,29.516240000000007
102.51,138.5380163170164
391.18,326.72628333333347
117.85,193.59407996211047
254.14,254.26779166666657
65.54,41.338465111937715
95.31,126.28044999999992
38.99,38.19053769841269
57.46,62.46365000000002
62.64,63.947650000000095
136.71,155.1717
74.82,68.35420000000003
53.48,53.488899999999916
372.01,188.6242066666665
99.8,94.46017099567096
168.31,169.79619999999994
29.35,36.12756666666669
216.0,168.50785714285718
98.11,188.665795
286.84,326.96015500000016
250.85,257.78452857142884
218.1,269.9666600000002
220.16,245.4037894805195
80.54,64.26010000000001
100.44,67.63369071428572
145.58,145.44323999999997
442.29,460.0820302197801
104.37,107.49110000000012
67.5,130.59451329630386
899.27,898.7827000000002
58.48,146.5413000000001
64.23,64.23209999999985
30.16,82.57845694444443
64.09,67.03053333333338
94.76,124.02378761904757
42.62,44.82268888888886
155.94,103.61523876850517
938.78,1007.8046433333336
118.61,178.7732926190476
284.62,261.6763
155.14,151.21544035217164
70.27,70.26870000000017
144.56,143.33269999999985
162.44,205.30997873015866
67.94,67.17935190476197
105.68,118.13921555555555
2262.8,2262.799999999996
87.64,87.64000000000009
712.89,414.02490999999964
107.08,82.76369988622491
187.26,96.95932049589295
114.45,114.45170000000012
1225.65,1225.6499999999978
66.05,89.16723789682541
136.6,114.94295500000004
152.88,152.33399999999986
4.65,4.517379992784993
63.82,70.54816666666663
207.22,182.91887142857132
60.63,92.46289999999999
65.0,65.66579696969696
48.77,137.82153000000014
181.33,225.3363127555778
49.16,64.87334137085134
157.79,157.68800000000041
84.82,121.910019047619
48.73,61.91310681818185
833.1,826.1843000000003
63.96,58.712959477124194
139.69,173.3872627747252
78.42,109.47238000000007
87.64,92.85514877344883
32.0,32.10467856209151
103.55,174.13555196470188
78.12,91.86105023809523
123.69,118.05913333333332
273.48,230.98677064878748
353.21,363.311757142857
71.04,71.05019999999998
55.13,38.31522166666667
64.0,132.90011879909486
21.77,28.784016389863986
138.6,138.60000000000025
385.37,318.79798333333343
254.18,146.00489999999994
106.43,169.0002759523811
141.44,122.28983333333333
279.0,263.53271
163.65,163.35314999999983
64.42,65.3497533333334
49.31,56.855800000000045
75.65,92.8373777486428
65.0,108.83136002886003
145.79,145.81490000000036
190.03,203.74421339285718
116.9,86.62819297619048
140.68,142.0407
89.21,89.19709999999995
62.98,76.96770000000001
127.48,129.14275999999992
48.21,61.04559523809527
114.69,119.38986785714289
70.54,56.58830500000001
75.46,160.16192559829054
135.62,151.10686990953508
84.52,68.38092333333343
62.69,62.6053999999999
83.69,109.97576666666664
32.77,35.271632467532456
65.71,58.154036116909346
128.28,127.98062000000014
84.84,97.54296333333339
727.98,722.7317750000009
28.0,29.909728333333327
112.76,114.39360000000016
185.43,185.23050000000006
43.6,53.80815999999994
9.35,46.97049999999999
117.96,168.10823955544066
37.35,43.55762750000004
136.95,171.04768571428565
20.0,20.866478174603188
47.95,58.66210793650794
54.05,536.0748250000004
102.26,102.2070714285716
138.72,155.87398524142512
199.54,230.83193142857115
218.27,262.6060833333334
209.12,262.7782533333335
491.84,547.9484300000003
78.42,95.44434166666672
100.0,370.2169666666663
30.93,36.00309999999998
54.95,80.4022095238095
170.54,168.92656666666682
106.1,118.35481982142852
22.78,88.56207375513382
190.43,193.28090000000017
115.36,124.02036333333336
76.76,86.69832500000008
260.73,263.5590999999997
511.74,1471.1119000000008
129.24,87.52308571428566
62.51,62.54640000000014
34.0,33.564466666666675
154.14,155.72949999999983
194.44,194.4911999999999
108.0,82.19041428571428
179.12,331.33600000000047
653.21,457.1974999999999
264.54,270.96010000000007
217.86,225.51343333333352
276.34,259.5359000000001
51.0,58.66942222222227
76.17,80.44996666666668
88.92,145.81828857142858
66.86,70.46852499999999
74.41,76.98749999999991
107.87,141.60937396825406
117.58,121.60709999999996
274.74,329.56532500000014
271.03,275.94450000000006
188.62,157.40182497113994
78.35,102.48310574651077
64.0,64.0
63.74,132.78100999999995
38.2,193.41229999999996
51.63,42.86404354811855
50.01,53.46967500000014
85.83,97.17734999999998
54.22,59.452090714285696
303.2,245.3674031746034
5.77,16.794684997502497
34.68,34.69603749999998
36.27,37.431597619047636
308.36,226.90967500000022
133.52,151.664473452381
64.42,80.92579355354793
214.12,248.68455333333347
4.75,54.12539999999996
200.0,100.35463333333335
162.44,157.66730000000015
105.16,105.25259999999989
235.74,233.38300000000018
378.8,413.66626666666684
408.79,431.31069999999954
56.99,57.849066666666566
163.11,166.7938000000002
131.76,65.8800000000001
139.31,139.4073999999999
121.39,119.22882666666672
28.13,58.60166666666669
169.87,169.8700000000003
381.22,326.5024000000005
203.9,229.3262500000002
254.25,260.19649999999984
852.49,998.7671616666668
55.0,134.95618095238098
29.49,47.63331952380955
134.57,161.1076228571429
39.42,38.050942380952385
162.52,141.78308000000015
146.3,82.37408422137149
67.36,87.36995195471198
891.86,349.98830551948043
75.17,32.0141942857143
112.71,112.70999999999978
22.29,22.289999999999978
397.7,369.8408000000001
113.5,75.94849642857145
315.32,379.6440187301585
67.36,51.24106714029005
48.22,48.20799999999996
71.13,71.55500000000008
253.52,296.97718333333336
148.62,63.333380119047625
73.72,107.70672791125533
60.0,60.01
100.0,57.31045920634919
358.04,358.04500000000064
216.63,106.75016428571429
32.1,70.2278999999999
186.0,182.08323999999996
66.67,86.90579188410209
281.5,365.15687500000007
45.86,56.08779006167866
113.72,165.95602500000004
404.6,355.7877190476185
12.32,44.439673498992846
165.8,196.00957666666653
453.92,859.690499999999
117.37,123.67605000000015
67.36,69.76029999999996
213.0,111.9900333333333
146.13,154.90379999999993
327.17,261.93349999999987
309.57,327.50841666666673
268.62,269.12771999999995
72.27,96.68278000000002
1798.01,2054.1758
100.24,114.54339047619045
59.37,75.14252333333332
97.5,36.28195000000004
109.42,96.78590961005457
214.84,105.10131191197698
241.83,240.04699999999997
101.73,101.72999999999975
104.68,136.3386666666667
147.34,147.2365000000001
132.57,132.17539999999985
85.38,55.285364002284105
38.42,44.44326833333338
31.73,64.69395928571431
216.6,136.38094339826839
7.63,10.951975702517291
228.66,144.3302827380953
92.86,139.16958200000008
669.96,496.6339700000002
42.62,44.37163500000003
106.02,91.90620666666683
143.02,166.36018666666664
134.03,146.39872499999996
29.9,48.36609499999993
127.55,169.79439999999988
58.26,65.48143646464639
68.16,91.07583333333334
39.42,79.41502935064939
106.16,110.23833353849115
41.51,41.56020000000008
130.25,133.81199999999998
206.74,103.37000000000009
89.88,111.01689055346213
0.68,118.52277333333332
145.58,145.57629999999997
81.89,110.70084166666669
128.46,143.7926999999998
25.86,26.947010000000006
52.38,60.96562400432906
91.5,122.2278999999999
152.28,176.00783833333327
1372.1,1355.1662000000015
170.43,169.96540000000016
672.4,693.2593599999999
125.12,129.88230000000019
176.87,182.85809999999998
55.0,90.06730909090908
168.66,137.1191237567987
96.66,83.44581333333326
57.98,74.07434999999998
510.78,544.2484333333334
154.13,175.47753333333338
91.86,103.26890000000009
76.29,77.74404999999999
67.18,92.73478000000004
69.73,77.40503303307798
101.94,68.86212714285713
100.0,38.13602261904763
294.76,322.5878000000003
103.2,102.24471666666663
73.34,99.41987256251826
679.04,571.0793111111116
152.94,133.77826666666675
169.49,169.4899999999999
309.73,307.0027800000001
57.23,64.49110714285719
91.86,103.26890000000009
163.68,140.44360703629707
100.12,102.04663620460198
455.36,456.14260000000024
706.33,691.5284714285716
108.59,110.15514999999996
818.01,548.045848898234
128.5,132.14793333333336
48.82,56.76246666666669
186.82,186.81999999999982
275.47,282.7233
343.68,107.10792301587293
432.54,438.6427000000001
223.89,224.82503333333335
257.94,193.18165632367644
157.3,160.52231000000006
36.09,57.02297999999998
67.11,82.36515000000004
52.18,40.90203000000002
280.08,258.69980000000055
38.63,56.870692142857166
216.26,229.69176000000013
945.78,696.4923999999995
96.65,104.06236042042482
132.08,178.91420978869283
37.69,47.71969717948716
84.28,90.75100490981245
184.2,274.3368000000005
53.53,50.85297500000002
225.57,264.98920000000004
76.44,52.99419999999997
8.88,20.13728642857143
85.56,48.41130000000002
885.36,884.2717714285715
164.45,109.33053047619052
189.98,183.43139999999974
1303.5,1122.149999999999
30.91,19.786526904761896
23.9,158.14714404761912
237.62,208.1018
125.88,120.48811666666664
101.54,133.3978285714286
247.84,249.70633333333345
71.15,111.0614927579365
146.47,247.2738749999999
12.45,98.98796666666676
69.34,187.98928095238108
101.84,101.77960000000004
320.14,547.9286999999999
145.57,116.12978666666666
52.3,40.509618095238146
175.72,145.9953999999999
121.55,112.42954412171163
30.0,33.527540158730154
91.29,94.47987500000005
218.08,208.4533250000003
159.16,166.65939999999992
73.53,89.50113333333339
60.42,48.87719555555558
202.98,206.39809999999972
235.46,122.17027499999973
50.69,61.36565000000005
185.94,188.71700000000004
36.77,37.26475714285713
326.91,327.16749999999973
126.48,126.47949999999972
94.63,94.63969999999996
224.7,243.37348999999998
59.14,68.57380833333336
72.38,132.69666666666683
61.59,63.46554000000009
67.77,68.02199999999998
233.41,351.22030888888884
6.67,8.424925
305.56,345.83779999999985
34.89,45.47440000000003
146.04,82.66544952380954
294.3,140.76007166666656
206.87,218.55513333333343
24.96,55.51563333333329
138.99,125.14928333333337
69.46,95.94990071428565
47.44,58.50328190476187
310.65,149.82377018059552
71.46,76.89539999999998
37.23,64.52345666666672
82.12,81.45004833333337
33.69,48.74465000000006
156.14,193.77071666666671
124.22,136.73950000000005
327.66,319.5556999999999
50.1,53.73360000000002
36.07,213.12325423076925
152.31,151.66065
64.0,72.38926952380953
396.23,468.1484999999999
65.0,54.11556229114451
1.58,87.0894333333333
192.19,119.40057435897437
70.03,70.32806666666664
52.59,54.95283333333338
286.83,341.2318999999998
69.33,79.54714166666666
211.51,291.87029999999953
51.21,54.122313333333324
1526.26,1561.0249000000008
206.54,259.6865872619046
363.74,361.36960000000033
87.32,87.52401333333333
257.79,179.6013864285715
194.92,330.7921000000001
64.47,96.98422666666667
274.97,280.01043333333337
352.64,370.4414777777781
1458.51,1441.1271999999992
52.92,91.07145000000003
216.54,119.02014999999996
174.08,173.5456000000001
889.28,801.8654999999992
172.16,172.15999999999988
117.68,143.3506333333333
18.62,18.61999999999995
58.65,60.94299999999995
141.48,99.94305190476189
60.75,62.24248333333337
98.03,100.78714526315794
144.0,143.70076666666665
201.65,252.61539999999994
40.0,54.767384704184714
48.01,49.09854666666677
18.27,45.85164999999999
43.41,49.71795321428568
128.36,95.51279047619052
76.02,81.08223952380953
53.81,42.30151285714283
138.96,136.31471384004897
101.61,59.360149999999884
85.38,126.32423690476193
315.84,315.8830000000001
54.0,67.64373551448554
80.2,80.21499999999988
28.87,29.114649999999937
33.7,34.508033333333294
48.21,52.26485333333337
123.92,179.6374999999999
125.18,106.83149627379161
21.87,25.92661722222223
160.54,160.39580000000038
45.0,45.0
7.54,61.247099999999925
493.93,567.3604657142859
219.44,223.0869999999998
426.27,332.29072500000007
48.22,48.20799999999996
260.58,258.57880000000057
133.25,133.03433333333334
310.2,309.7148188311693
46.85,55.76246666666669
164.07,195.90754000000004
133.58,199.8316
158.13,284.8327944444443
165.04,170.45096666666694
56.92,75.9785066666666
404.28,321.510046007326
213.54,152.77690892857171
28.62,29.05954071428571
46.78,72.95094976190475
81.64,115.37042999999989
446.36,200.6116999999999
170.28,169.1930333333333
88.72,104.44349999999997
49.59,49.32511666666671
52.38,60.74555
186.16,195.57536666666667
94.11,122.5802233333333
81.24,93.53790666666666
316.35,120.44865603129297
1100.0,949.3658928571427
68.22,68.18657222222227
42.78,47.36319904761909
123.82,123.81999999999984
106.87,130.53384970862487
1736.3,1460.2691000000004
51.75,55.07240464027716
400.66,368.22239166666645
165.96,122.70178664022899
44.42,44.42420000000005
59.43,59.97853615384621
11.55,84.14527103174605
312.39,305.64539999999965
56.58,62.01251666666663
154.01,165.42490000000015
111.24,72.35427999999993
75.58,118.93946666666665
183.4,191.57334320707065
193.92,143.71384
189.78,198.08904690476191
43.0,43.0
123.79,127.19567619047616
146.38,148.77149999999986
72.18,191.98645642857124
65.71,61.11683810627453
122.87,149.22023000000007
44.6,47.683049999999994
82.11,79.06320000000004
103.55,185.80380865800856
69.9,84.01677656704558
89.17,105.62573749999996
53.64,44.09430476190472
342.03,403.7083766666664
133.88,143.8534500000001
100.93,122.27473226190483
62.99,34.30796000000003
979.26,855.026281944444
65.71,60.12414339193449
41.15,87.70378333333329
111.88,87.8422073809524
41.69,42.50550000000004
62.31,62.02560000000004
308.42,310.77989999999943
175.6,115.9684666666667
41.95,23.917433333333342
72.0,50.96254575642947
52.77,53.183900000000094
66.12,79.04859999999996
133.81,82.43308047619051
99.54,199.6642400000003
171.08,147.35041334130776
39.09,67.7634589435938
94.29,96.22690000000003
87.64,104.03016888888885
185.32,176.61216999999985
140.71,146.1016414285715
355.11,389.5028327380954
243.4,164.83908707681206
365.38,440.5029716666667
242.49,275.40632976190466
504.56,513.7827000000001
802.65,903.2868000000002
107.8,96.26581266708607
57.1,57.693366666666634
273.45,311.63925333333344
71.15,82.24487142857139
58.59,63.412993724290445
122.7,150.7214000000001
35.0,43.25173680970627
56.78,63.077752702076225
1184.55,1105.3338200000005
197.7,195.1416666666669
262.59,262.57390000000015
100.0,78.18093333333327
372.0,362.718
67.08,51.98961666666665
88.27,87.5660216666667
194.48,194.47999999999968
47.29,52.735028571428536
61.18,85.08937333333333
61.36,62.50519999999997
223.4,228.46420000000006
751.05,660.1758999999994
55.78,57.28955000000002
78.38,104.37879999999994
58.01,58.3287333333334
62.39,89.38344166666667
199.24,196.73115595238093
204.92,193.47569999999982
50.93,69.92766333333333
185.62,193.02170000000007
98.98,72.6705620959596
318.34,318.42040000000003
254.58,235.4167500000004
35.69,42.69300000000001
148.14,131.19532139794035
240.23,270.2139083333331
94.72,123.29278444444431
33.34,37.0743495310245
30.7,30.72639999999996
176.2,178.6651000000003
88.84,71.4522166666667
294.97,391.2389891025642
100.0,72.96898000000003
28.07,28.066500000000033
95.33,100.72540909090911
62.74,107.60499999999978
174.63,189.69019999999998
104.72,81.97430000000004
58.71,96.92955714285718
163.44,166.49130000000017
21.11,32.442687847985354
201.09,214.66459999999995
135.59,150.01409999999998
93.26,74.04066833333337
117.6,83.20953333333338
103.06,105.3695
94.35,94.35000000000018
42.13,48.35235333333333
94.98,16.35119166666668
708.28,691.9432071428564
287.96,253.97499999999957
71.04,74.34089999999998
68.13,71.10745904761912
99.74,100.75339999999984
246.04,272.11771500000003
123.01,149.6555529761905
115.11,97.00633142857147
362.96,256.04553207431445
69.31,84.4799233333334
16.94,39.05399999999997
192.68,192.6847000000002
108.79,249.46131964285715
305.04,302.21645000000063
70.05,76.71639999999996
537.79,550.4773682539685
136.08,157.08289523809518
44.64,50.02149999999999
120.2,61.369267460317545
302.1,191.11201428571414
310.67,337.4575583333327
165.71,164.2340000000001
36.64,41.32446666666663
181.36,213.99405000000002
127.51,166.85890000000006
39.56,24.516899999999996
83.57,95.46929999999989
238.23,229.1046543812068
60.53,66.72745
321.48,272.5015999999998
12.86,18.169014885771166
90.77,95.24199999999995
119.48,119.48819999999992
47.83,108.57233000000002
64.22,64.90840000000004
54.09,49.92250000000007
3.41,19.970499999999994
393.29,397.70657142857164
37.44,48.364650000000005
991.74,540.5205714285712
164.15,160.34296000000006
80.27,91.8838666666666
95.3,125.99737031746025
32.23,53.48840307242463
65.05,53.123373748473774
289.32,286.9340999999998
25.96,26.99403500000002
31.75,40.44249848965106
463.44,516.8275816666666
66.01,100.74257628787888
304.74,333.6563137301589
36.84,61.06996000000006
174.13,207.3342199999999
42.69,42.72409999999998
98.28,205.86526785714278
110.42,110.14783666666668
159.86,160.8948526315791
80.51,92.81569299755803
65.71,61.11683810627453
121.96,223.2160999999996
431.06,478.04376666666656
368.79,407.18299999999954
150.87,156.88610000000028
191.18,193.1871890476192
150.0,89.90224999999997
128.95,131.92990000000017
73.01,105.54221833333337
58.63,60.969978095238176
77.29,129.24512379870131
370.8,204.0278401698302
95.21,111.23159999999993
137.49,126.70856666666667
57.29,58.407594166666655
20.03,20.029999999999976
101.84,78.16639952380962
25.58,104.65072271901917
48.22,48.20799999999996
162.55,181.29844410540588
60.72,68.36592666666668
66.68,110.96817952380954
182.84,198.3178676190477
42.78,42.78000000000007
37.79,38.43379999999997
76.02,79.42236666666676
266.49,322.3627200000005
69.14,68.60589735449742
106.96,100.04657380952378
18.77,21.721802738095267
239.1,232.41279999999972
169.39,166.4258183333333
125.52,136.7818793650796
47.93,80.75704000000002
138.11,220.2960547164763
459.12,509.5268666666672
149.7,149.6895000000002
133.56,302.4085000000001
135.57,150.74874999999992
99.33,105.03309999999993
144.9,152.89126666666644
73.34,95.8534692555502
31.69,31.02082030303032
82.88,158.07168309523823
52.18,69.67851190476193
92.9,96.29649999999984
60.37,60.66292222222217
155.79,185.14378333333335
352.58,251.00709999999984
74.03,80.48219054619213
488.55,221.83886177156165
86.98,83.25719027777781
273.88,277.14160000000004
148.06,112.91560102369849
97.38,53.20000374889736
1166.43,1166.5360999999987
191.14,151.40789833333315
130.15,130.1828999999998
32.69,39.96772833333333
106.5,106.70960000000001
297.27,339.94645
50.0,49.980599999999995
45.95,54.069850000000024
110.55,110.55089999999991
130.13,132.0445999999998
102.03,103.02130000000005
231.15,153.232225
147.3,147.22919999999985
25.0,9.027220000000009
56.92,59.97852500000005
298.18,303.97180000000026
100.8,177.5154599999998
93.82,94.16119999999995
365.1,326.4095999999995
322.89,322.8899999999996
97.0,102.75954999999998
5.15,29.347847940630178
178.59,200.09535882352947
148.07,154.3795
78.34,88.29709999999992
151.42,165.90082142857133
233.81,235.78631314285735
133.05,133.57939999999985
242.95,244.46432500000014
134.94,181.42112833333331
268.45,262.54850000000044
44.03,44.46179809523807
88.98,98.79143333333332
260.46,261.16068857142864
94.21,115.84353333333345
148.06,146.11039999999994
172.84,191.6029995229796
131.47,150.71641666666662
22.38,23.504590000000036
47.81,47.81000000000002
51.74,31.672800000000002
271.14,240.94515427807505
58.69,74.64827199999998
76.29,110.29388
187.65,201.6891000000001
96.8,97.7879
189.37,221.13647327102993
128.06,129.3307769230769
322.55,326.12786666666665
77.57,77.09034285714277
145.56,127.1837326406926
79.56,141.24616480243176
41.51,118.85063333333326
726.82,829.0336999999995
61.71,72.33095333333334
56.37,56.88839999999992
374.85,372.5469999999996
165.99,184.57503166666666
189.37,204.03424166666676
33.27,51.22833500000005
72.76,83.05719333333329
139.8,84.01677656704558
300.55,307.1558999999999
37.9,50.08122932900434
344.34,289.45318333333347
336.89,183.97183333333342
67.36,87.36995195471198
206.44,223.57119999999992
43.79,63.615973333333315
204.24,202.84960000000018
341.33,351.0436000000001
124.52,124.5200000000003
176.65,176.41154999999992
85.34,115.62832128205136
180.71,182.34314999999955
69.12,70.58756904761911
121.78,169.2363333333335
260.36,260.2397000000003
273.18,305.86120000000017
132.44,107.42933333333329
102.67,62.097574999999985
34.24,46.659572619047616
87.56,76.86800000000012
392.37,413.83034666666674
344.32,339.5382999999998
153.23,122.13237142857146
309.99,374.5480595238094
118.41,151.8331533333334
128.01,129.1717166666666
66.27,73.35973906554852
113.61,26.74934075757579
75.34,139.7046972222222
219.48,269.6096166666664
219.32,228.54800000000003
139.53,135.88373333333325
274.02,288.20565
68.04,77.52402722277719
55.59,54.146520000000066
204.07,201.76254999999995
36.75,57.839096230744154
87.55,88.39035000000005
35.0,33.845015873015875
92.05,122.05348403990742
24.39,28.100000000000012
85.37,91.27811666666666
47.77,70.09089880952382
199.0,199.0
324.72,305.12430000000023
116.36,193.0913285714286
334.98,172.40705333333324
174.1,204.80150713419246
67.15,63.36076666666667
342.02,307.10663068075723
28.73,28.709900000000015
135.51,135.5100000000002
111.49,118.74714889268614
4.81,15.738517380952358
284.9,284.9000000000005
438.76,364.8630999999997
239.68,146.5612311111112
143.06,149.31911944444442
50.0,117.78130000000009
140.67,151.88917499999997
142.55,159.46420000000012
38.62,50.04655773809523
179.82,105.61826818437754
209.57,143.10789999999986
115.0,132.46172369297364
116.94,175.8821703246754
55.01,86.38136458874462
206.99,209.90018333333322
98.82,155.9421499999999
54.1,88.46331071428573
74.63,109.6091666666667
219.38,218.9021
60.42,60.98490000000005
267.38,194.2049625396824
160.47,164.90219999999988
35.36,63.508435151515144
220.46,221.8891800000001
234.1,232.39410000000007
27.68,27.67999999999997
71.64,71.5951000000001
87.84,148.257643531746
222.24,218.8594762186887
202.91,213.98001666666656
156.68,179.92817499999998
71.14,63.14555221077422
407.36,436.20040000000046
61.75,62.2416
378.74,221.13647327102993
40.17,41.795609864344804
177.58,210.9420333333332
107.9,107.84849999999982
301.31,299.7081000000003
46.1,111.78172666666664
174.75,158.71139999999994
95.67,97.84600000000006
35.85,42.577444000000014
65.03,75.79467000000001
45.01,50.87706666666671
170.87,76.16198978557513
217.29,128.64354000135754
32.0,31.5278365934066
108.15,106.80169999999985
159.02,159.0353000000003
197.5,319.272561904762
2234.66,2197.408300000003
106.11,149.5628592857143
20.0,33.151848333333334
116.63,278.33588619047606
25.5,25.7216
45.34,83.248
73.4,73.96869629629619
114.84,215.91935182721696
237.16,229.80193333333327
67.16,73.91500000000002
70.04,74.19599999999994
50.09,45.630878503107695
186.85,178.2557000000001
50.07,59.83537456521739
638.08,638.1383000000009
27.68,27.67999999999997
68.18,43.53901750000004
39.6,40.38716153846157
26.62,29.2327265367965
261.16,263.9232999999998
76.74,77.40669999999984
56.78,63.077752702076225
215.14,176.8405999999998
102.15,130.76965438749656
89.17,96.14950083333336
21.77,28.784016389863986
233.44,224.84168333333344
653.64,150.2206633333334
447.16,739.1682999999998
299.2,303.26967499999984
126.08,132.90900000000002
118.13,131.92721666666662
35.0,36.26288988505747
138.81,138.85259999999994
782.26,892.5291583333332
38.09,40.16813833333335
88.39,97.89881833333328
37.33,99.63550000000004
177.03,238.37358731601736
37.13,45.38436000000004
97.08,95.84542619047613
132.04,132.0050000000003
60.13,76.93472666666662
108.33,124.47980000000008
22.77,23.83684999999999
130.18,141.8241300000002
96.71,108.7668999999999
90.72,83.39847500000005
174.25,178.44586000000007
349.99,209.1436274358975
143.63,143.7655000000002
32.69,40.07598095238097
231.27,231.27000000000035
260.0,424.5749244343894
171.61,179.33400000000017
47.15,86.26786617756508
101.63,102.6209999999999
73.34,108.55581857240627
415.34,327.68320000000017
56.75,81.58855000000001
60.46,85.54482142857145
32.7,58.006315974011386
30.13,32.32875220238093
20.39,27.362925000000004
84.15,59.37259857142854
84.17,50.732810714285726
43.6,87.08569999999992
569.25,556.1442000000001
101.75,102.12323333333333
43.14,56.76873000000003
166.33,198.1667961111111
1228.03,1140.8510999999996
12.71,83.52150000000007
65.0,65.25584649859945
130.59,140.76630000000006
66.01,95.74708185897441
78.42,91.32530000000004
238.78,227.24341369047622
40.07,33.466860000000025
198.4,153.49979958672216
55.85,70.9360181818182
63.83,92.41713262626263
69.73,77.40503303307798
190.0,197.9611999999999
152.16,169.09158831168838
31.24,26.279039743589756
1658.7,1291.7432499999986
145.76,157.2285111111112
215.5,56.753471666666684
79.98,85.41742499999985
59.92,34.258429502927
198.74,208.0992880952381
339.49,386.205
70.0,280.36596666666685
406.6,363.3000999999994
132.95,171.68857403846184
213.6,307.43572408730137
110.0,216.6047666666664
46.78,72.81596535353536
48.69,53.20000374889736
33.92,53.10822857142859
123.31,127.5431
149.7,149.6895000000002
11.22,62.392299999999985
175.77,175.78880000000035
589.08,470.0320590476193
53.33,80.01649952380953
135.53,132.01763711233218
105.69,148.61756666666668
49.94,57.097800000000014
243.36,336.9166999999998
44.0,46.29325227272728
357.13,357.18760000000026
77.57,235.44166400693263
204.25,206.4874333333333
102.27,147.80832499999997
135.18,106.73991587301595
94.65,108.57997500000002
44.22,102.2426666666666
175.65,184.07885
47.05,56.640066666666726
71.82,72.30849999999995
96.8,107.49270939393938
334.86,458.9765000000005
115.45,127.64693166666675
369.22,387.5391
32.0,74.24661833333336
107.44,102.48126535353535
137.41,190.00775
172.33,190.0744400000002
348.18,457.2663
76.74,92.34634838095242
71.04,71.05019999999998
111.71,113.92609999999982
116.57,171.99511707792212
9.89,118.4471
107.09,65.56085312499998
156.61,102.98604000000003
195.0,195.0
143.32,146.12662293650794
130.58,294.31770476190445
44.08,69.04838452380953
22.18,22.184843134920637
242.59,244.1638250000002
161.47,204.89345833333326
40.11,73.47816666666678
90.04,119.00054071808312
48.62,60.42214206349205
158.09,162.79700000000008
135.66,121.11139999999995
174.13,207.3342199999999
132.58,134.0865799999999
1035.79,1034.9181000000003
47.14,72.91261666666666
174.41,180.59607499999998
136.8,117.57783333333334
45.84,78.98370000000006
223.86,192.63198293650814
50.56,57.447141507936514
19.64,27.34821459752754
65.19,70.54110172993674
223.14,223.13999999999967
816.16,1111.2380999999991
185.49,205.55490000000012
141.32,143.53159999999988
55.0,65.01965999999999
114.13,114.05709999999986
182.2,213.66616587301593
89.45,162.9479312499999
343.12,335.4668749999998
115.1,104.65435940183184
126.88,91.23541999999999
234.86,256.0502853174604
59.24,61.50917999999991
100.0,61.01710000000007
129.94,104.24693142857143
143.27,114.54035500000015
123.97,149.0936999999999
111.52,73.68210000000005
181.84,181.99900000000014
202.76,206.6327999999998
92.96,77.56744
118.74,99.5687333333333
116.85,121.82333750000019
361.2,240.85695999999996
192.3,145.34210205627716
283.47,419.22167826086945
610.68,574.7737000000002
144.57,145.9018999999998
36.75,37.45403928571429
178.2,127.9106833333334
160.22,103.85114666666665
75.73,111.51993333333328
63.99,63.70883988095225
67.62,79.66929999999999
15.82,99.99715
41.32,26.87233333333336
135.57,150.74874999999992
66.01,85.21613571428577
618.95,618.5873999999997
282.01,612.0316200000003
387.68,366.577181818182
153.99,174.20376666666664
68.78,46.149009880952406
245.4,241.47350000000029
49.1,95.7812857142857
2027.65,2151.694100000001
83.18,72.24622187500007
132.13,152.02313749999988
35.82,45.99558000000002
20.0,5.484149824619827
170.84,177.50220000000013
35.77,53.17
37.55,83.1365
514.32,479.63869999999974
56.79,52.01520023809525
194.5,239.12427813852813
89.97,180.4004490102952
106.74,77.54870285714291
101.9,60.59035757575757
214.28,246.95745000000002
247.9,206.9008933333333
110.0,120.61877916650205
270.15,200.24922499999994
203.0,218.63496250000003
38.42,39.46210727272731
304.74,304.9527000000001
42.69,50.47878900270805
244.54,206.8892000000004
165.31,192.4492000000001
30.28,41.41043500000003
201.65,335.65174392857114
110.58,362.40926928571423
324.55,297.3627999999996
56.78,58.36356555895813
317.04,225.63202006882022
72.67,75.75787000000005
207.7,208.35113333333354
215.19,284.14687833333323
638.57,596.1071851587302
247.83,304.3192
78.21,79.08058499999991
99.6,95.21440499999989
126.42,128.869325
77.11,105.94711531746037
54.09,78.58297
45.3,49.77856227272734
13.78,22.746699999999997
258.3,452.4139499999999
61.76,66.25548000000002
94.19,105.65334571428572
57.75,112.19666610105581
180.38,208.83523444444447
361.45,378.33389999999986
111.35,114.82368333333343
225.06,192.89549166666674
27.75,43.89264166666666
152.77,191.3671250000003
52.37,65.95324999999998
270.15,200.24922499999994
86.15,78.38540236432813
266.4,265.4377000000003
138.08,139.69678333333331
415.75,523.1075
139.8,84.01677656704558
208.87,219.25279999999995
204.36,195.99250000000004
91.1,74.8888000000001
397.7,369.8408000000001
64.92,65.37779166666668
85.12,82.31139999999992
167.18,185.67375714285717
176.56,231.50315354084327
354.33,293.08638333333386
96.8,96.9266
83.23,83.22999999999978
81.34,45.0142763095238
622.34,618.5720999999991
56.69,78.22185182539684
102.03,108.05798514376802
51.69,52.28992500000001
78.78,79.98089999999993
73.57,88.0441133333333
166.72,166.68739999999977
116.96,234.61534166666684
228.88,198.23652499999997
22.9,24.901134999999996
102.71,105.91685000000005
647.91,286.71085214285733
84.14,102.18793809523808
77.51,82.63740000000003
41.17,41.287429870129905
126.81,121.90494830391833
32.15,40.702870000000004
112.62,113.12385000000016
36.39,96.22929999999988
182.36,130.34908242100096
41.58,43.4515833333333
65.6,69.43098000000003
376.4,340.87350000000055
188.0,137.06265000000002
96.27,110.1718066666666
48.27,59.439963571428514
73.34,101.76359261904757
109.41,120.30679999999992
57.97,68.22123551282057
58.94,60.27322499999995
265.44,210.56186000000002
65.71,87.8785008774558
49.44,81.67780571428575
187.2,128.36097142857147
21.38,23.24846854452768
85.14,95.92019999999998
147.15,147.14999999999975
108.0,48.86676428571432
42.16,52.32028571428573
108.2,77.07468333333335
46.81,113.72220000000014
5.06,48.337199999999974
133.13,163.46024642857145
215.31,216.22267999999994
135.59,139.84640000000005
188.22,207.93379642857147
67.5,67.91256666666666
44.23,67.76000690476185
143.74,120.12043999999989
191.46,260.82802051448544
112.3,114.78689999999986
203.42,272.1128525628588
103.0,87.59662499999999
17.38,19.77535000000003
209.4,111.24768000000002
18.38,21.52385190476194
73.15,88.87452418567968
43.09,43.09000000000006
296.53,300.6117000000002
278.0,278.0799
57.6,39.22220909090909
169.32,167.8299000000001
315.84,425.48787777777784
36.74,160.6775999999998
452.33,460.30310000000014
142.28,74.18015187925295
118.48,117.94526666666648
57.29,58.407594166666655
27.75,27.779828769841284
75.25,75.25
34.42,41.104522619047636
45.0,18.660553571428547
40.02,86.56087000000004
237.07,178.8370371428572
20.26,21.247899999999994
19.71,19.999799999999983
342.54,355.75629999999995
293.46,293.4914999999994
213.45,195.99443333333363
94.04,99.3926383333334
50.0,233.216245
82.69,86.51549237429225
66.67,67.48926857142851
51.75,51.19765666666666
89.45,103.31353999999997
1305.51,1869.321522222222
161.65,168.01421333333343
47.58,68.65819999999998
139.98,138.1883865079363
404.88,351.5969000000001
133.96,137.83594999999977
310.11,318.04754999999983
313.99,314.0669000000006
99.43,99.4995999999999
297.88,208.3506
210.07,245.21034999999978
128.99,82.85429410714298
353.9,348.2666000000006
24.28,31.505734166666663
127.37,130.87002499999994
61.73,61.72999999999986
158.22,134.65551333333318
107.78,103.01158692832037
40.84,45.72909062937067
252.74,278.4380033333334
485.94,481.4575000000004
104.2,85.83230476190472
83.5,84.79299999999999
155.1,182.34077500000015
134.6,84.00911663614166
292.06,340.84449333333316
49.51,49.510000000000126
257.34,300.56601666666666
247.04,607.3510146557524
28.24,30.627674999999954
43.81,106.03290000000003
100.0,114.51359396825397
155.12,96.62553666666673
36.28,39.35403452380958
87.71,87.70999999999997
50.1,72.70884166666673
67.44,72.78890169617786
239.1,232.41279999999972
869.11,1206.5050333333336
52.68,45.11885148292367
134.34,134.34000000000012
63.55,99.08054
184.79,188.52733
103.98,104.1496019607841
3.47,37.38077777777772
145.3,153.05356825396802
195.13,197.05985999999982
113.8,151.57659999999998
112.41,143.99656666666658
190.98,189.93933333333305
88.0,77.09609999999999
76.61,113.43701333333337
62.77,60.545052774129026
271.27,288.3558
109.69,188.6320661111111
56.14,80.0881833333334
121.68,114.00675644081419
74.41,74.2122999999999
35.68,68.17237833333331
218.63,218.64
167.0,128.21723214285714
55.28,68.46114166666668
190.44,138.1941922627372
36.15,70.68395333333345
167.61,178.82683333333344
75.53,84.25029999999997
384.86,305.25499944444425
91.77,150.72826666666688
13664.08,13664.080000000002
742.47,753.7712999999997
1729.98,1813.7839066666677
155.14,128.49826210518762
97.79,97.78010000000013
10.47,31.56388333333332
530.47,268.16130500000025
282.65,282.6218
70.68,66.8325
30.86,32.69249999999999
72.75,92.65660285714283
235.06,268.01790000000005
163.9,114.25110000000008
164.35,161.58937499999993
102.39,103.85027999999993
273.62,249.28766873015866
283.56,138.33377915228573
40.08,75.67390669172929
0.0,63.14555221077422
262.7,230.0996000000002
40.22,62.51066666666663
89.68,80.37877500000009
105.56,122.91750452380963
58.37,58.35909999999992
28.86,30.516541666666672
94.0,149.25601595238092
155.32,151.13159999999982
210.48,305.0397983333336
109.33,120.10565499999998
30.0,34.71596547619052
319.99,321.73240000000044
211.89,198.0079233333332
178.93,243.9429083333333
171.09,171.11630000000008
115.44,112.95150000000001
231.38,233.90881547619054
193.42,96.57453333333322
436.59,640.9626075974028
176.93,193.34480000000002
61.01,113.41295000000024
58.06,58.25928303030309
53.0,71.01143753501401
73.5,82.81807929292928
100.76,103.83500000000004
112.67,213.12325423076925
86.1,87.8832966666666
109.41,109.3950999999999
133.98,110.22513333333316
573.0,452.23487451159957
68.04,91.00809000000007
210.89,212.14889999999977
48.72,46.48963738095235
183.5,215.57190000000003
50.16,84.5756866666667
288.13,290.9801999999998
178.49,181.98672499999992
143.28,143.22773333333328
71.53,72.21274999999994
141.6,120.87163333333343
50.22,67.63369071428572
87.76,132.48150238095246
154.26,157.10900000000015
35.0,16.52209999999998
206.99,173.64648882561877
52.53,56.02856666666666
45.86,56.08779006167866
328.42,327.92569999999927
213.5,214.95789999999997
540.76,540.7600000000003
43.99,74.16750000000002
32.6,35.19045153439151
65.57,81.05159999999995
195.62,143.16393333333323
106.87,107.84374408581621
854.22,755.8439333333339
236.04,227.55040000000048
45.27,72.47820000000004
83.79,49.305049166666706
25.1,26.40653333333331
42.77,50.72543333333337
81.78,99.35793945578233
321.8,466.23226666666665
75.07,71.21666666666658
198.13,329.0602974999997
33.56,90.36377999999999
813.33,781.1632395238104
7.78,107.2675161904762
241.19,284.85000998168493
50.94,54.12539999999996
175.77,111.0990000000002
179.45,312.5291083333331
148.06,281.9530958333331
89.04,82.04840888888886
38.18,44.950750000000006
1395.76,1182.4373142857125
48.22,53.09129999999999
129.91,219.59205884057963
175.77,266.8234254545456
29.77,33.773787272727276
53.01,109.64831085164836
252.26,210.45799999999977
176.88,336.65964545454574
103.33,67.22560154761905
277.44,155.87398524142512
51.32,52.20779999999999
629.76,570.9978000000003
145.56,145.56639999999987
120.36,118.63510000000008
102.38,109.28879761904764
613.25,629.2309
31.69,36.896900000000024
61.77,68.34281169397002
201.84,201.84000000000012
154.52,150.62617500000025
89.03,152.0482936363637
163.56,131.64933499999995
266.84,297.0846000000001
103.36,138.1080137373738
188.52,204.70479999999992
110.32,278.60158333333334
76.78,76.81369999999994
150.3,181.47729000000007
210.22,212.6946000000001
368.11,368.11000000000035
30.28,29.692845652173936
225.04,297.55036132352967
278.07,260.2622599999999
44.43,51.24764476190476
47.88,48.08353333333341
1291.39,1302.102899999999
168.92,85.92480000000002
43.17,122.49549999999995
200.05,199.75637999999995
81.5,81.5
78.97,86.62063333333332
126.92,126.92000000000006
675.01,675.0100000000006
35.0,68.22981319264072
58.13,79.59419339285714
94.74,104.48316365079364
42.41,59.44506742424238
91.2,146.50604797619053
130.56,121.86437353845423
278.34,230.2912828571429
231.25,247.06206666666662
176.88,161.09926666666638
215.11,266.33252188621833
132.03,139.25040000000018
359.13,386.25410000000034
166.67,224.2417076984126
50.49,50.05654999999989
52.38,49.12875833333334
732.68,728.9721499999995
252.88,225.24499999999992
97.36,110.20509476190475
91.01,100.69669540043293
98.35,98.38550000000018
100.04,105.93670000000007
154.1,178.38660000000004
164.79,161.451166666667
20.0,13.727833333333324
173.98,87.07350000000005
523.31,531.583214285714
89.47,110.519262202381
1123.13,1297.9225999999996
12.53,8.860423780010837
157.78,160.0307000000002
59.9,59.29189999999998
60.52,81.19358750000002
38.71,44.01387857142858
66.73,80.77776516594517
149.4,227.8939578571427
193.98,193.97999999999968
93.82,95.54705999999987
79.99,148.3875799999999
158.45,132.1421287337662
151.98,86.15089050307219
31.75,32.62856833333333
448.51,444.8270000000001
325.47,686.2101999999993
231.62,128.97207317460317
63.38,47.41019095238095
270.57,260.1617942857141
128.34,137.0759750000001
162.62,213.35774
659.52,634.8257999999987
165.78,109.8711296212121
40.85,3.763145311732475
135.08,170.57908858652064
347.84,344.7394399999999
284.9,284.9000000000005
20.77,44.515148095238104
1.47,3.3589795172474597
25.86,26.947010000000006
72.48,80.34876450980393
127.05,127.98562499999986
320.58,317.8602000000008
114.98,125.63352999999992
71.12,66.82299999999992
149.07,101.21939999999994
446.18,383.91240000000005
158.08,158.97637636363635
72.79,78.31549999999997
300.08,241.65050000000036
105.28,114.74879774344657
29.95,32.32517777777773
122.8,119.93041082333383
162.41,178.30490000000006
206.45,232.96890000000002
115.66,355.55561666666677
151.6,148.87540000000024
22.72,70.75119999999998
47.6,49.51540000000001
141.5,165.20539333333326
91.39,96.56466666666671
256.5,248.8085
29.01,67.12268571428568
84.24,185.4822151587301
49.0,56.5094256854257
222.05,239.10216666666665
110.93,151.18824000000006
77.32,102.22104999999998
306.54,169.2789997633619
322.5,276.7193666666667
150.91,171.68565166666664
345.68,191.6029995229796
92.95,81.1056799999999
218.0,159.808005
59.36,37.8208428282828
443.57,467.064
96.8,97.18520000000001
23.19,23.484000000000037
254.14,263.1117833333333
74.49,75.2590888888888
384.93,384.4801
65.22,63.92382600732605
187.63,189.62820000000008
321.74,195.89599999999984
35.68,187.20970000000005
51.72,35.996309999999994
111.42,147.9652341414141
85.14,109.52088880952375
99.9,129.45644109389906
266.04,271.8296000000001
845.01,797.6867500000002
42.42,42.41580000000005
195.0,195.0
215.14,216.63243333333304
64.9,69.51712857142859
176.22,200.95375999999996
70.46,65.69622666666667
119.34,110.87620000000007
65.05,53.123373748473774
50.0,150.30775000000023
165.8,165.7999999999997
135.51,207.78895009350938
28.2,28.66029999999997
103.75,116.59011481533176
59.05,64.91582646825397
62.37,67.21519166666674
30.09,31.468020952380954
34.6,34.39357499999999
85.24,86.4226416666666
175.16,175.1469999999999
367.2,366.6931333333334
132.16,136.91264285714283
206.2,162.19826666666677
141.58,142.63659999999993
79.63,84.68791666666674
75.01,84.03160000000017
154.96,155.90039999999982
165.7,167.3952316666668
50.27,76.65604782325521
74.16,74.15999999999991
114.44,114.4145
889.28,801.8654999999992
173.07,175.74759999999995
42.42,74.86184142857141
130.56,121.86437353845423
76.3,83.7141
257.58,227.84730000000033
389.45,377.4458
40.96,45.117400000000046
217.43,302.77901
336.86,62.309926666666705
71.1,68.48500000000011
22.84,15.180790732323235
40.2,26.356026666666647
195.0,194.54704999999996
117.9,105.08006999999989
13.41,17.52266285714286
79.29,103.60742000000002
53.23,22.464811274509803
60.09,60.135600000000075
1230.0,1111.3208023594054
274.54,264.9481000000006
51.13,52.17976000000008
27.36,27.36
75.07,76.5772649999999
228.79,228.83720000000048
1096.41,1096.9576499999998
167.32,170.93969999999982
46.22,46.21999999999994
51.22,83.00337897637083
116.0,195.99822678571437
719.74,719.9575
79.29,134.90669714285733
52.28,53.821941666666696
105.77,114.3460833333334
221.47,237.40389999999977
145.69,149.58740000000003
131.72,200.39690619047607
371.59,371.5791999999998
39.27,48.100134999999945
377.32,428.5302666666665
39.61,141.43816601731606
148.12,148.04832222222248
155.14,235.44166400693263
65.1,94.68998247863254
191.0,327.8286985714286
57.3,61.15280000000006
205.04,235.4298333333333
72.15,88.40695962759459
67.68,50.02640000000005
34.13,52.144487179487186
659.84,671.3551000000008
61.44,91.82732499999999
272.16,225.20974999999996
56.09,57.045033333333386
136.7,135.44997500000002
125.85,143.9213577777777
738.67,733.3310666666666
159.9,178.36708333333337
157.78,182.9835999999999
396.19,418.69390000000004
115.45,114.13688690476191
40.95,45.02503333333328
370.35,367.3869999999993
168.35,177.35290000000003
71.07,71.44499999999992
131.17,129.59450000000004
75.25,104.938575
196.26,257.59540000000015
125.68,113.76974468253962
754.16,756.1309666666666
46.0,45.933566666666664
34.43,35.22029999999998
57.67,67.60173023809526
124.48,147.64498380952375
73.34,72.80342857142864
272.94,569.9597000000002
328.06,173.44262500000005
54.3,63.790440180375136
189.97,226.8295999999999
253.04,132.37236560606058
185.57,234.88204285714284
17.77,24.015150317460314
41.36,29.61438666666666
147.26,130.8087450000001
75.72,78.89092937479194
89.88,102.10642135941953
74.87,105.47858196045789
400.64,340.8022999999996
40.0,140.92000476190458
648.82,579.1889
462.72,393.15640000000013
78.0,87.49940122655121
481.52,373.79976833333336
381.86,381.86060000000043
94.3,94.84099999999997
225.67,221.47437999999977
122.9,150.04548333333324
174.97,174.98389999999978
87.03,107.96148231981464
156.16,149.49751999999992
88.49,44.77663137334887
161.5,161.91529999999995
14.1,45.62578624098121
175.02,185.9506000000003
383.6,329.91562499999947
126.46,133.31832333333315
59.01,80.56668141414146
119.48,119.47999999999973
65.13,66.1833297619048
113.13,139.43594999999996
69.73,79.11226141632181
314.48,374.00829999999996
197.97,113.09558333333324
55.91,55.896499999999925
73.03,80.88953638329893
350.56,314.6042866666667
309.48,179.27187225108224
822.07,947.7166499999998
65.0,65.27560000000001
45.02,63.36914333333335
203.09,133.78726111111118
171.03,183.35380000000023
83.24,91.82391428571425
16.0,50.96254575642947
47.01,49.253200000000064
164.79,164.78690000000043
37.94,39.48014682539678
210.14,252.90582499999982
139.8,84.01677656704558
83.75,54.48377247413406
59.55,70.72416499999997
70.0,85.00655439560441
243.57,268.7513
103.14,88.72060534610495
1603.08,1589.791099999999
69.12,69.11999999999992
83.23,87.71819999999981
50.19,61.72997166666671
456.77,140.15289999999996
227.44,305.22529999999983
54.11,58.337250000000004
632.6,395.9995785714285
55.0,53.64855833333334
144.76,144.82110000000014
698.63,1144.9133299999996
147.64,147.63999999999982
155.88,161.06039999999985
101.24,116.19990833333328
83.25,114.03157083333333
117.16,117.1599999999999
82.25,85.44249999999998
1247.29,1268.451250000001
143.98,161.20303999999996
192.3,145.34210205627716
142.43,147.3828410256409
265.4,273.948
42.77,42.77000000000001
120.2,61.369267460317545
372.01,186.53266999999983
353.67,367.3443499999994
66.6,80.71192768554978
32.38,32.58723571428578
150.5,252.18659503690756
34.52,40.06378666666666
29.91,29.571721666666644
68.22,101.38738499999994
82.61,84.77713999999993
485.94,481.4575000000004
167.24,169.04230000000018
194.01,238.38199655844153
38.01,47.14449265309726
102.44,83.00337897637083
125.04,128.82494999999992
48.92,70.77354796536802
255.7,261.4481499999998
100.34,115.68964499999998
65.1,42.87116978021975
83.03,92.73197857142858
50.22,52.54805500000003
60.61,85.5927814204546
378.74,221.13647327102993
53.01,87.59210233766245
104.7,90.63534304606006
57.14,54.84489999999997
105.28,109.94725000000003
144.91,149.25300095238094
247.71,230.41113333333283
143.92,143.87189999999998
128.88,128.87999999999977
26.45,36.08593333333336
75.32,154.1127500000002
150.6,148.92560000000023
234.2,379.6547333333331
87.81,87.81000000000013
187.94,193.48119999999994
276.11,269.99490000000037
200.77,190.1262270690535
80.86,111.78482142857152
70.46,65.69622666666667
79.24,106.41922500000003
11.44,46.860279999999904
804.72,805.3976999999998
68.41,92.22063380952378
129.2,136.15380000000002
30.0,30.41682777777778
222.38,186.10669999999993
35.72,42.902966666666615
242.33,320.8601666666667
268.9,194.83335
258.9,186.24522984126983
173.62,173.62260000000026
62.01,62.01000000000015
118.88,112.88498333333342
81.0,95.44019499999999
119.66,127.92059666666674
284.71,294.60315000000026
55.13,60.13505555555565
37.6,87.51696111111116
189.56,189.56000000000003
97.22,110.03329999999988
148.15,147.30539999999976
167.64,174.02593999999996
67.35,55.631050000000016
197.63,212.7368000000001
85.21,101.05328333333324
410.9,407.2785000000005
14.42,101.94439196969705
45.22,50.632263074148085
343.74,197.74476236763243
45.0,55.21316607142859
256.16,355.570175
95.36,152.63099999999997
106.9,106.8999999999998
54.33,94.45415428571427
150.96,155.26170000000005
64.55,66.29050744047625
747.17,948.1108000000006
31.38,32.35126285714285
32.37,32.369999999999926
105.28,114.74879774344657
395.58,410.2476500000008
162.9,162.92019999999974
33.75,50.56291500000003
21.8,60.349362500000005
124.52,124.5200000000003
152.82,150.28073454545435
368.24,351.11813333333384
39.75,46.5547
45.21,44.70463999999998
67.36,51.24106714029005
105.18,77.06328000000006
164.66,136.45969692763853
125.16,118.10095833333322
151.63,222.1266000000001
70.02,60.67849021739134
606.59,607.2019999999989
192.32,198.95501282051274
46.77,79.33929846320342
198.48,87.46374761904764
62.59,106.83149627379161
104.72,81.97430000000004
48.79,70.60135000000001
35.45,35.499273684210465
46.09,60.57291
99.14,125.91315999999999
70.75,94.47350333333333
175.19,104.54286666666665
87.24,91.36765333333325
2.92,4.040785551809299
192.5,202.62545999999998
86.25,103.1297961904761
95.44,123.28754428571425
211.77,212.48431666666676
4.17,8.71280638833389
387.57,386.6430000000003
91.0,132.15296
644.45,338.97192155194955
165.67,167.0175
307.14,326.87839999999983
113.9,136.22684249999998
53.95,53.9478999999999
114.17,198.08741461080584
28.42,25.96593218661241
856.86,777.8705000000004
175.86,163.08230000000023
11.33,77.05021999999994
412.21,540.4299999999998
206.09,328.03380000000027
80.1,85.99140009157502
213.46,292.41975151515175
89.62,94.75009999999999
51.09,108.4347306602316
100.02,67.40566666666672
175.05,130.62489999999997
336.06,251.65669007936515
118.01,119.04090000000014
79.95,78.92007499999991
81.51,113.45866285714288
119.79,124.49565000000015
381.48,306.88118000000014
45.05,50.219832857142826
93.38,80.12140000000001
102.97,108.88719999999999
230.54,268.05903809523824
72.98,110.23833353849115
87.22,49.05006833333336
17.29,21.98903333333335
24.84,22.782775833333336
269.44,123.07800835164835
134.59,134.59000000000012
18.28,28.18829999999996
103.26,176.9428443362559
242.48,83.7815466666666
45.78,50.0134055555556
143.93,169.01405000000005
353.4,306.5935750000004
343.77,388.3246833333332
201.84,440.5840383333332
242.48,230.34308333333317
179.35,185.95213333333334
31.17,47.304893333333354
665.41,371.4856999999996
27.36,27.36
157.86,464.115300000001
49.17,89.52476642857144
153.19,184.58745000000008
84.3,112.42357857142868
138.49,151.16329785714288
398.06,328.66450000000026
56.07,78.53889881320951
167.2,168.0625888888891
43.6,48.46685714285715
28.62,29.505199999999935
75.29,93.61583285714286
881.52,861.7367999999999
24.75,59.72570000000002
506.29,680.8015000000003
208.05,218.57609999999968
153.09,156.34140000000014
176.16,138.64694406926404
17.87,17.79259999999997
182.2,307.36806747191343
130.14,95.03563333333332
136.3,136.04399999999993
37.24,60.540381428571315
56.78,85.81170000000002
109.41,120.30679999999992
47.0,54.998575000000045
154.1,173.8528071428573
124.13,140.1390433333334
719.96,848.0508650000006
76.38,94.8252477272727
87.64,94.84267036414559
76.98,70.50632873376621
134.01,133.86320000000012
83.41,82.76455294117638
373.14,366.9512999999996
65.0,119.10062857142859
54.03,84.14527103174605
279.57,256.7351890223665
35.0,35.0
122.17,357.1218000000001
66.78,92.21019500000007
259.92,220.8602999999997
160.17,174.0082
33.71,39.87521047619052
47.42,47.420000000000044
37.37,45.73274652232619
73.83,73.82999999999994
171.16,136.81432999999998
222.93,214.13040000000018
67.65,54.45988000000001
85.82,106.93384444444442
69.99,76.15465000000006
36.84,38.15624000000005
81.89,81.89000000000014
65.36,69.02439999999991
148.04,164.2220900000001
52.88,106.41627647928783
1011.31,957.5048266666665
93.91,109.79807880952374
236.0,235.90240000000003
93.3,106.63690000000005
287.3,238.69196666666645
142.99,170.08549999999977
163.32,164.27584677933683
240.73,325.31776000000025
135.55,154.4880366666666
64.03,73.97367456460205
299.39,304.30141250000014
62.65,62.64999999999992
154.62,288.76230000000015
186.19,198.56080000000009
1163.25,1151.1944
48.69,53.20000374889736
130.46,132.28369999999973
69.81,66.38520000000008
38.17,62.08583000000003
11.65,39.05399999999997
22.4,32.233235238095254
233.94,125.57932690032794
933.7,857.0074333333345
216.75,186.5262625000001
100.0,62.13904761904763
92.95,119.98271642857142
38.01,62.50250125291381
2607.09,1898.8394028571417
18.94,33.176799999999965
157.3,246.24572536599243
382.92,260.82802051448544
47.32,63.666895000000046
182.62,182.77020000000007
740.62,741.9230999999994
76.79,86.72344666666666
567.3,580.0576000000002
32.38,32.380000000000074
129.86,94.00598333333332
135.77,116.2226085714287
36.45,36.81929999999994
180.29,173.66636690476182
42.49,95.5474828571429
219.18,305.8830250000003
347.4,567.5619000000003
181.15,204.09992666666665
125.29,126.30194380952398
219.27,219.63520000000008
23.7,32.50551130952381
119.32,129.74952499999995
158.37,168.38971083333325
126.56,68.8692486631016
57.38,73.74601780303034
410.79,141.0800333333333
42.78,78.79882666666677
170.58,161.2944000000001
68.4,117.57783333333334
44.18,39.06167857142854
396.32,396.07569999999976
40.75,46.40312500000002
161.05,176.27929999999978
173.59,174.7931000000001
206.43,273.21189333333325
54.87,63.41859999999991
147.23,295.0134499999998
1118.05,1132.5483000000015
84.13,84.34574285714292
151.34,151.14952499999998
204.46,112.27731333333311
275.8,273.6695999999995
76.78,76.24393659183949
23.94,136.54354999999984
75.45,82.84284642857133
127.87,184.79261095238107
177.5,207.82581206175848
54.52,69.36315701298702
193.4,188.24269999999996
423.98,422.0459000000002
86.34,77.93721103896111
92.84,129.52296666666678
34.75,46.07500000000001
56.68,56.46527777777782
73.92,63.68066523809526
110.2,78.17866998954996
35.0,35.77306666666668
73.49,79.00571571428577
95.99,103.9043
268.02,147.39694166666675
109.62,126.76890000000017
98.37,101.36394000000004
39.42,37.34110000000004
50.03,53.927519999999994
372.84,306.8616668449199
46.2,54.68654768009767
117.9,85.28160780952379
47.59,61.08328560114053
169.53,175.41913333333338
47.23,48.51266166666671
76.02,38.48990000000009
260.0,259.75300000000004
189.25,271.6649
87.25,119.88190142857138
57.6,38.82988423520922
171.12,172.74916000000022
1303.5,228.20413333333323
315.33,330.56190000000043
23.54,42.41521714285714
140.05,236.55021699805053
173.75,200.78584857142852
48.62,60.42214206349205
134.05,133.43809999999988
43.22,43.21999999999993
81.97,93.44423793831169
61.17,113.51542500000012
660.39,1535.5984199999994
112.3,104.30987488095231
59.0,59.830299999999994
57.91,69.95661333333332
205.07,203.8637499999998
178.08,318.92219999999986
132.68,128.2015000000001
1.48,129.56410000000025
290.38,166.94184380952393
31.0,44.28553333333335
67.57,82.38140666666669
116.62,129.28715
99.53,111.38488000000007
188.96,202.26775999999998
87.52,53.41194333333334
38.05,49.09060000000008
37.86,39.65257500000003
28.31,35.670898333333334
33.16,55.20549559329554
30.27,39.04677035714288
106.87,118.8143036449276
199.98,190.54136264790768
103.43,110.25531666666674
213.62,264.626776923077
19.33,19.80329999999997
711.07,466.50166833333327
328.82,372.8418999999999
84.0,100.0567479166667
169.94,215.19890000000007
152.88,152.33399999999986
106.38,101.83211199166475
97.87,97.87000000000008
98.44,109.01483333333337
14.72,72.77169976190474
177.42,178.98459999999994
431.5,462.64220250000005
80.33,78.92859999999997
46.0,44.76839200130819
72.83,84.21840000000003
145.01,177.5679000000001
21.77,108.73679999999999
82.73,87.58039236568746
108.95,110.8202888888889
313.5,336.6422083333336
146.56,163.72510722222222
31.38,29.347847940630178
579.93,587.8174137085136
48.0,104.06236042042482
128.34,150.4286333333332
137.6,143.62358474310727
21.81,45.62578624098121
74.87,105.47858196045789
66.89,76.96933611111108
463.34,462.07639999999964
348.66,343.98970000000025
24.84,46.49451428571426
25.78,26.071050000000017
170.23,226.26295000000002
57.82,59.537349999999996
138.91,116.97489999999992
69.04,118.68785000000005
269.85,265.475133333333
154.14,153.8711999999998
52.11,55.69250000000002
405.33,405.13330000000065
131.35,144.6382
180.25,193.27212333333333
1.33,50.92244880952379
120.14,124.49176666666665
82.01,42.2477942857143
96.4,56.88365000000003
197.37,212.54780000000002
62.17,61.747400000000056
207.27,208.30800000000033
106.3,138.6662999999999
268.0,284.4640000000002
141.97,93.95319999999988
84.59,90.46454003108005
125.53,149.19950000000003
373.17,373.12539999999933
148.15,134.35882096705
70.72,70.72000000000006
667.03,665.7829999999994
363.24,367.64030000000014
637.11,436.92781739766104
45.0,123.27734761904762
443.6,331.7440516017316
49.44,51.27632499999995
139.18,145.5232454545456
152.56,180.65182108225102
122.23,145.51934999999995
128.2,233.16389999999998
143.1,143.08820000000023
1023.87,1024.8120000000008
114.53,101.24052256132762
710.48,708.6210200000008
135.95,155.61810000000014
20.0,12.716430000000004
163.39,212.94332249999988
186.43,273.624657142857
56.94,110.38208999999998
128.88,128.87999999999977
60.47,65.90130000000003
428.88,398.8880999999998
37.75,52.061227507215015
207.65,206.93419999999998
40.92,51.99888000000003
61.0,69.0707
113.26,97.85566666666678
229.65,229.67740000000023
30.09,38.12089333333336
96.0,73.67285
90.25,53.29577333333331
127.9,175.17779
134.94,162.50205
114.77,116.62027083333349
106.78,106.78100000000009
211.09,179.42830000000012
91.76,176.88664872198882
39.05,47.86743333333336
238.85,256.1870833333333
4.59,27.43359222222221
144.68,175.01219133986925
124.27,124.2700000000003
48.11,92.14095166666667
137.81,140.31867597402595
237.4,242.25373333333337
229.6,251.72590000000025
254.06,177.4643666666667
133.27,185.87659999999997
167.02,166.9478000000003
75.07,125.37153888888882
53.9,82.06503214285715
246.24,262.24987000000004
77.57,164.43863235943047
286.65,291.5246000000004
211.85,211.98399999999987
129.1,242.95087757575794
33.78,34.05680000000007
41.09,46.32868888888892
174.96,183.40163333333336
3.67,75.18816086302584
74.48,60.540381428571315
104.82,114.7244499999999
37.47,40.976699999999994
40.22,42.57002761904757
447.09,401.1044999999995
117.96,168.10823955544066
71.14,86.61519999999999
310.1,229.5122166666666
204.53,215.23940000000002
26.18,120.13071104132734
132.64,145.26299999999983
146.32,65.81226059356021
87.73,89.72873999999985
127.13,175.41698333333318
78.69,123.47935277777769
89.17,89.17000000000006
64.44,64.43999999999988
98.0,83.57807999999997
220.86,83.73805714285703
285.06,159.54171294940673
280.8,278.45089999999954
79.94,125.95893333333339
99.16,113.06002499999998
112.24,114.64925770202021
57.43,57.78445000000002
46.84,46.69340000000001
32.45,40.103529545454506
225.94,233.69130000000018
137.53,137.52360000000022
637.55,632.954616666667
160.64,161.32830857142866
113.14,128.6521364285713
208.65,227.17490857142857
10.69,14.587156547619054
703.63,602.6616000000005
432.32,348.96843333333317
48.1,63.91610666666667
195.91,219.03914166666667
959.96,983.7159400000004
264.98,289.75239999999985
377.17,281.9782633333335
276.18,232.74070000000012
87.22,49.05006833333336
133.75,187.09483050976806
95.95,112.93112272727278
51.75,57.82073666666666
54.0,78.42495000000002
20.38,27.970477380952374
793.09,791.6164499999983
310.65,297.3709071428573
159.22,132.64089047619035
107.04,96.66983333333343
129.92,110.66506666666666
30.0,40.68098571428571
183.12,219.8657
118.55,138.6404333333334
173.31,184.45138666666674
124.33,147.45019999999994
137.99,129.0674297996205
75.16,77.88995144927532
39.25,43.44238554865424
47.39,53.58628523809522
292.98,269.9483499999997
260.99,282.16820000000007
132.05,132.0499999999998
583.38,538.7377999999993
419.67,459.8135499999993
200.98,210.3593366666666
216.45,106.75894389615422
267.17,285.5742000000001
47.71,56.93445714285716
41.13,60.43104999999997
152.66,142.48592499999992
111.69,113.06599890109905
100.0,408.57659999999987
134.92,153.04067857142857
250.02,258.2049533333336
176.16,135.92393824965214
196.11,196.1100000000003
247.76,232.1395999999998
164.55,244.2451279761904
134.38,137.23999999999998
59.99,69.36899999999997
57.51,64.9907574873738
308.83,350.5497895238096
261.9,288.66211535714314
55.47,66.62498333333336
70.72,83.99696666666668
30.29,31.365074999999976
93.58,155.09684307692302
1316.14,1189.5061999999996
123.82,123.81999999999984
136.1,177.81998833333347
47.0,46.944066666666664
61.84,69.2266000000001
353.76,336.65964545454574
33.91,35.930150000000026
132.13,152.46518999999992
183.65,187.30200666666664
88.49,113.75411999999997
204.06,108.05798514376802
211.31,217.1044300000002
136.5,136.5
54.38,40.61117047619047
150.15,82.60560940170939
76.08,76.09069999999996
65.89,86.61563841991345
78.76,70.15556666666676
32.22,50.16033333333335
249.09,194.83614000000009
275.56,277.6010000000003
129.62,109.54865000000012
76.17,77.62500000000006
147.96,81.63170000000008
161.79,235.8759850475835
259.36,248.57346666666695
85.54,42.96557500000001
115.44,133.07004571428567
352.29,388.90810000000005
46.66,138.47616333333323
73.38,54.26587967532464
201.65,210.01450769230772
185.13,188.98230000000004
690.68,712.9088999999999
166.71,173.36299999999963
77.43,91.15231285651181
283.42,356.8030666666667
454.76,646.6679666666663
194.5,239.12427813852813
190.17,217.31640000000013
56.34,70.228819047619
72.0,46.64995642857142
133.98,132.88359999999972
135.18,139.47809999999998
165.71,163.66223452380933
99.9,129.45644109389906
93.19,74.4731861183261
171.4,178.61828499999996
53.99,65.49120000000005
55.0,54.678500000000014
31.9,40.488727658730156
180.22,187.43076666666653
218.46,141.2833053571427
78.65,92.89570595238084
94.77,94.77000000000024
41.45,52.299199999999956
23.15,82.37408422137149
78.21,78.11985000000003
211.04,83.39877537671912
113.76,111.98380476190476
197.91,202.99116023809518
192.15,189.07059999999998
236.88,306.72230000000013
141.73,141.72999999999968
88.86,99.03146666666669
166.61,138.99930000000006
40.87,59.666500000000006
36.39,55.35099133333333
70.43,153.99739428571428
81.68,45.72909062937067
58.01,57.92510000000012
22.36,30.131265281385268
53.88,61.2290154545455
98.88,117.41029999999999
53.8,79.58740106161957
133.47,133.74679999999995
35.39,167.43933214285715
41.69,72.87779333333334
394.42,382.36836630952365
123.56,138.3396361904762
152.66,76.65283627380687
204.92,193.47569999999982
92.9,129.5198155555555
55.1,210.3293052947051
92.57,105.6672306356067
125.42,125.43760000000006
82.33,102.16692292110612
130.2,176.78200000000004
115.9,134.64370000000008
41.16,57.89280833333336
400.66,202.66898460317486
84.14,84.79030000000007
51.6,59.89270000000001
187.53,187.61590000000012
68.43,64.94348082736278
40.97,40.96999999999991
240.76,195.3894
208.03,196.83202222222224
532.55,557.2546000000007
459.63,459.0547113095236
73.06,161.182425
125.67,139.3263433333334
72.9,99.40219703823963
238.07,260.81950000000006
145.56,145.45929999999987
152.96,245.26247880629194
181.51,183.92986000000005
66.33,156.49053333333325
190.44,161.02419333333336
117.53,117.49183750000014
144.94,144.8133000000001
62.5,78.60483547619049
52.57,64.96657999999996
131.73,131.7299999999997
9.76,10.951975702517291
297.83,303.5273000000005
130.56,121.86437353845423
703.29,571.9714
143.27,136.03936857142867
382.14,408.1931000000001
122.36,120.8740846153847
97.12,99.49856666666672
499.4,234.52215
51.69,52.28992500000001
164.51,164.2527919372295
186.01,211.92929333333336
60.62,76.34403333333336
7.55,24.864847635654673
41.78,57.77022166666668
750.49,748.4953
245.82,274.53962500000017
320.04,118.99288166666675
76.8,99.60649999999991
136.37,181.25456666666668
162.7,163.75710000000024
390.32,430.52849058441547
116.94,116.94000000000001
51.14,91.13900000000005
84.41,88.23489999999994
108.1,118.45584553571422
130.69,130.69000000000008
100.0,193.46867619047623
39.28,39.68450000000008
31.75,41.53837142857142
136.04,136.8871000000003
47.42,47.420000000000044
237.0,241.69890666666663
226.65,350.41018
70.14,86.41242903225807
47.69,47.68999999999997
100.0,102.3176866666668
90.18,90.15500000000011
98.54,80.49646666666668
55.53,85.14055454545459
37.77,53.17331666666669
142.34,331.03530000000023
66.64,93.43356462076663
661.26,662.8467999999998
84.62,88.10945000000005
126.02,240.75690595238103
75.17,81.46246194444444
76.05,123.28983333333343
69.9,84.01677656704558
107.45,118.94420500000003
1.15,102.59875999999997
70.89,138.33377915228573
590.36,559.2537000000002
44.1,57.673093732415694
82.05,95.20751511904763
54.58,36.45277976190475
123.18,131.1865100000001
62.77,102.40629595238103
125.75,144.01045666666664
156.33,156.32999999999996
20.0,59.518675238095256
69.44,88.16401502923978
23.59,71.70563826554468
165.02,172.2374654761905
260.77,173.49540000000005
101.34,96.00865661102755
84.66,84.4737999999999
47.8,56.14982666666668
93.5,95.86359999999999
184.01,123.23670000000007
56.78,58.763009954303726
259.36,211.95820833333357
148.47,151.17908333333332
223.88,238.87063333333342
128.09,151.81933666666671
27.55,70.2278999999999
392.94,385.3428549999998
114.31,138.3019885714287
226.74,137.99257999999986
126.72,148.22661428571408
199.97,203.52799999999996
95.54,70.09089880952382
35.85,46.69797776839827
27.78,29.130833333333324
32.0,65.1714352092352
165.29,153.45347809523844
243.88,230.08833333333317
348.78,345.8734999999995
65.22,64.07571666666661
84.23,86.81628999999987
124.52,124.5200000000003
504.35,548.7619
6.0,5.882709273406334
125.69,163.34800000000004
301.64,106.2265857142857
129.65,131.63415999999978
24.18,18.813294058441553
78.86,195.4609383116884
82.98,122.70178664022899
201.77,208.13627499999984
458.24,444.1889366666674
85.24,90.34349999999984
116.36,125.21020000000007
100.0,162.80558333333332
44.0,42.59884166666668
84.23,80.96549999999984
49.4,67.5216055555556
130.25,133.81199999999998
54.22,68.88220666666669
266.5,141.58584285714286
1682.92,1636.8991650000014
52.84,76.96193333333332
95.4,81.92036666666655
54.74,40.48820797979798
366.9,366.8561000000006
193.6,117.31929523809531
18.87,20.0853
161.86,190.21543333333338
107.41,112.63168333333326
69.19,118.85063333333326
125.05,128.9501177777778
77.03,106.7866060054638
42.58,42.630999999999965
167.42,865.6399987179485
353.42,829.2741831953116
125.13,234.35534999999973
57.59,134.2110780176769
221.07,239.91959999999983
100.0,43.81203333333332
177.9,237.76520666666693
835.55,512.5715977272728
44.52,64.31640396358543
123.89,123.88109999999989
75.68,75.6800000000001
88.94,94.69498726190481
185.76,203.17360000000005
352.18,296.427
59.17,76.00762532467536
61.27,67.78175000000002
285.68,301.5250000000001
105.57,121.17679999999984
28.19,29.502412500000023
36.05,38.34006666666668
147.68,112.49346666666675
95.31,100.2476277777778
630.28,667.9616999999995
63.43,74.9998
92.5,92.08315
57.14,68.94879999999999
61.59,94.73541666666681
243.85,247.1010666666668
122.21,122.95769999999976
77.57,128.49826210518762
197.41,220.3721749999999
106.16,110.23833353849115
17.26,73.11210166666656
1301.01,1026.4048116666665
47.19,129.35140000000004
5.1,59.92529999999997
220.57,265.075596190476
181.21,213.4156583333333
692.22,731.5923000000006
282.8,289.4552883333333
136.59,153.53710000000007
88.72,331.7440516017316
170.84,167.02335000000014
138.41,140.2051428571428
87.36,89.65119999999999
89.36,102.95240714285711
283.06,227.65499444444464
83.55,110.61721607142856
130.56,144.29598333333328
147.64,146.05669999999986
93.3,92.07246666666664
10.04,8.098500665796625
54.96,75.09274999999997
70.98,76.22430142857142
195.7,201.86530119047617
51.79,65.33270170634923
61.09,61.22040000000007
72.68,115.46349285714282
39.88,111.01689055346213
104.7,90.63534304606006
64.11,96.30595000000002
89.25,108.84915605727606
47.47,65.41641447368424
37.74,64.01082218434344
172.34,132.48869774891776
50.1,74.62601666666677
57.51,64.9907574873738
110.4,113.02607142857129
131.06,98.99169833333337
258.45,162.49906666666664
50.0,129.72549999999984
98.74,220.52894500000036
423.17,425.21838333333335
53.2,47.590799999999966
690.0,673.3111875
123.14,114.8606752564103
56.22,57.15566463203468
31.51,117.20168336696193
81.34,77.26336428571427
126.3,92.13857499999999
29.91,31.819600000000015
77.57,128.49826210518762
169.9,232.24815571428582
195.54,101.47042000000019
225.15,225.0799000000001
548.42,558.5902999999998
317.24,262.97430000000037
16.38,16.268175000000006
391.73,478.2262150000003
50.63,50.8577333333334
25.05,26.515800000000024
32.38,33.69178000000007
129.16,112.97004999999994
197.8,198.88492857142822
670.77,695.8775999999998
241.73,310.7438499999998
179.34,258.8113000000001
83.59,71.89862184065939
54.1,58.258700000000026
249.49,234.30118333333346
43.88,46.63820000000006
117.96,168.10823955544066
345.39,170.56515499999986
81.04,140.92000476190458
51.76,58.278388461538434
131.95,146.54595000000012
26.17,42.70701000000005
52.53,54.36870833333335
4.13,98.84224690476199
48.69,52.22007499999999
38.72,38.77559999999992
217.18,68.71013333333335
178.89,178.82959999999977
353.31,173.39991124286797
17.14,14.747146875901878
58.63,66.25506666666672
561.78,558.5249872727273
161.7,96.26581266708607
45.33,47.94736000000001
93.28,93.92148333333334
161.54,160.95586666666705
164.38,239.8498666666666
61.14,62.382600000000046
74.02,41.500681363636374
483.85,791.1560599999989
143.59,141.68760083333345
111.89,111.88999999999994
292.15,119.38710000000012
717.23,762.8092000000001
389.6,430.01329999999984
91.18,116.43381904761917
102.0,100.14779999999999
107.79,131.93940000000006
77.64,92.57589374999999
31.33,36.008299999999956
146.68,108.55581857240627
34.13,40.47030666666672
106.95,76.83853333333329
354.17,279.0394999999995
124.1,120.37347095238106
8.23,24.901316141981088
225.21,216.41475499999996
99.23,154.13759666666672
496.89,215.91935182721696
119.8,175.20200777777774
196.52,221.16382000000027
84.56,120.43599999999994
82.83,106.95967500000002
66.74,67.7059759126984
90.88,119.32733844597541
62.5,78.60483547619049
186.13,224.3736099999999
6.0,5.882709273406334
264.59,269.5021000000001
167.39,250.04115496031739
37.6,60.63416666666667
300.49,305.4545000000007
118.83,121.51415999999999
157.54,81.72958571428572
58.1,117.06253142857143
187.2,54.0110267857143
257.65,242.7332000000003
192.47,235.63590000000005
277.48,248.6549799999997
27.33,26.97197777777778
101.25,101.25
150.6,148.92560000000023
217.82,332.5373000000002
238.05,247.5655624999999
149.96,144.77179999999964
987.8,943.2790000000016
285.06,159.54171294940673
147.52,148.66300000000032
92.57,112.9353599999999
504.35,548.7619
180.33,251.13069499999986
669.93,599.2877333333334
225.21,226.72939090909082
8.13,31.92630285714288
192.9,185.143
74.05,104.82010249999996
165.21,172.54811333333342
97.75,111.19374047619053
76.19,83.01459999999989
96.43,96.43000000000015
153.7,172.59300000000022
30.76,57.09998333333331
6.36,67.06100000000009
425.06,469.8022000000001
319.44,278.1001866666665
13.21,157.34309999999988
153.14,139.54171428571416
164.84,208.00112499999994
63.95,63.20927999999993
155.14,125.01264010334224
206.69,202.3874999999999
1950.2,1906.8218000000018
101.14,104.3021322302448
634.94,868.4631999999993
203.08,203.0800000000003
141.53,172.7986000000002
207.83,377.02570000000037
52.88,67.11490000000002
64.09,127.15325000000009
116.96,133.07129833333332
279.78,279.9527000000004
240.1,132.28375000000014
63.27,70.87437065203427
194.12,227.74595805029512
139.94,141.8356257142857
56.27,52.31001216450217
333.34,224.2417076984126
241.48,248.14882682872695
77.89,93.30110480868808
65.03,65.25379666666664
172.46,68.66189249999996
329.65,410.5638666666666
41.22,25.407646666666675
33.04,44.20792499999999
112.4,109.8597499999998
212.8,209.51341666666633
51.04,164.43863235943047
374.24,370.55379999999974
112.2,141.5087000000001
372.84,364.28159999999974
160.77,175.87590000000003
178.23,178.32689999999977
130.18,128.67363333333344
135.34,80.35538333333325
53.38,100.58990725829725
405.42,341.56011999999936
45.09,66.94095333333338
41.69,52.8352430952381
62.31,56.988673333333374
101.94,68.86212714285713
202.5,130.59451329630386
175.52,148.7389000000002
246.38,258.75660000000005
94.21,93.76676666666663
221.89,259.4839666666665
340.74,255.08783357142877
94.99,95.69669999999985
217.06,224.85500833333347
93.81,101.42365000000018
83.8,143.41375
78.78,93.59793833333332
20.0,165.20427571428576
354.64,84.64994487734488
31.0,32.67126142857143
70.72,70.72000000000006
55.73,118.63165833333329
100.34,108.28468599557283
163.04,464.57818523809505
126.54,107.31224066717608
113.17,125.43383809523807
19.32,84.14527103174605
526.84,474.7118999999993
113.08,147.64591666666678
128.24,128.21380999999988
161.65,168.34882484126993
60.93,76.7269999999999
64.1,103.12518215377246
157.32,149.14035500000003
199.87,130.10458000000008
548.08,501.1844750000007
85.18,114.76854999999998
463.19,473.14040000000017
121.88,133.80069999999992
148.69,145.50228000000016
98.0,97.82899285714277
70.12,60.397599999999926
28.77,30.470333333333304
17.29,18.174699999999977
593.73,544.3422000000011
220.18,119.7404593506494
122.47,122.46999999999984
1093.93,1101.3438000000015
169.09,203.00162666666657
173.84,173.84000000000012
102.09,156.76532277972026
35.4,75.53568333333334
1101.51,1095.328899999999
41.98,37.9461
180.38,393.62435249999976
316.85,320.1355666666666
21.85,62.58867703823953
195.6,174.06220000000005
9.02,23.41537047619049
20.75,60.94299999999995
197.64,142.4554528571428
48.3,48.30720000000009
300.77,369.1061999999999
85.41,108.4106104761905
148.59,150.42526666666666
9.15,9.345427507770014
81.61,94.77562857142853
163.6,165.30270000000016
160.18,180.4954999999999
248.96,202.23974999999973
356.74,420.5078449999998
108.2,81.32942063492065
63.62,65.26489999999994
224.96,322.438866416084
38.72,39.56771666666664
387.8,387.61780416666676
188.06,238.29610000000008
505.27,644.4779333333337
177.66,194.01709333333332
239.8,276.65364285714304
549.7,549.6999999999991
71.63,100.86460000000007
521.37,454.889938327555
202.06,236.03160000000003
65.01,65.01000000000015
61.1,60.86614642857148
117.97,120.91961666666658
117.58,119.44134999999986
128.86,131.82907999999998
232.11,235.47400000000016
193.06,207.34950000000003
30.66,33.86007500000003
2.61,8.437307654585267
232.48,201.9173666666666
832.0,782.9576999999997
56.85,121.986623809524
64.86,43.63599282235178
152.99,162.17199999999985
116.36,117.53340000000007
108.2,88.58308499999997
58.03,46.563119047619075
39.24,63.71026333333325
58.85,82.77080000000002
92.32,98.90741666666663
229.56,232.52714000000012
155.73,155.72999999999968
348.24,357.31980000000004
95.02,159.54171294940673
84.06,91.0577857142858
297.87,377.9034333333333
279.57,256.7351890223665
144.45,97.42240250000005
186.85,186.85000000000002
46.01,47.43345500000006
97.65,127.1615083333333
76.69,140.1539999999999
70.36,39.36887714285711
335.48,342.69471428571416
37.38,37.38080000000008
51.01,52.27076666666678
100.02,67.40566666666672
68.27,77.24260000000002
73.83,90.52164833333332
64.0,64.72943333333333
88.76,94.11280000000005
1288.74,1487.7264000000007
310.25,168.4480000000002
152.38,162.78113666666678
96.2,86.46708333333328
92.44,78.26634999999992
38.48,60.8335976190476
33.12,197.1754
135.85,140.67106666666672
50.0,158.09621271284269
217.78,290.1654000000002
52.08,34.99870999999998
220.04,220.04000000000053
331.34,651.6681000000001
126.07,153.39949999999996
1115.48,1048.5566999999994
46.05,49.37875000000004
921.05,920.6006000000004
142.1,136.32291707459214
45.95,72.61255476190476
142.28,71.637001239202
69.54,68.51999999999997
50.12,99.37910000000005
125.92,115.09519999999995
58.62,67.88459047619048
115.74,102.36719999999995
338.85,262.18379999999985
38.01,112.02922500000011
231.73,256.1256874999999
65.05,58.36765360389612
827.91,904.4626000000001
418.04,499.93690000000026
173.82,203.64470264167193
139.8,84.01677656704558
83.14,104.91571000000003
48.22,48.21399999999996
136.08,120.38584999999998
150.83,153.99734642857138
145.97,129.74964961779438
148.77,226.267075
120.35,120.2730000000002
49.42,68.94484823522347
172.08,139.4797916666666
99.46,115.23862380952377
21.82,31.941869999999998
364.0,426.56039999999985
126.54,127.87511035471785
83.61,72.4124583333334
348.07,338.38040903540883
519.84,519.0207000000003
26.01,48.48330000000007
74.74,45.73274652232619
158.74,195.55141775373747
85.05,180.6016906818182
71.92,72.8322516666667
135.59,154.08318333333332
283.32,288.4280999999998
218.26,257.5278999999998
66.5,66.5028
37.61,41.84692909181281
58.46,64.90566845238095
123.31,242.10840000000022
89.1,127.9106833333334
26.77,26.67804666666667
42.11,34.8380641905317
154.36,154.40950000000018
50.5,50.5
59.0,89.13857904761899
566.05,565.8420200000007
137.08,394.7535000000004
44.23,49.050925
54.09,68.86857000000003
197.01,212.0017716666667
23.18,27.43359222222221
116.82,119.74189999999986
44.09,44.09000000000006
254.19,420.4688166666666
43.77,39.23806666666668
159.33,174.98537595238088
72.68,35.17406666666671
398.69,567.780991666667
59.36,37.8208428282828
79.34,81.60360000000009
106.95,124.1160453030304
92.46,82.32889000000003
98.3,118.17719999999989
286.09,279.1435999999999
164.49,164.70669999999987
55.63,72.08681666666666
73.38,42.58996906926405
52.13,52.294600000000074
27.79,35.86310500000002
94.56,90.84772000000007
147.98,151.68179999999973
49.19,67.41333879801365
131.47,133.47674666666663
271.23,271.1508847435896
126.9,137.40208333333322
50.0,41.864311904761905
155.14,136.44097749867188
78.56,134.8034500000002
136.99,244.9560572727272
224.19,237.8497662337664
190.99,94.85374999999996
327.61,340.6811285714282
102.53,102.53000000000007
125.0,199.87777500000033
64.5,66.12030000000003
44.09,45.902100000000054
118.3,125.86910000000003
114.03,47.14449265309726
85.14,99.61405000000002
41.05,60.28640000000004
160.54,189.5689800000003
54.78,52.868500000000004
61.0,81.8732838827839
296.64,296.1034166666669
74.97,84.13953020923516
131.64,137.97186597846593
112.42,112.41200000000006
114.84,215.91935182721696
71.56,74.52274919354849
108.53,129.10304999999988
17.55,70.34687283426541
157.07,163.33912777777766
29.58,60.4586473809524
99.14,110.44606999999998
121.18,123.77185833333345
96.65,104.06236042042482
1315.9,1284.3237999999978
115.68,31.082799999999967
243.98,293.4236866666667
75.53,84.25029999999997
48.23,64.17937380952384
256.86,115.67531447542655
63.27,75.61569081873877
177.05,174.85118666666665
208.1,255.46109666666675
134.83,192.31469999999993
125.74,95.1180566666667
38.45,61.98163928571424
398.37,284.98917435897437
642.62,522.3898666666673
95.99,95.98999999999984
146.52,134.94975571428574
66.01,100.74257628787888
376.95,404.36954999999995
98.0,84.87100000000002
80.27,87.73154166666666
618.54,480.4008333333337
49.12,61.23325384615383
99.09,95.71738785714284
63.99,73.97660000000002
21.77,22.980840476190487
132.08,178.91420978869283
97.78,113.72952666666673
57.53,63.292977777777786
122.37,150.21137630952367
169.16,165.2025999999999
112.68,117.60035000000008
20.0,18.786502777777788
83.43,69.18447892857147
114.13,124.18139999999983
25.87,33.292719047619045
74.99,80.23229999999985
41.84,43.38955000000004
45.1,65.40720000000006
45.5,64.22123333333332
146.79,146.94960000000003
89.58,100.94126709235212
115.28,45.48131999999997
137.98,168.89197238095235
819.32,776.6307000000008
84.12,92.55687000000006
25.97,32.671459999999996
44.42,44.41730000000004
117.93,151.92060000000023
65.09,54.41642233405484
205.08,224.52576373015862
660.8,636.1106266666668
120.93,130.47171371794875
145.46,146.5164
87.76,114.6643883333333
57.94,73.04624000000004
276.57,254.64243333333317
46.8,70.36988000000002
41.79,52.17193999999998
290.33,926.9995999999998
50.5,50.5
130.33,130.19389999999996
35.09,33.67891785714285
81.71,99.09382666666656
29.78,20.853286269841274
99.92,109.39164999999996
99.5,76.61756666666665
199.79,117.9752870238095
54.08,53.616415714285665
104.37,105.05150000000009
95.48,88.77882803418794
218.78,181.58063611111126
31.38,31.977389743589768
317.95,414.7754999999999
34.84,37.133861666666704
92.9,96.3416284188033
35.14,38.54209999999998
32.92,55.091901449275404
135.08,170.57908858652064
30.62,87.64914117647064
81.11,82.09066666666655
199.79,204.34680964285715
126.52,127.21897857142847
926.3,680.7611583333339
2.4,79.72947142857153
151.95,157.37427500000004
114.57,160.33951318181812
151.97,158.12079999999978
13.14,27.49986409090906
214.09,213.24173333333331
51.87,129.84807959595958
97.35,40.91200666666661
212.34,203.3116000000001
115.36,115.37710000000007
65.81,168.35022222222184
679.61,693.7164666666663
366.19,366.02579999999995
230.34,236.78419999999994
115.5,112.19666610105581
1202.64,1150.363319736721
103.55,111.26916833333325
132.05,132.0499999999998
387.99,281.00460000000044
34.71,70.10451666666667
219.94,119.23077941176487
189.04,243.84119999999984
119.57,121.73707142857137
274.11,247.43290000000027
44.69,35.86368666666664
40.27,56.819433844225976
88.2,72.08984999999996
73.48,52.862265238095226
34.09,37.56100714285717
68.1,100.60850000000006
473.12,439.22978091269874
48.17,72.54860000000002
150.92,144.23973527777775
73.4,63.28179999999997
545.6,627.0314999999998
279.05,279.92490000000026
212.03,211.45684999999997
239.39,234.19977380952355
2288.31,2536.5868266666657
71.1,68.48500000000011
172.04,182.755875
23.59,29.091900555555558
25.87,38.08828916666666
125.88,124.77048333333323
99.2,153.49979958672216
221.92,76.5292127777778
56.78,106.40905333333336
235.92,136.6108454545453
32.38,33.8124583333334
145.24,146.78098333333338
20.52,20.966059999999985
187.8,176.5194999999997
175.88,201.09576000000007
162.48,240.37517999999986
43.66,62.165263809523736
122.73,44.42853333333333
246.81,248.97219999999993
113.69,125.85676666666673
63.37,63.819957142857064
35.0,35.77306666666668
56.86,67.49351428571423
220.4,215.61338000000015
127.08,140.3609666666666
64.35,68.30560000000006
50.38,43.57718333333339
277.64,219.28423428571415
394.77,467.11102142857135
216.07,200.06656499999983
22.29,22.355049999999984
50.0,36.55050000000005
69.54,74.14666666666666
30.84,38.91019166666666
467.36,565.7527999999998
130.69,130.69000000000008
9.16,81.10071024531025
160.5,158.89721525800732
45.21,45.71917025641021
193.02,196.7361000000002
90.54,94.23618500000006
182.3,233.99259999999995
71.65,82.25120166666667
123.85,151.74082341269846
112.84,135.89447142857142
111.89,108.54199999999996
132.27,141.88355000000004
17.87,17.79259999999997
123.25,134.97350000000006
132.0,132.0
189.19,233.58256181818177
198.09,212.1791333333333
63.37,116.82483333333333
53.0,51.47813095238098
136.73,133.8614000000002
224.87,112.25
42.79,44.12279999999998
751.17,742.0633
45.95,47.57899999999996
114.09,143.04420814935057
396.1,253.0585899999998
51.84,65.08956971428579
116.43,117.84532187360335
175.8,179.50345119047597
173.48,213.22754999999998
16.7,7.925584649214962
135.84,131.48708
85.62,115.67531447542655
86.02,96.80578832203997
24.09,32.64827833333336
98.51,116.50990833333331
46.69,57.86068984520127
173.27,167.11970240495495
77.89,84.79142549528905
253.23,309.6318500000001
155.98,155.97999999999968
226.91,233.32265500000003
65.01,83.67064500000008
16.72,18.76862678571428
47.52,27.538477380952394
4.29,29.504100000000005
66.73,70.77805000000005
91.39,119.61230000000002
55.36,55.97628888888883
112.3,130.99136736447758
52.77,56.48271716411383
44.87,66.93036217504718
290.0,264.9639866666667
13.18,55.75332686847463
53.83,77.1706049999999
74.41,98.06735833333336
145.5,88.26220535714286
415.44,405.03589999999997
66.64,74.64784000000003
128.06,129.3307769230769
89.63,99.21651666666659
176.11,211.9788566666668
31.78,43.62326000000001
67.44,127.35883333333314
74.41,74.8766999999999
73.83,91.13800476190478
42.47,43.75659333333331
177.86,246.60040000000035
71.53,72.10309285714281
100.0,310.80898833333356
43.27,47.70587023809526
109.75,117.33140000000002
296.38,262.009381818182
40.53,42.68456666666671
50.0,176.3769253665777
35.77,35.12326242424242
57.69,61.21246666666659
641.2,621.981499999999
92.49,96.4577333333334
133.26,135.0602297619047
40.78,57.82408392857142
110.93,148.79872333333333
123.25,123.50269999999989
96.02,159.56684999999987
91.18,94.57411818181824
133.05,133.93657216117214
215.05,208.19293333333306
51.05,48.553170000000065
187.83,153.9525199999999
141.53,172.7986000000002
206.78,176.4255666666667
190.0,184.27470000000002
39.62,42.59043333333332
622.99,581.4952999999997
150.21,151.57609999999974
88.67,111.84982999999993
284.43,493.9775
61.59,61.390600000000035
364.99,364.99000000000046
90.62,93.17606666666669
102.64,105.04908809523803
39.41,39.411399999999944
149.82,166.31132500000007
91.17,121.8770757397504
141.15,141.20739999999975
132.72,210.56186000000002
128.09,164.73009000000002
81.89,81.89000000000014
384.58,222.30116333333342
162.96,160.02401818181795
154.4,150.66524999999976
56.0,49.210070134543805
350.56,418.3044000000001
62.01,62.01000000000015
2065.35,2066.9076
153.99,291.20409999999976
77.57,125.01264010334224
47.75,58.33281666666669
103.83,105.23132500000015
262.69,264.88899999999967
217.64,219.0376666666664
77.57,128.49826210518762
141.44,63.508435151515144
153.13,154.45201666666654
183.89,218.9927
101.67,137.63172785714283
88.71,104.81890666666662
268.9,268.6050000000003
1157.28,447.8908324675327
235.81,235.71460000000027
131.05,134.0757999999998
60.85,51.993238066933074
34.11,69.49992502154329
117.18,63.412993724290445
49.57,44.49483833333332
52.93,52.98453125000001
346.88,346.82000000000005
217.21,149.7733888888889
66.02,75.03541666666662
122.66,71.69637499999995
1391.13,1383.296185714288
47.83,55.719714166666655
123.04,177.24472849358975
146.35,147.96349375000008
154.28,150.89758227272733
81.72,81.72000000000008
97.25,108.78558500000004
50.3,74.95124250000005
58.37,66.56699827922078
148.06,85.64114333333336
61.75,85.755995
58.17,60.68330000000005
43.17,36.77075583333333
299.7,129.45644109389906
153.31,170.68009999999987
77.57,82.18949206349197
35.0,35.41606666666667
39.24,54.1808333333333
187.87,191.64168000000012
67.5,95.64178781860069
368.6,498.75019999999944
1.96,5.0057203174603195
62.39,106.80240619047618
171.08,186.70568333333347
123.03,123.61332844322347
30.86,35.31664166666669
53.1,77.14649999999995
25.0,93.85893586940838
261.28,164.1717257142858
195.9,197.2047214285714
406.16,429.84291490896413
15.11,37.14732547619047
89.03,88.91584790404042
405.69,407.19599999999974
867.95,546.1831585714287
240.1,135.39020595238105
222.42,142.24236000000013
148.2,148.20000000000024
117.85,122.79545648268409
144.59,144.59400000000008
88.8,27.00391428571429
74.18,67.16135999999999
8.84,31.512814642857155
64.42,91.26497999582293
152.34,166.01045
32.68,44.84101777777778
44.29,63.07781000000001
232.32,277.3731138888889
135.0,110.46769948131892
404.22,435.0746000000006
158.28,176.8286999999999
170.7,320.8586454545459
147.21,169.94895833333328
35.79,33.3689512820513
20.73,138.1351333333333
5.69,24.951435714285722
66.23,78.84807857142854
107.9,107.84849999999982
96.83,103.47559999999989
49.91,47.87470000000004
340.29,388.3356999999998
346.76,347.28899999999953
59.82,94.88685833333331
145.9,150.62319999999988
31.22,32.769774999999946
127.58,52.230299999999964
147.3,136.20039999999977
202.46,202.49559999999963
131.12,177.00592316378072
227.36,204.9058000000002
190.48,181.74607967903046
249.57,115.59778666666675
194.92,212.33859999999976
63.65,71.1055519047619
211.12,380.45734333333274
230.78,124.62740190476192
153.72,87.65206454545451
21.38,21.378900000000048
46.0,44.76839200130819
357.52,414.57795000000004
47.29,104.06081666666668
132.3,134.1489066666665
410.95,484.8538999999999
160.89,124.10580000000016
132.4,140.13769999999988
99.7,53.79237887917638
1115.48,1048.5566999999994
326.75,155.55407629731383
440.49,376.3682066666668
82.5,143.60053333333337
732.85,734.9887000000001
69.18,85.98825000000006
213.9,131.9126542857143
253.12,259.19625333333323
85.85,141.62265416666668
123.4,121.11991666666654
56.85,59.718966666666745
193.3,104.06236042042482
160.87,164.38249999999994
63.42,86.84684047619048
537.18,465.2442645454546
330.27,329.90400000000017
265.46,309.15144999999995
43.59,47.511600000000044
397.26,209.85607499999998
59.87,74.66656224081474
47.4,52.635799999999996
228.38,147.63477095238102
47.42,77.42096920634924
20.0,23.309294365079364
158.36,161.12175500000015
60.42,99.48684666666668
527.72,588.7854
236.7,162.7112346733216
119.39,133.70399538461535
133.69,133.69000000000008
67.57,80.93839999999992
48.28,50.23852539682541
118.72,118.88379999999982
53.66,60.28548124999998
206.72,172.72240833333325
89.17,166.13125999999988
125.04,125.32730000000026
188.27,222.10220000000004
53.35,80.24163166666668
125.88,89.29233999999995
614.4,620.7860000000002
1247.36,861.5547000000001
603.56,549.5764333333327
61.14,90.70668181818183
1016.06,1055.6197000000009
94.39,150.27696173160172
623.68,625.8766999999998
69.77,68.50990000000013
265.44,210.56186000000002
30.64,50.60463
58.37,84.9393490873016
63.23,63.229999999999855
1.26,18.957632539682542
277.79,282.21193333333343
98.88,88.14325621933624
63.97,74.33325000000005
190.22,200.14819999999997
41.2,45.753388333333305
126.53,136.28548392857152
161.86,164.1431000000002
99.15,111.07351904761903
104.62,114.38908119047618
11.82,134.66485333333324
111.13,116.67301666666675
47.0,47.0
82.95,74.38580952380944
162.57,264.13063333333315
44.32,54.849500000000006
84.78,92.33207714285717
237.61,353.8562166666667
55.0,55.36554444444447
83.55,110.61721607142856
245.12,162.66939047619042
67.9,130.29382890498835
79.56,104.48423476190479
81.5,82.97619999999999
24.94,26.151200000000028
38.13,40.81440000000003
97.66,110.90553333333322
36.69,32.53468714285716
57.68,57.68090000000003
103.26,146.23080348651348
308.86,424.1764833333334
92.57,93.73366666666656
101.16,103.62041999999992
200.52,238.62251428571457
130.32,91.52872777777765
164.22,155.60510769230743
633.88,587.5492999999992
44.27,52.701998333333364
238.65,245.90152500000005
184.56,193.06141428571433
57.39,64.63110000000005
75.25,133.872503277972
334.54,351.94000000000005
51.25,57.248900000000006
162.18,150.9462441176472
7.58,8.657374047619044
89.88,111.01689055346213
58.1,69.93776450216447
439.44,327.32752652236644
42.75,65.43500000000003
174.04,174.7886000000003
580.47,594.2999833333336
30.78,31.421100000000052
116.24,89.91016298663355
166.59,167.19820178571436
136.41,154.85781166666672
112.92,112.66442212121216
51.93,68.44719999999998
53.04,80.98240000000003
57.51,59.89776968253975
41.66,47.95382333333333
68.59,67.93750000000009
100.78,65.7072577777778
173.27,167.11970240495495
58.09,61.26711666666674
64.79,77.53025928571425
51.55,72.25320000000009
116.94,116.94000000000001
1650.56,1800.5764000000015
167.58,49.305049166666706
64.56,64.90478999999988
107.65,159.67159999999998
195.93,199.5321750000001
55.26,66.93914285714295
131.5,197.55980261904767
299.7,129.45644109389906
88.01,102.30551666666666
247.68,172.90476467532474
115.16,119.89728571428563
182.85,119.04778529411739
190.37,190.37000000000018
91.29,105.10101666666671
184.2,254.93209999999996
163.32,175.35255000000004
83.32,110.09574697176815
88.72,142.2522655051861
33.39,34.40486500000003
75.17,81.83504095238094
52.22,70.36970000000001
498.79,443.217603571429
81.04,72.53973333333333
42.62,74.924445867074
36.35,39.24497180830483
153.22,169.14770000000001
76.19,83.01459999999989
188.07,192.44469999999978
381.48,306.88118000000014
102.13,103.1816666666667
24.86,25.119399999999988
124.84,149.75398484848486
47.62,52.23082222222216
47.77,47.65893333333337
45.68,45.760499999999986
83.99,108.90722000000001
421.12,397.64530000000013
106.77,109.8933300000002
265.71,163.08076691086686
62.7,89.38233184563025
167.66,312.5008142857143
58.27,58.27000000000012
108.31,112.53740000000003
29.69,41.789159523809474
581.25,407.5809
43.0,49.62069312039317
4.44,5.421768920246419
69.03,105.62958944805202
326.8,1453.633631428572
149.22,164.48899859307346
281.73,362.1568999999998
143.93,132.92209000000003
162.65,167.3580999999999
5.09,55.52322750000001
32.38,32.380000000000074
67.36,72.43638333333325
42.87,86.46319166666665
108.0,168.50785714285718
155.03,191.78486333333333
175.52,137.97186597846593
363.05,370.30497500000007
32.78,51.59368761904764
81.34,45.0142763095238
60.91,156.97531011193362
153.62,157.37339999999995
83.22,90.3936942857142
57.8,57.8000000000001
59.8,66.88750666666668
55.13,68.9695071428571
220.02,108.55581857240627
39.09,39.60820000000004
22.68,26.088391666666652
20.0,25.515125
20.0,91.87727999999998
213.03,365.35933333333395
197.96,179.70555500000017
95.65,100.70936428571414
7.68,28.13549809523811
81.98,227.3819333333332
76.58,159.05586666666667
252.97,398.74269181818215
141.65,142.8081833333333
123.74,123.59079999999993
217.02,229.62605499999998
110.13,111.85486666666652
72.66,59.024134659621396
343.68,107.10792301587293
26.68,40.82776440476191
113.15,111.5307309523808
32.72,32.71999999999994
43.53,47.740785714285714
51.32,153.8516666666663
135.49,135.5268999999998
293.98,326.174835
116.94,117.96341757575756
140.53,150.0361333333333
129.05,190.44053333333332
72.14,74.39304595880785
48.22,48.21999999999996
164.06,177.28615000000002
68.87,80.57604166666668
53.58,53.4416833333333
74.03,80.48219054619213
98.46,333.0623100000001
12.8,17.426574761904757
87.47,87.31170000000003
110.33,140.55916666666667
64.25,53.280571666666674
95.67,98.69810000000007
47.0,47.0
243.45,197.09814142857135
95.74,108.4347306602316
140.08,151.9281788947164
55.53,55.33636428571429
78.65,124.58167619047623
67.5,105.45515648349101
228.8,110.83679055555562
41.84,91.8499445238096
203.23,257.5387166666665
89.17,111.6000566666667
221.66,193.85078499999992
212.4,207.41486787878785
97.14,49.224118051948054
166.29,166.851585
91.72,118.37887121489622
31.38,31.380000000000074
64.96,84.16155000000005
42.78,42.78000000000007
157.27,72.89736363636365
29.18,30.989818181818183
10.87,48.83180542113119
48.13,114.41492499999985
161.86,178.84848172161176
457.8,394.2642866666668
637.94,423.01977619047676
542.98,403.60865393939423
68.34,51.40958000000005
210.47,482.8252749206354
24.86,25.119399999999988
51.24,58.86720454545451
146.93,126.44227142857136
43.39,57.111152380952404
52.1,75.45405666666663
179.56,181.10518
189.25,360.4255333333334
177.42,178.98459999999994
133.09,170.185225
145.34,175.58171212121212
128.31,135.96560000000017
239.39,234.19977380952355
52.0,92.68369999999999
126.02,100.30751842105283
106.5,118.99386000000008
173.25,244.97690000000006
377.28,348.6080399999995
65.46,76.70996000000001
93.29,96.09135000000006
123.42,146.6054
481.06,175.58227857142867
163.78,106.40591285714281
95.24,79.62629999999992
73.34,73.9210500000001
156.74,228.48540000000006
71.14,74.51418636363636
47.05,55.27817769230773
133.18,133.2282000000002
40.17,40.124375
111.89,111.88999999999994
137.67,145.09738333333345
153.01,143.12985102679838
362.05,349.3526333333333
112.19,109.4572
42.75,43.66169999999998
90.29,95.65535000000011
160.57,160.2828999999998
380.8,315.77419999999967
31.75,56.93900000000002
174.56,183.5393523809523
38.47,38.57169999999995
71.82,72.5741999999999
188.42,253.9253199999999
72.69,49.856199999999944
65.22,62.2494604965623
53.42,50.58203780847808
87.32,82.3319853702655
84.57,88.30488999999989
170.01,136.02803416666674
91.82,91.57237499999988
86.18,103.49798714285708
159.77,178.2686500000002
149.4,139.38575157894715
69.5,49.78145598845601
42.51,42.497700000000094
206.29,208.89390000000003
23.39,24.132300000000022
52.06,65.80289999999998
171.83,185.98350000000016
260.23,269.9759866666666
34.53,37.29456000000006
273.2,136.57600000000025
68.69,77.17119999999998
1440.1,1440.1000000000026
34.05,33.972400000000036
71.95,71.27170000000005
104.79,104.67037692307707
3826.8,3231.837242857143
103.02,102.74490000000026
32.77,41.338465111937715
72.14,86.61738955516707
9.93,81.81864166666666
77.0,79.42236666666676
45.3,44.54868666666675
71.35,36.809916666666666
127.92,134.3387600000001
396.1,282.24143999999967
91.28,133.47805000000008
360.85,295.0091944444444
113.11,157.45620833333348
40.09,40.5602188984893
674.34,1095.8460616666666
46.69,34.00399571428573
286.64,362.0139000000001
36.61,63.506440833333315
171.1,165.93672499999983
63.49,67.51569999999997
73.49,73.18699999999986
189.04,118.03040966825976
274.98,268.42129999999963
32.7,71.63104870129868
96.83,97.82085880952378
234.6,92.9325
68.32,73.84544999999996
155.14,151.21544035217164
232.14,236.10709999999978
137.06,156.76064999999994
138.73,138.72999999999968
28.75,34.70109694489116
327.82,266.2286999999999
48.9,53.7094573809524
611.44,617.8787999999998
71.99,79.09988333333334
19.88,23.32241333333333
258.0,260.8844000000001
146.84,166.60061666666664
198.4,198.74623035714268
554.94,566.8931000000001
230.15,237.14720000000023
382.16,438.6680250000001
379.2,364.29043682539697
180.6,240.85695999999996
175.08,175.08000000000007
2.24,89.91016298663355
97.66,128.19179999999997
96.8,94.90336449104736
141.73,141.72999999999968
168.14,231.63130000000018
77.57,164.43863235943047
101.73,101.72999999999975
55.69,56.93894666666662
181.13,235.94153333333327
279.3,239.74799999999996
136.2,146.10063333333343
146.68,95.8534692555502
33.44,188.56227561938493
62.99,66.28879999999991
131.05,190.54136264790768
197.7,212.7708666666665
220.04,220.1300000000005
105.07,106.73164999999985
178.27,178.27000000000032
154.38,154.11819999999972
55.0,86.26988813131312
99.37,105.01492833333342
132.0,124.46501428571429
34.09,33.3845166666667
66.67,94.47140298826778
32.0,72.22907311100228
91.86,113.73523695304695
159.94,159.94130000000013
276.2,104.65072271901917
153.52,125.60100000000018
255.24,283.7016999999999
46.22,78.26634999999992
58.16,58.16888950049946
81.63,92.18271666666664
82.9,110.95339999999996
383.24,301.94687142857185
138.35,164.92300000000012
89.65,132.91304226190476
72.75,88.26220535714286
29.86,30.862700000000004
62.44,54.58339999999996
90.19,143.55954999999997
104.83,110.61805714285708
84.4,151.12728444444443
94.06,103.35047666666675
143.49,109.95960714285712
132.6,224.66026628205134
130.4,76.05662378371628
67.76,32.380000000000074
126.57,88.3735407142857
132.1,133.21430000000007
216.15,215.92730000000003
48.53,62.392299999999985
121.49,155.61287999999982
150.74,154.11289999999985
76.85,86.62540000000003
32.09,48.45223337301592
40.25,40.642399999999995
18.49,28.18829999999996
342.88,137.0821848029258
81.04,131.69256666666658
196.34,380.4119250000004
66.6,80.71192768554978
150.74,170.52713333333338
481.06,175.58227857142867
236.48,185.25518333333318
68.55,64.48833333333329
67.33,126.65029999999992
65.22,74.23236833333335
83.23,87.4830083333332
171.6,134.7315
209.91,272.9219285714285
119.18,121.62430000000013
35.87,35.93279999999992
235.53,224.48629999999997
137.51,270.94380321428577
11.37,86.26786617756508
48.01,48.75306666666676
4.84,35.635098571428564
113.2,115.56610000000013
110.76,146.74130000000014
155.73,156.23929999999984
158.91,146.95559999999992
472.63,475.12799999999993
374.25,398.34133333333347
77.57,77.5382599999999
170.48,173.69150000000002
60.85,60.85000000000007
0.28,7.925584649214962
1342.98,1342.9799999999989
33.56,160.69718333333321
293.38,132.67264285714282
7.02,12.230095952380957
50.23,62.782606791600195
229.57,229.82413333333338
41.99,68.49211500000001
34.0,38.66138126984127
67.53,132.0040418181818
185.05,184.89949999999965
109.39,39.77373785714286
99.64,58.47620666666667
266.16,142.2522655051861
151.08,184.34959666666663
135.49,137.76429999999988
66.81,66.81000000000013
77.73,103.69044047619047
101.27,150.3844018181818
44.33,50.69637666666661
148.15,147.30539999999976
250.73,294.0102046536795
126.18,131.0454800000001
139.69,142.45690000000005
232.71,136.44097749867188
2.61,42.675566666666676
117.37,151.7658333333333
126.68,126.00935000000018
243.89,216.10276666666672
55.61,59.21436984126979
57.39,77.49750000000006
27.36,27.36
257.1,273.5760333333334
50.61,57.827477301587294
234.44,252.37920640109886
90.98,170.51524833333332
418.55,340.33140015873016
206.68,157.0621107142858
50.45,64.10949999999991
175.9,180.4890857142858
416.86,419.2998833333336
457.22,513.4208833333332
445.55,379.6800253846152
199.52,283.3685999999999
109.35,119.77792666666672
167.59,171.26703571428584
87.32,82.3319853702655
690.68,712.9088999999999
123.64,160.3790722222223
155.94,166.41230000000004
107.26,119.55437489177488
376.49,400.7877999999999
103.75,105.19793333333331
86.85,98.99024190476192
203.67,203.6699999999997
478.56,477.8347000000007
34.01,47.13924166666666
145.01,164.63650571428568
33.17,37.00958224792364
270.26,181.2968141269841
74.81,120.13071104132734
241.27,356.60606468253974
205.96,200.16076666666618
347.05,337.0323674242424
42.09,54.79988578877009
168.32,186.86675000000002
167.31,209.2916171428571
134.08,151.22785000000007
67.7,67.69999999999987
51.27,30.076562738095255
103.02,102.74490000000026
139.8,84.01677656704558
163.81,163.81999999999982
116.05,134.64248285714285
93.65,93.64999999999982
235.28,235.27999999999986
10.66,10.951975702517291
94.52,118.03040966825976
73.15,88.87452418567968
32.37,32.369999999999926
66.67,76.15329999999997
111.89,111.88999999999994
148.18,141.32990000000004
103.59,106.4073311111111
189.37,221.13647327102993
148.33,76.98749173826171
34.22,54.2600617559524
85.14,85.14000000000011
166.71,172.19807452380934
189.56,189.56000000000003
46.84,49.17326000000006
111.69,156.88766321428565
53.54,116.83649999999997
182.51,223.30554587301594
87.96,107.70096666666664
27.84,33.05918888888892
367.1,349.32155000000023
1629.33,1794.5767000000023
336.56,327.81583333333333
135.59,167.3317
880.8,899.2960000000004
122.5,130.6517411214928
178.78,187.14826666666664
138.28,75.15987486291483
54.51,70.01325000000011
64.46,76.06120000000003
118.24,95.11
41.76,43.92430208333339
375.12,364.2027499999999
425.7,422.3031999999997
89.27,89.27000000000024
35.84,38.888733333333334
42.69,55.285364002284105
266.25,217.20225
144.57,145.9018999999998
211.81,224.69550000000015
102.74,106.41627647928783
90.99,92.93599999999984
70.04,74.19599999999994
141.17,209.06090000000006
117.74,119.12530999999997
332.7,271.28300000000024
235.7,131.87749781052284
102.46,79.3256233333333
115.16,119.89728571428563
73.38,43.321481507936525
392.56,343.4588000000004
45.95,96.31445607873935
165.3,165.2999999999997
73.34,108.55581857240627
32.77,32.77619999999999
117.43,102.85938000000004
77.82,138.9187995238095
339.12,439.8201066666668
112.46,209.8846833333334
76.78,76.24393659183949
164.66,136.45969692763853
69.73,79.11226141632181
260.32,254.6089866666666
137.47,136.8191666666665
224.12,275.28116428571417
46.96,70.74258862573103
116.66,123.55308333333329
223.25,190.73782500000002
144.65,257.3509700000002
1710.18,1385.8605999999982
59.08,47.64141043401043
94.63,149.74856666666668
128.4,158.77094098039214
105.22,103.73065999999993
52.34,67.91226666666667
76.78,76.24393659183949
31.29,31.52353333333334
20.68,33.877796190476175
874.33,865.6486133333335
58.37,62.83699999999996
224.17,212.9819999999997
163.83,146.67607999999996
19.33,28.35658944444448
292.17,261.56039999999945
167.62,182.4685314285714
63.1,62.691773333333394
885.8,743.9540250000005
53.36,65.81595999999999
205.07,203.8637499999998
53.99,53.98999999999987
47.54,117.10616000000006
23.86,21.532153174603177
721.74,766.1529999999999
376.25,252.18659503690756
87.08,101.65458000000002
78.93,87.82788333333329
142.71,156.73835000000014
31.72,31.884166666666623
98.2,78.63029999999999
74.65,78.94399999999989
60.22,68.32224999999998
457.65,448.06633086345397
148.19,159.18872500000006
36.78,48.89253556603784
157.81,155.67734999999996
71.75,83.6053333333333
820.68,813.6650000000003
26.38,26.80978333333339
295.46,206.61373166666647
359.56,241.89105000000004
1046.56,1051.507799999999
104.3,66.56903333333338
298.39,312.3435249999999
53.55,205.74520000000012
148.78,147.28259999999992
103.37,101.77935000000004
35.14,34.05026190476188
56.01,50.28968166666672
83.56,85.46611666666666
50.71,86.28958000000007
442.26,483.30304094402675
205.9,165.68871587301572
38.86,37.41996904761905
111.03,117.80328499999995
38.01,62.50250125291381
165.72,175.90741055194792
68.11,77.30136881535131
105.03,317.8184500000002
177.14,178.5946999999998
1149.83,1150.5743000000016
309.7,266.8813714285717
529.54,149.2773833333332
56.16,53.98390166666664
43.78,53.73726666666667
233.94,111.9298251334776
292.42,311.7157641025641
180.32,181.76019999999983
55.72,62.79259499999996
124.92,188.38664999999997
81.0,119.15939999999993
29.63,40.391992857142874
331.2,321.5489000000001
77.69,81.49375999999997
87.95,106.41365714285723
239.64,241.6617999999997
244.54,200.10043892857172
208.74,211.62031000000007
137.04,228.22870000000023
274.71,280.0075333333328
61.98,66.6604999999999
340.81,334.5594000000003
221.29,222.4001750000001
2616.0,2701.3510066666686
161.71,193.2886000000001
110.41,112.718375
74.72,77.90210000000006
72.05,76.25070000000007
103.93,101.45711666666672
13.98,28.53966405542728
32.38,49.224118051948054
107.1,244.0714642857143
116.57,139.35084000000003
93.11,104.03699999999999
31.71,31.73770000000003
127.29,235.4167500000004
247.85,263.67384000000015
135.59,136.20509499999991
124.8,175.01674999999992
608.67,605.1407166666669
64.1,64.1000000000001
58.59,63.412993724290445
161.56,222.68782272727287
33.09,43.86445833333333
128.02,127.72205000000018
253.89,1046.44232
175.91,128.64209999999986
214.79,231.31767500000007
58.9,86.67020000000001
88.29,127.78123441176466
61.75,81.5042666666667
114.9,119.66930190476187
100.46,94.53589261904762
132.16,178.29050916305928
407.68,288.66156190476175
130.01,129.99580000000017
65.1,66.2351504329005
39.09,39.09000000000005
529.34,336.6341
50.0,150.30775000000023
163.38,170.44681428571403
116.46,116.7109999999999
36.75,57.839096230744154
311.23,149.2190805555555
131.65,161.29826417748907
182.29,183.00271999999998
181.62,180.55230666666657
24.69,33.931618333333326
494.62,514.6221999999995
119.3,123.3030666666666
96.96,69.08630726190474
169.05,186.71812499999982
25.42,37.50155000000001
213.03,242.44009666666673
77.69,86.32923692307688
103.75,103.7299
79.02,129.79299047619065
23.86,22.405758333333353
220.03,330.63539111111123
82.33,136.45969692763853
55.24,104.65072271901917
186.94,240.43865674603163
103.43,110.25531666666674
62.39,69.11575666666675
20.0,16.64803293650794
116.96,116.9658999999998
70.75,91.34820833333329
101.93,104.34266666666683
153.17,180.59175000000002
306.98,179.96214688311682
1.68,2.547212016966041
49.32,36.11133666666667
47.59,61.314900000000044
27.6,29.2344064102564
74.1,85.66325
43.22,49.28246571444891
43.09,43.09000000000006
164.55,244.2451279761904
117.34,231.07568554993262
121.1,135.90214
44.34,49.91274333333335
10.07,26.694073333333325
145.56,127.1837326406926
55.09,93.24430571428576
106.78,106.78100000000009
194.61,207.68630000000005
37.82,42.055
67.05,82.68650000000004
63.42,70.08604000000005
68.87,69.78889999999993
22.28,22.71406666666668
174.7,271.97159999999997
225.03,301.5429809523809
40.0,44.48196
689.91,1018.2390950000001
124.85,147.02606000000006
54.37,58.034156883116836
55.18,117.85140333333328
183.8,155.22739999999982
97.2,121.72038333333332
36.09,46.01548357142858
281.82,332.5362433333334
172.67,80.63958235930735
89.36,125.71919841269842
107.78,108.94500000000015
83.01,95.52007500000002
116.95,116.93360000000011
247.62,251.50923333333344
609.66,524.5294026884881
81.16,86.92878999999998
203.86,135.99700384615386
68.48,74.4169666666665
230.52,157.55020000000005
267.5,179.0094781923551
37.46,78.09403333333323
105.08,107.48872000000003
214.36,210.73970000000034
47.17,47.83920000000005
105.56,98.07159340336139
77.66,77.6599999999999
107.78,169.40217069597054
20.08,20.415833333333318
108.46,114.59692608695633
521.31,521.1641000000001
60.87,47.831616666666626
117.48,129.34099999999975
108.45,135.2286952380952
243.23,180.5849466666666
53.85,47.538850000000004
89.36,95.00626309523807
335.1,329.5244999999995
337.09,361.9814000000004
75.08,75.7074033333333
554.4,550.6373000000009
18.62,18.61999999999995
108.86,127.52280000000002
68.11,80.21274844155846
58.46,37.87081813492063
60.86,61.21824999999993
138.11,138.27020000000016
321.72,320.8145
30.0,121.48995321428569
339.46,140.03361025641036
33.77,37.64043333333337
39.17,41.57715000000002
175.08,175.08000000000007
29.57,76.18978614718613
76.17,87.94450000000005
44.29,57.66209000000004
34.0,24.149
174.76,185.88146000000003
786.5,246.24572536599243
1803.24,1789.746799999999
35.79,111.47189587912102
134.53,140.63390000000018
112.45,161.15171666666672
343.71,363.4403409090909
107.51,125.60844166666669
171.22,171.19579999999976
102.03,121.78771268257903
76.68,86.36043666666663
47.1,57.67236666666671
439.76,422.11972000000054
67.74,75.66909999999999
78.64,97.60192499999995
150.98,150.8792999999997
92.77,105.59245595238093
110.03,100.48778000000001
54.0,47.024040000000014
107.85,124.43784530303031
215.06,255.26153727272728
155.14,136.44097749867188
22.84,23.312899999999985
166.29,188.25200000000012
139.62,151.29610000000008
126.1,156.21898738095243
43.45,45.84829999999999
627.24,433.44066000000004
826.8,815.1488400000013
249.8,304.4488999999996
52.68,45.11885148292367
132.99,136.13399999999996
279.11,279.9347250000002
138.6,138.60000000000025
52.37,91.01258333333325
22.38,22.727400000000042
133.46,154.19163365079342
279.24,139.59420000000023
39.72,121.60310000000007
32.77,32.77619999999999
192.24,262.0575357964258
251.39,250.66657142857133
339.71,339.5106000000002
74.94,75.62769999999986
318.4,318.3979000000006
212.66,150.10863500000002
87.2,88.16893999999998
117.91,235.00260000000006
116.33,122.89863166666672
252.78,127.63619999999992
86.02,96.80578832203997
91.27,110.66188323906495
105.28,160.1537938163247
355.98,327.46159999999975
163.48,172.72149999999976
195.43,223.3321166666666
182.83,197.05427999999972
146.23,185.76890000000003
539.0,541.5865000000003
52.1,59.80489166666672
178.74,167.46188571428564
198.9,197.28870000000003
67.08,51.98961666666665
60.18,56.86210000000003
319.34,307.4719708333333
241.93,238.1741000000002
142.61,147.54343333333327
146.66,167.5303999999999
95.64,124.4508633333333
121.11,120.00030238095243
36.69,22.25570000000002
1316.14,1189.5061999999996
126.48,126.47949999999972
106.6,111.42392857142858
63.4,79.86523333333342
30.75,34.46136666666668
157.54,53.77645000000003
49.16,64.87334137085134
27.38,31.795463333333345
151.71,205.37132666666662
206.68,284.7452000000002
40.09,39.751400000000054
94.76,115.3620297619048
18.88,43.56440913049369
230.9,150.83832261904763
127.56,134.78959999999995
40.29,54.55470987179487
70.05,85.70603833333337
41.13,54.36153333333335
181.37,197.08209999999997
64.09,64.72778857142863
86.44,49.28246571444891
136.77,159.39046315789489
140.68,142.0407
123.11,129.27043333333327
20.0,31.32399999999994
68.18,90.92565011904766
70.15,76.88064999999997
139.11,139.11780000000016
42.64,44.44360000000003
292.24,232.97713761904768
48.28,120.66909999999999
118.67,172.4142811538461
130.14,71.70814285714282
40.74,25.291549999999944
226.88,221.42790000000002
158.71,163.7115
62.53,162.58365555555554
269.65,271.9528000000001
67.25,78.35436
57.6,81.15177142857141
70.38,35.566957142857184
165.71,173.86354285714285
46.0,44.76839200130819
510.96,425.5349999999995
122.34,172.97535833333325
138.73,138.72999999999968
125.24,84.92082547619044
54.36,71.53127601545509
125.43,126.62283333333343
80.79,113.52089166666669
1507.56,1312.8375999999982
47.29,81.73902818181813
44.69,54.38223458874456
31.82,47.892200000000024
53.62,70.86655428571426
108.46,120.7674404761905
220.12,213.65600000000003
26.84,31.014667460317472
102.03,108.05798514376802
174.86,179.39229230769237
120.87,119.8805000000002
194.3,756.2347
97.74,101.42099761904754
103.04,75.98822000000006
196.29,195.78870000000023
156.46,88.98719
192.76,317.07572571428585
200.59,338.28076789321784
241.36,171.61445645299148
221.85,226.54744857142873
4.65,6.000541138410096
100.98,89.36248333333319
39.38,48.31990000000002
25.62,46.19567333333333
96.22,121.29867388888883
30.13,40.98922051282053
106.2,87.1193642857142
42.76,23.24846854452768
149.14,149.1349999999998
285.06,159.54171294940673
59.18,59.833361309523845
295.52,342.3985000000001
46.2,46.21019999999992
23.19,23.484000000000037
85.58,102.16631166666666
96.09,103.86110000000012
72.28,74.61974431818177
169.49,169.4899999999999
135.08,159.40377404504855
108.07,109.83255714285723
213.98,123.81328142857136
84.78,124.16968624999998
26.38,28.586680952380995
224.71,224.70999999999947
217.64,217.6399999999997
473.95,467.30460000000056
55.24,104.65072271901917
43.28,45.31792000000006
32.43,52.71621060439561
118.26,94.08245000000008
31.12,48.092175000000005
59.33,69.4678624242424
178.32,168.57239999999985
31.43,31.463699999999967
73.06,121.45345499999998
49.65,61.36516995416345
68.13,68.12370000000008
176.16,135.92393824965214
322.8,334.9036999999998
26.29,34.44101499999997
232.82,228.89673333333312
212.03,273.3228999999998
240.13,266.5809277310925
124.85,126.99460000000018
50.0,63.786933333333266
69.63,175.1564966666666
141.65,129.93301804972788
239.76,280.00029999999987
95.02,159.54171294940673
51.72,53.39582857142855
139.62,225.51481380952396
119.02,119.05840000000029
247.04,607.3510146557524
75.39,70.02379583333344
242.16,265.0556000000002
574.51,658.2986500000003
321.57,350.8779999999999
106.38,101.83211199166475
122.31,132.87174999999996
48.78,65.59906666666663
117.96,168.10823955544066
106.18,96.0162000000001
19.0,13.913353281163278
104.27,104.62940000000017
36.96,41.97128000000004
75.53,100.22023414438509
57.11,59.486021111111114
66.0,90.74200000000012
114.85,141.56414314574312
181.99,189.16869000000005
31.8,32.92229999999998
96.02,101.86986666666675
110.42,142.6781333333333
104.71,126.55060500000002
79.8,120.33940000000004
155.14,125.01264010334224
21.28,196.11180000000004
145.69,149.58740000000003
233.33,261.60595000000046
110.55,110.55089999999991
27.75,32.41395412582867
58.76,71.07630000000007
38.59,46.35794888888888
62.27,65.70780833333336
68.71,58.464799999999975
83.56,84.75691818181816
83.56,106.97888198051947
63.12,71.01663999999994
72.15,80.59537525252519
231.27,330.22285359307375
156.28,248.12186143967133
477.32,386.4956166666666
63.54,31.029637385299495
92.57,92.61449999999988
321.82,329.01549999999986
150.04,255.93916611832637
227.34,229.02509999999998
123.26,103.82649642857157
31.75,34.0137802885625
230.04,85.74625805527806
225.21,190.391878333333
87.55,181.29410599356106
84.67,70.75119999999998
91.41,97.23671285714289
451.44,366.37152833333334
37.22,39.61529999999994
566.63,584.3254999999997
239.42,254.2290916666663
174.36,215.83564166666682
109.26,82.23719761904769
288.56,139.96695000000003
231.62,229.1276249999999
96.06,88.88870000000009
69.49,73.91379999999998
166.94,195.41479999999999
818.01,548.045848898234
40.0,57.02627705627707
125.45,130.98094333333336
618.54,480.4008333333337
19.77,22.709403452380943
313.6,246.2826333333331
176.87,183.76160000000016
29.36,24.062399999999982
120.77,115.5274264285714
2.36,18.943134563492062
91.44,89.90419999999988
788.4,687.5699726190483
87.94,87.93999999999986
37.62,47.71313999999994
168.2,177.31507333333357
184.52,158.91500000000025
626.68,529.4362833333334
189.37,221.13647327102993
114.73,114.73199999999972
371.91,343.86749999999995
141.26,124.65700000000002
35.77,39.40471346156815
188.28,187.8188750000001
221.58,171.94106666666667
37.37,60.159516666666704
1783.44,1463.0201000000013
6.97,28.784016389863986
108.72,123.33989999999993
101.73,101.72999999999975
251.83,252.7347000000001
162.96,116.24713644133648
359.18,310.37380000000013
91.77,125.03412500000005
373.11,389.3844000000003
24.68,46.173599999999986
31.09,32.27068611111112
16.25,13.279791091408589
109.95,168.7633720238095
60.8,55.53478809523817
31.9,62.773025000000054
56.44,67.66394309523812
58.18,49.62838244081942
30.84,57.852118095238076
47.81,47.81000000000002
378.0,234.8841251375492
100.25,342.59807967716375
43.1,54.202466666666716
20.0,47.86743333333336
38.01,62.50250125291381
396.32,396.07569999999976
51.76,71.53100000000009
107.4,187.02381333333327
116.94,116.94000000000001
53.3,59.49962500000005
85.58,102.16631166666666
118.93,157.68636000000012
201.65,173.70699259025233
64.11,80.07315384615386
54.26,74.39304595880785
52.45,67.43131999999991
144.27,142.6783907936508
641.46,602.7503999999993
42.53,49.32581333333334
60.14,31.886985
118.39,119.15905000000006
328.06,173.44262500000005
163.08,321.6921528671331
76.51,95.13450000000003
31.43,31.45859999999996
62.92,55.93920000000001
154.92,178.13604877344872
3.13,57.21428207161193
161.71,181.1666471428571
176.65,176.41154999999992
54.51,137.94880763320015
52.94,116.4768911111112
69.9,84.01677656704558
182.94,184.7187
27.89,108.05798514376802
204.31,210.3685999999999
97.92,97.92000000000006
932.47,1240.8775577380957
96.71,106.78138333333321
189.3,143.38730079365075
156.64,162.4320999999999
162.04,162.04000000000042
41.5,56.08165416666669
112.02,99.33431666666684
77.89,87.20899999999996
85.79,123.74948928571433
139.6,139.15837140692645
222.55,216.0067999999996
202.39,169.14112499999985
35.69,45.263984126984106
60.48,47.51096444444439
5.52,4.873704729437229
316.85,222.21874654761905
142.54,191.97760000000002
133.21,133.8903599999997
210.28,131.40153719696949
0.2,4.222220833333335
49.84,59.85889090909092
60.1,64.54685490196086
191.99,192.39290000000005
107.72,108.62774555555545
20.45,18.814287961972678
30.73,42.77144500000002
465.02,469.6828
25.84,11.962415555555554
249.02,167.0758799999998
3.57,42.846318750000016
106.73,125.97807999999998
150.14,104.08453727272713
64.0,65.57953
154.61,176.2206666666667
173.91,221.84929999999986
99.7,100.66201111111113
1759.04,1781.0368999999994
47.29,77.5163401190476
228.89,423.10865333333345
150.66,161.7046799999999
89.63,90.10327142857142
79.56,90.31113010521291
31.77,31.029637385299495
631.41,482.8252749206354
59.6,65.42029000000004
113.04,150.26841428571436
31.21,63.76056190476191
555.32,555.7551999999996
101.9,81.89980476190473
229.5,229.49720000000013
40.05,64.08109999999999
64.0,41.902171428571435
137.6,143.62358474310727
157.47,175.57334545454552
193.7,192.79465416666665
31.32,50.58582256410254
315.84,328.82309999999984
110.37,89.62709999999998
8.39,19.325857698412705
382.28,381.3434999999999
105.15,142.38558633144638
87.23,102.77379999999985
359.97,359.6568000000003
78.35,98.53586666666662
87.96,96.54243269230764
91.89,106.05083333333337
67.61,70.19629999999995
36.84,37.619660000000046
105.77,161.53089080808084
3009.53,3107.7411999999986
406.92,370.38553333333255
192.09,192.1514000000001
400.36,401.27603333333326
225.6,223.73999999999978
51.79,53.57911603174607
144.12,150.66213999999994
76.56,68.58240000000009
122.52,63.936400000000056
2055.84,2048.8483000000006
222.61,105.60346904761899
36.9,42.49040169696972
162.33,149.49354761904755
71.82,71.81999999999991
92.25,51.74180032467532
108.41,172.44667999999993
66.98,70.64576468253969
85.81,81.86820508967867
53.37,89.26460000000004
126.54,127.87511035471785
25.77,30.60420119047618
67.96,69.7035792857144
179.82,105.61826818437754
139.49,146.60918888888887
114.77,103.28728333333343
86.72,105.0774587912087
67.36,69.76029999999996
65.57,115.52950000000004
968.51,387.7099751278197
139.04,143.66664571428566
90.65,120.69408928571427
96.1,94.20000000000013
0.76,103.34902499999993
87.73,144.6064952154005
204.85,205.7017499999999
399.25,310.5146029337329
134.05,161.96379999999996
139.02,138.46424999999996
223.97,302.4527816666667
130.01,148.09004999999996
76.85,89.39780000000007
42.77,56.109100000000005
116.36,116.34440000000008
133.49,143.7513548717949
1391.79,1375.5987285714302
181.51,212.16280000000003
100.0,153.78406666666677
310.67,337.4575583333327
306.72,640.0413714285718
161.86,129.29693333333324
190.68,103.26010434955651
228.79,228.83720000000048
106.9,106.8999999999998
232.72,193.14200000000008
95.4,95.41519999999983
34.42,39.84621363636366
31.75,37.730106269392884
891.34,903.6490999999999
631.61,240.7408333333334
319.24,219.45463206709965
87.83,282.7175000000002
82.33,136.45969692763853
53.5,76.83853333333329
271.17,324.5636500000002
168.61,175.831162857143
78.38,53.79625547619044
220.2,230.83170000000024
116.94,116.94000000000001
86.74,86.62769999999986
101.73,101.72999999999975
60.25,124.33689999999999
88.72,121.62787000000002
78.39,72.50010000000012
542.84,488.72813333333244
228.28,233.08799999999982
62.65,81.92529999999995
132.88,67.15859999999988
91.56,83.13345
73.77,76.2053
515.08,666.5081466666667
136.1,207.27985000000012
57.5,63.55824999999999
81.78,114.44590875
97.87,97.87000000000008
596.27,596.4619999999989
71.35,79.93055000000003
42.39,43.26359999999999
230.75,210.83062007936508
117.24,533.2070999999996
103.55,139.92035152946733
529.86,700.7246000000002
33.09,42.765575000000005
107.78,109.01029943932286
22.89,27.429105555555562
160.16,160.18029999999987
662.62,660.7548000000008
123.0,89.6935534049284
101.82,148.8577500000002
248.4,397.06102299759056
249.97,250.31010000000018
28.6,18.607986666666672
326.6,88.50259999999999
100.0,281.7035998262231
106.76,100.58990725829725
369.26,371.77590000000004
92.78,100.38330000000002
58.74,81.55513333333334
96.02,96.02000000000024
188.2,187.69630000000035
58.13,57.266957575757615
152.36,171.60197500000007
39.41,36.78890404761908
387.85,164.43863235943047
603.56,549.5764333333327
103.25,103.25330000000002
94.21,103.17346124999986
363.75,352.3520000000001
64.44,64.36699999999993
72.93,77.50319166666674
36.05,36.304
314.84,392.77054999999984
340.02,361.02820000000014
42.69,55.285364002284105
238.11,274.89478333333335
144.12,150.66213999999994
97.6,101.75464999999997
161.49,202.00740000000013
181.24,158.38743999999994
74.32,80.55768611111115
109.2,204.61809999999986
40.23,31.940876049783554
0.52,140.42964999999987
134.28,134.80312500000005
126.32,87.70378333333329
322.86,279.80956666666697
117.85,124.57910337662337
308.61,254.9024510889111
50.12,41.90969999999997
123.97,127.59789999999983
139.04,147.4846666666666
116.04,97.12145833333341
28.73,31.236266666666666
221.16,214.47436666666653
321.14,317.74920000000003
53.62,54.86319999999994
66.01,94.94961555555554
46.15,54.63235982142858
211.87,212.54580000000004
47.07,70.34687283426541
619.34,617.8465999999985
39.61,41.00775981879442
267.05,285.6209999999999
86.04,79.98149999999998
202.06,159.98782051587298
1140.12,1118.1463999999987
109.0,132.5676633333333
87.76,110.27034745698748
56.03,57.89230000000001
109.1,53.934399999999975
219.48,269.6096166666664
43.96,147.33393636363627
39.78,35.04116979546459
311.1,298.54919999999953
34.8,77.98704000000006
191.09,214.05458333333326
82.39,107.11966000000008
73.34,95.8534692555502
60.0,69.16458448529414
64.48,74.9917433333333
136.28,118.78924666666676
582.94,499.4617000000005
38.27,38.83329999999999
129.22,80.57300000000012
3.32,204.16469999999984
139.41,145.7147999999999
97.58,87.86366666666659
1082.51,851.1830000000003
150.67,165.1665000000001
208.14,267.02105333333327
515.28,513.9419111111107
141.89,143.21879999999993
213.94,107.95383611096571
46.01,55.3995766233767
121.09,121.03510000000011
39.09,39.09000000000005
150.34,109.37047942640687
688.04,660.8134000000007
195.91,301.86725
96.31,92.68498277777786
163.38,170.44681428571403
116.24,89.91016298663355
158.21,227.59415981601717
7.99,15.017118171210031
32.38,35.749575809537575
28.69,32.20202472527475
70.9,67.08419999999995
220.19,326.18178285714276
76.65,83.75697023683638
29.43,44.00975303030305
109.02,117.45921261904763
45.29,45.31369999999998
103.26,146.23080348651348
120.78,128.82429444444452
297.88,208.3506
46.1,68.09111126287509
236.88,237.59341666666668
198.67,123.3229766666667
90.18,107.08968468281722
118.98,117.0266249999998
153.42,149.03924848484857
131.56,129.3689204545454
181.19,187.65169999999992
20.0,27.987309999999994
160.53,220.13125856630086
77.57,164.43863235943047
286.59,389.6108399999999
61.64,62.856160000000024
797.62,796.2238499999999
159.75,160.44480000000007
47.68,47.98489999999998
106.43,169.0002759523811
242.8,242.5558500000001
653.64,465.3890999999998
110.02,154.22765000000004
39.23,51.36125000000002
1061.52,1071.2774
759.49,760.8846999999994
44.24,45.3371999999999
158.85,169.65769444444442
105.99,84.88874380952379
76.02,47.14449265309726
96.26,54.201860873015924
30.27,32.48999999999998
108.81,122.65100000000001
67.63,91.05718
43.41,81.36472916666668
119.98,222.35188464778233
112.3,130.99136736447758
76.08,106.63539333333328
710.48,708.6210200000008
80.56,81.55471666666669
168.48,146.44039999999976
261.46,237.29751104645334
148.15,145.81579771241806
157.13,158.65383333333307
195.55,195.55419999999967
147.59,168.66700476190482
366.51,376.4029000000001
196.33,209.21320340909088
59.34,60.242500000000085
88.44,89.30380000000002
95.21,116.13759999999988
74.74,80.3196999999999
103.8,100.55476666666664
68.26,55.03258000000008
143.46,166.6699733333334
260.92,191.87432111111096
65.77,73.70772857142859
58.49,108.46099999999984
55.35,84.8975752380952
114.42,154.1950699284049
63.13,75.77478869047621
50.61,75.28147499999999
69.91,80.35553663003661
163.25,163.25
305.43,377.1424999999999
999.68,955.0023999999981
87.35,99.55328166666669
395.17,104.61529999999992
41.01,41.64490000000009
60.26,61.49622000000008
47.13,56.044651153846125
185.86,197.43880000000004
117.68,68.07240000000006
110.07,176.28550000000013
457.2,448.6518999999996
67.02,71.16100000000004
94.85,92.86960000000016
379.46,268.95309999999995
26.68,27.062599999999975
116.17,199.89001499999986
102.64,197.8197666666666
204.7,165.50966666666685
58.37,58.35909999999992
101.34,92.53135000000007
43.03,45.19001590909093
84.72,84.72000000000006
159.21,182.43633666666648
339.79,258.38994426739936
166.59,167.19820178571436
606.57,618.4502142857143
32.09,32.09000000000004
25.62,33.73610833333334
122.88,132.39132499999997
333.79,957.5921758238826
116.27,137.02829999999983
196.52,221.16382000000027
641.2,621.981499999999
156.77,179.15868499999996
348.18,457.2663
1058.1,1003.3352000000012
311.79,354.1343500000002
43.27,44.144500000000015
39.8,40.5639270833334
134.1,255.61026666666706
33.1,35.098522962962946
99.81,192.90389999999996
115.74,102.36719999999995
255.8,135.2774999999998
29.88,36.03671153846155
46.72,66.00748000000002
98.16,93.97051999999998
254.88,274.2145666666665
34.28,50.24835666666666
99.9,129.45644109389906
175.08,175.08000000000007
163.39,171.86959999999988
32.83,43.98219999999999
302.4,342.96845000000013
60.87,47.831616666666626
47.62,59.538695555555535
126.33,127.73279999999994
136.46,139.77789999999996
137.99,201.635563968254
228.01,226.14960000000013
130.43,152.35451523809516
187.73,182.40440012438515
112.91,159.71138333333337
86.95,110.88472571428566
195.0,194.1433
1191.48,1183.284599999999
155.34,143.5675566666666
151.46,67.30340000000002
286.2,143.5706500000002
185.22,108.81191666666669
57.03,64.36006000000003
662.34,578.4625558585851
117.85,119.50045995614042
101.48,101.60214999999975
65.18,197.2403333333334
138.89,139.1021999999998
175.99,187.99152500000002
135.0,105.45515648349101
119.36,95.17001999999997
213.83,218.49676499999995
210.11,260.26958388888886
721.06,715.1512749999998
96.4,56.88365000000003
213.04,132.8671
148.69,148.6438000000001
341.51,167.71791523809526
285.76,323.44064999999995
19.82,27.491074285714273
34.0,110.97470000000001
32.59,42.21646666666668
108.05,108.04119999999992
1150.8,331.856233333333
35.19,51.47813095238098
80.67,86.2300166666667
147.85,118.3982766666667
177.42,154.14347777777775
31.42,67.59578962184874
82.43,92.8616360029761
512.9,513.5772000000002
92.27,127.27632714285718
47.75,52.479646666666646
7.61,46.37762138930515
444.39,408.7916999999996
463.75,469.26469999999995
228.34,418.92535333333353
56.69,58.197799999999916
279.65,278.2067000000004
153.13,57.76507368686872
65.79,84.62104285714292
7.3,7.125439285714289
62.07,63.22645000000001
138.31,123.0001500000001
268.64,196.22359650793646
388.96,194.50409999999968
42.77,42.7751
93.58,142.7852715731637
121.7,164.83908707681206
109.26,82.23719761904769
103.37,103.44980000000008
151.61,325.6800800000002
118.02,102.89897515151533
167.07,169.87284999999986
523.72,523.0903000000001
126.42,126.31061666666658
603.43,869.9522399999997
61.46,66.21770000000005
7.73,10.862642857142859
49.42,68.94484823522347
4.61,7.925584649214962
203.23,257.5387166666665
220.12,229.61639999999989
182.46,65.45925877620917
77.16,76.22862499999992
412.18,391.49020000000024
53.16,48.95154999999996
78.2,92.49977499999996
128.68,129.84010000000012
45.95,65.88866923076925
75.83,93.28819999999997
147.15,147.14999999999975
481.73,470.14864416666677
144.58,144.58019999999996
207.2,237.07400000000018
1373.83,1365.88032
53.61,75.71887198879554
89.17,188.74310000000006
118.93,118.92610000000013
50.72,55.53468
136.46,139.77789999999996
102.49,100.3866666666667
74.58,97.51188484848484
55.0,90.06730909090908
91.95,109.31683500000003
417.19,424.75069999999977
72.98,90.45520904761902
91.2,123.1114157142857
182.29,185.24163714285757
8.14,25.96593218661241
72.97,81.3517595238095
1668.74,1652.8803999999986
55.56,60.80250833333341
364.95,379.98097500000006
101.36,142.58730000000003
187.16,155.09684307692302
64.62,70.34687283426541
188.51,188.54159999999993
307.56,321.89729999999986
22.6,28.857482380952383
77.53,149.6056545238095
205.74,254.9024510889111
19.37,39.01268333333328
55.46,104.16807450882453
116.04,151.8476688095239
39.34,56.24247857142857
83.88,117.63496512626261
272.02,283.5790333333333
40.95,108.05798514376802
385.86,379.5153700000003
249.35,164.03013215673235
122.78,127.52899500000007
77.89,87.76887999999995
859.36,848.7089000000004
242.94,325.36220000000014
185.64,223.07171309523812
36.88,35.119309385322836
818.12,1041.3112999999992
83.94,72.37725238095227
54.49,59.35494999999989
35.57,38.07148547619049
102.04,65.10323333333334
82.32,71.14334999999994
68.89,67.73915333333342
34.09,34.84609714285717
52.92,70.4871
86.18,71.34761666666674
275.2,143.62358474310727
172.97,180.10424999999998
58.26,62.38120000000006
158.77,159.16235333333333
64.51,64.39263333333345
66.26,49.30215821428571
92.37,92.99511333333335
134.32,154.96119978354966
54.34,66.3489666666667
20.17,35.119309385322836
144.01,1440.1000000000026
30.3,37.765331666666654
99.32,90.42139999999989
28.85,31.97217619047618
92.93,91.70610666666664
154.56,152.2833666666666
236.5,201.25315999999998
46.74,47.0292999999999
59.71,26.821799999999982
1.47,3.3589795172474597
27.77,31.35279999999999
32.38,32.380000000000074
61.86,73.00343714285712
218.03,136.78124999999994
38.01,112.02922500000011
42.47,42.49909999999993
33.85,35.47139999999997
61.75,62.3288
321.38,341.1978221052631
172.09,172.94205000000005
180.37,113.37789999999983
20.49,36.36484095238099
92.67,153.93728333333334
136.0,77.14814388888894
148.15,137.83700450216438
53.1,58.093456414664864
188.62,157.40182497113994
57.87,102.36719999999995
175.76,108.19280000000008
54.11,97.51609499999999
1029.84,809.582691363636
587.94,310.5281000000001
63.01,96.28529555555559
91.3,106.0566854621849
155.64,139.84799999999993
166.57,177.6286000000001
159.28,167.59305000000015
170.6,133.0199463286136
76.34,59.95618487179494
56.78,63.077752702076225
130.65,118.10533333333322
73.25,83.24016984126985
42.59,46.98376619047621
75.07,75.40438214285709
1251.02,918.8549083333329
187.7,202.3904333333333
85.62,115.67531447542655
70.75,118.34349226190476
136.05,173.27721666666687
912.0,690.0489142857143
43.0,45.23268095238096
672.41,817.4570574242439
26.77,18.45243202380952
57.98,126.2449
137.22,141.55286339743583
312.82,275.65489999999977
369.1,297.7260999999997
227.16,371.1909500000002
426.43,438.83549999999997
186.56,127.41689619047622
177.16,133.0108966666667
86.66,60.96740999999997
165.4,167.1772999999999
108.27,84.78051666666671
327.39,363.9397666666669
135.51,136.1067000000001
63.9,82.7928798201798
45.95,46.56047088744585
227.38,337.5743033333331
35.77,32.237104846449
127.06,105.5996555555556
83.4,121.72720159919021
59.19,44.605285
44.89,67.04503666666663
24.23,74.61082499999996
92.95,81.1056799999999
50.86,83.23117500000002
100.3,65.88173638528136
83.55,94.42626547619044
351.22,801.4351153838346
32.1,40.08181277056276
147.41,178.4865495238095
96.47,96.46999999999997
62.25,67.96740000000003
560.24,280.44839999999976
35.86,24.227862301587297
63.53,62.26299999999992
755.9,126.27744349206353
168.2,176.0326000000001
1.41,30.309253690476194
649.14,259.3464866666668
148.28,148.37930000000017
106.9,106.8999999999998
220.04,249.382333029525
130.13,132.0445999999998
69.06,96.07421875000004
150.19,43.150204761904824
78.02,91.41457380952386
39.04,47.18016666666666
112.71,112.75229999999978
79.61,94.60307666666665
90.17,148.56240222222223
113.15,111.5307309523808
102.67,128.47650990936035
21.04,20.993499999999987
25.1,34.24301327838828
38.91,51.59246690476187
524.28,469.99749999999943
219.54,208.3255848484853
218.78,125.88721710144942
17.0,96.95932049589295
35.0,42.07410000000001
33.61,407.9731500000003
147.59,159.64644000000013
135.0,105.45515648349101
24.86,37.03516666666667
88.56,111.60915532467533
180.45,138.41938329670336
64.62,87.52308571428566
26.84,26.941983333333333
57.78,87.11149242424239
28.98,31.683978571428582
105.29,102.96678000000001
69.16,76.85635000000005
37.0,41.88869999999999
279.57,256.7351890223665
209.2,220.24251785714284
338.84,261.3665163461539
20.69,132.47055999999992
156.4,157.00169999999983
62.79,87.8665
152.1,268.95598365079366
30.08,42.420398492063505
273.42,224.9411999999997
203.08,203.0800000000003
88.9,88.89999999999984
1654.46,1718.5479000000007
187.59,129.09027999999998
175.08,175.08000000000007
168.83,172.82439999999994
77.16,99.00309999999998
1478.95,1443.3943999999992
128.0,129.23400121212123
20.0,36.860879999999995
247.86,210.28813333333355
322.17,348.62233333333296
120.18,124.175436904762
560.65,558.2283300000004
315.88,246.62277000000003
477.45,562.5334
293.36,254.4725333333336
28.29,29.328149999999972
714.5,645.9401697619048
246.28,310.38804999999985
52.57,56.017186969697015
33.84,50.02640000000005
83.84,136.19749857142872
93.78,106.29389571428564
187.43,191.8613000000002
70.64,111.60341666666665
181.92,180.3895999999999
86.15,101.77886829130838
401.2,470.461
368.69,305.00666
336.36,546.5705355952381
92.61,95.22053333333332
74.49,97.21331666666663
301.38,136.26301246753235
98.94,126.37643333333341
1023.72,521.4154538800088
129.56,174.77126111111113
68.12,131.64067440476177
46.34,50.10600000000003
39.95,43.77834656565654
151.6,151.60000000000025
56.69,95.24141666666667
173.94,138.59887817460321
15.84,86.26786617756508
102.92,121.17692428571426
151.58,192.21197666666677
27.0,27.0356
158.45,159.68989999999997
52.76,51.96770000000012
35.0,35.77306666666668
48.2,56.88365000000003
729.7,569.0042272727267
103.55,69.15386757215009
107.78,109.01029943932286
232.71,136.44097749867188
681.46,562.4979999999999
171.96,159.67150999999964
112.46,108.08224166666662
58.16,58.16888950049946
499.58,509.1919000000001
163.43,222.96585000000002
91.36,230.807465118411
542.66,542.9063000000012
28.75,34.70109694489116
50.12,49.444099999999956
102.96,112.15386666666656
89.91,105.61826818437754
25.0,25.0
41.85,53.074710606060606
77.75,85.15760000000009
62.78,62.905559999999966
312.18,251.170480952381
73.68,150.05232367521376
131.25,208.7686000000001
122.81,121.53840333333329
20.86,35.9291511111111
155.84,162.43301999999997
20.29,20.289999999999974
511.18,569.0279199111415
268.64,294.2636
49.42,53.6762
65.71,60.12414339193449
252.69,149.2548915079364
467.24,513.7109
49.96,55.366266666666725
35.11,34.349206666666625
44.28,70.1026333333334
138.06,122.98376666666664
20.0,29.063882559523805
28.41,16.794684997502497
50.0,39.52607934315684
169.71,184.4690500000001
50.68,127.15325000000009
92.73,95.33362499999983
106.76,111.28960000000012
169.84,174.65077499999998
98.73,102.91220359640347
31.29,32.004199999999976
39.42,38.050942380952385
167.92,170.4374628571429
30.69,39.21868563492067
230.37,275.08970000000005
465.21,410.63729999999936
61.82,68.33550000000005
27.38,30.31920000000004
234.44,138.43989999999985
49.45,52.912793333333354
43.0,56.67964333333339
119.99,120.01055999999996
82.73,99.1889442307692
94.72,145.05355571428564
95.29,99.21946888888897
185.89,187.70873
513.46,241.43090000000012
30.0,32.71673333333333
25.39,36.788025000000026
203.08,203.0800000000003
411.21,411.13849999999934
268.64,196.22359650793646
37.77,37.76999999999999
44.89,70.32799999999993
143.48,143.33199999999985
112.55,145.01250000000002
338.88,277.50284166666677
27.77,35.47417999999999
130.53,129.92810000000017
78.15,108.77509999999997
97.52,117.36509999999998
284.63,284.42150000000026
119.66,126.07552499999991
102.98,111.50450000000005
35.0,35.77306666666668
42.41,41.45857999999998
21.77,28.784016389863986
188.34,193.0174000000001
65.34,69.31811000000003
414.4,411.7756000000007
583.82,458.23488444444433
58.19,70.7508371428572
120.3,121.69432499999986
27.78,32.94025714285717
56.9,64.20879999999994
45.0,54.75149214285715
203.67,260.07472500000017
405.03,410.11649999999963
53.9,96.26581266708607
233.42,233.51449999999957
453.74,277.2683257142859
107.19,126.50039999999997
522.74,417.5291000000001
22.46,27.05420750000001
659.52,634.8257999999987
111.07,121.75194137931034
50.31,50.78994619047619
63.12,58.364659682539624
47.38,47.493222222222315
57.5,57.08824285714286
30.43,30.66396166666665
181.78,548.045848898234
89.67,97.9650327380952
73.18,82.86758571428578
111.91,118.14529630952386
161.66,156.1177999999999
58.78,64.32739999999994
185.88,205.4949476190476
57.56,66.21732222222222
93.01,53.09625
51.84,51.6140402564103
81.73,113.77174928571421
163.06,163.05999999999983
2.61,8.437307654585267
44.1,76.14707567530512
135.0,105.45515648349101
140.34,106.7869366017316
110.09,146.92857714285725
50.01,51.236170833333375
65.92,93.29426666666664
250.0,181.04290724615254
55.0,85.28229999999999
172.38,191.2348785714288
70.0,18.9735333333333
284.04,328.7037250000002
152.73,149.5417999999997
73.34,75.03280000000007
37.77,37.76999999999999
147.38,198.3862000000001
55.65,70.43211666666666
88.19,64.67011333333336
57.51,64.09738035714292
219.33,259.83152500000017
133.14,214.5410999999999
61.75,85.45169015527948
170.65,173.2664166666666
65.09,67.9950750000001
181.91,246.38023
40.76,60.17825809523815
374.73,444.55565
256.29,250.0563976190475
216.04,748.5080767207792
150.87,156.88610000000028
142.2,143.7596000000002
49.27,53.356300000000054
180.46,188.71056666666635
65.01,65.46083333333345
51.66,51.214849999999934
42.69,59.56384730158727
192.56,352.3465773058314
90.88,119.32733844597541
200.0,140.6531023809524
28.5,28.519799999999996
67.49,73.10720000000002
14.72,44.72364928370994
121.61,71.13236666666666
173.82,444.2946111079221
75.85,83.08605392857147
229.2,253.73961333333332
3.21,118.85063333333326
60.23,66.93156515151513
96.8,94.90336449104736
34.42,33.37897333333337
170.29,184.5945666666668
647.4,652.5289999999997
272.97,250.4331000000002
133.49,123.89593999999997
95.4,95.41519999999983
80.2,89.69160167887664
108.12,110.1657000000001
237.99,241.33162500000032
55.79,54.972760793650814
111.09,118.42540119047618
55.1,68.23986190476194
20.0,26.239942857142854
53.01,77.82952387445891
115.02,316.1910000000004
24.84,22.782775833333336
1659.84,1472.5157999999979
92.2,74.63699999999996
141.39,141.59877833333346
157.91,157.94329999999988
161.62,201.5777699999999
140.0,120.57690447691195
22.33,39.147695000000006
826.8,815.1488400000013
157.35,103.9565541666666
141.23,164.16157999999984
132.88,67.15859999999988
42.83,41.9160375
209.94,80.4936666666667
231.4,250.50246857142858
52.25,53.291419999999995
53.99,53.98999999999987
280.23,254.28773333333305
94.44,73.84392999999994
8.79,15.92318599439777
5.25,217.00574999999986
261.71,293.98379999999986
139.8,84.01677656704558
118.03,132.17990000000017
64.48,97.42710000000001
68.13,68.1300000000001
551.9,553.1952000000006
254.94,168.91180000000003
132.24,133.32657999999995
70.89,92.57339435227057
31.36,22.286633333333338
126.13,119.57480476190486
28.0,24.85317355014267
139.46,79.11226141632181
188.24,166.69255999999993
629.64,643.6543999999998
49.42,54.4747466666667
108.0,76.9548
56.78,63.77748787878792
33.27,45.605212121212126
235.28,223.78794999999982
30.23,31.303039999999964
12.34,45.853889500776965
57.28,64.11399999999996
500.85,660.5378761904761
264.16,262.56073333333325
93.91,175.88161666666647
119.42,125.9229571428572
42.33,107.93478095238093
96.83,170.42200499999998
146.46,157.31974591131066
113.14,112.76103333333333
57.68,66.89328357142864
64.86,43.63599282235178
123.62,110.98590000000007
37.83,44.932699999999976
116.19,113.29875
105.6,105.6000000000002
126.29,140.90595476190478
21.43,21.42820000000001
57.98,63.83136666666662
39.56,81.24101731268728
141.5,104.74313761904757
150.0,228.97386833333346
151.29,151.4174316666669
116.36,116.34900000000007
563.15,573.6074999999997
377.88,188.93999999999997
32.7,32.70729999999996
316.4,318.7439000000003
183.43,184.16979999999995
98.26,159.00331666666673
25.65,25.519996666666707
83.22,117.7365238095237
201.65,218.33436666666677
132.48,138.51092950980382
540.76,540.7600000000003
146.04,82.66544952380954
40.75,53.764341666666695
188.63,229.2362000000001
118.58,211.12300000000008
255.84,355.0475833333332
406.65,476.44402999999977
53.83,42.30151285714283
37.18,37.800649999999976
221.1,230.04930909090896
193.22,123.44105722527489
77.57,77.5382599999999
70.74,79.71759478260866
305.97,886.6886999999992
24.79,33.7232785714286
19.62,19.61999999999995
43.22,43.21999999999993
61.01,60.54180000000013
149.9,113.86780000000005
45.05,74.26473928571433
47.75,79.38629999999998
248.04,158.0105399025974
25.1,24.83076666666664
328.72,322.4657
77.57,128.49826210518762
21.04,21.114177777777755
278.43,383.73440000000033
415.51,425.9357000000005
125.31,163.86259999999996
90.73,128.3115395526695
188.94,164.66575228438222
278.52,195.30068666666673
102.53,104.83184281468537
50.05,68.86489999999999
254.47,261.1035000000003
49.31,67.28836499999998
237.68,196.67380000000014
215.37,170.6066000000002
163.65,163.64569999999975
315.54,336.21271654761904
117.51,121.13800136363632
86.25,86.01281433566436
80.1,88.35736666666664
34.71,77.11591944444447
182.14,182.15259999999978
72.18,142.7749412820513
68.89,68.89000000000011
315.84,315.7793
70.44,71.91989999999993
13.78,19.51201538461538
220.58,310.7649005860807
117.85,193.59407996211047
105.06,109.51070000000007
50.76,44.81740666666676
203.64,472.20229128272774
102.13,97.68326428571419
356.76,401.1573500000002
64.11,64.59479999999992
83.69,93.33804555555551
63.27,127.87511035471785
126.33,138.53186190476185
166.35,168.77974000000012
483.7,536.4461800000001
144.87,176.61180000000002
250.0,113.05738000000021
309.12,296.79217714285716
217.82,230.41049333333325
927.6,757.7478999999998
64.22,59.02871000000002
71.82,64.31476303030296
53.1,58.093456414664864
45.86,57.151812962962964
192.69,200.76833749999992
142.71,135.64219166666658
158.35,153.0270851190478
38.01,47.14449265309726
133.75,187.09483050976806
271.94,290.94960000000015
34.09,36.46388859321234
118.34,94.31465714285721
113.62,158.80526399711403
507.76,126.5166
26.68,18.395989642857145
145.48,151.01130000000003
126.64,106.75726190476189
71.95,58.57416936507932
110.71,116.70879999999981
38.01,50.260768363303384
30.29,39.28420833333335
21.99,25.19912499999999
63.22,77.4362761904762
233.36,132.39562760323022
194.0,190.76617749999997
102.43,150.41114030997306
67.3,80.52391587301594
38.01,47.14449265309726
48.22,67.67620333333329
971.96,958.4488500000002
69.22,71.06710000000001
45.5,404.6114999999999
24.08,71.30754333333331
157.3,246.24572536599243
44.0,45.99205
55.55,70.84069023809528
682.98,1197.0890000000018
222.86,290.4281888095243
556.24,447.58179999999993
181.86,227.46780000000012
53.19,52.096277142857204
1391.79,1375.5987285714302
333.35,331.8460000000005
48.91,57.72470000000002
476.14,642.7882999999995
326.34,185.2769999999999
136.19,156.36924999999985
180.01,196.7926408658009
212.01,211.05492000000007
218.87,252.37040095238083
40.93,48.0263
50.05,83.15755000000007
58.09,58.08420000000008
48.99,48.60900000000002
47.29,63.14927999999998
164.61,172.88890000000026
171.24,173.89229999999995
77.82,79.47308357142855
224.8,54.55165000000001
140.48,305.2368166666665
38.0,38.0
54.98,70.52290999999995
60.49,89.63250000000008
64.0,73.58485000000005
448.51,444.8270000000001
168.8,168.7999999999997
50.53,65.59603928571431
165.67,169.76604999999995
235.18,248.95289999999994
71.72,121.0736999999999
213.66,221.76249999999996
872.17,740.7840166666657
113.55,113.57319999999999
49.4,49.402999999999984
170.86,210.28762539682546
305.04,299.52555000000064
349.95,337.06760000000037
168.35,167.62322000000012
50.0,68.68768863636365
179.26,107.01255080897123
392.72,470.0320590476193
7.91,43.358266666666616
257.9,287.2740970634921
105.38,112.37594058823522
395.04,429.51980000000003
28.28,38.14363644607843
66.48,60.74216666666658
163.53,147.39249013599027
99.32,90.42139999999989
98.15,121.8091305555556
59.78,60.470763809523795
43.93,56.2294933333333
92.41,113.06891999999998
118.48,129.27914166666667
79.77,84.60015000000014
36.78,38.87230985985992
138.48,91.5912989610389
203.65,197.65950000000004
221.7,192.83520000000027
74.85,142.39960000000022
365.25,339.71975
323.92,423.51469999999995
39.24,39.53390499999996
337.18,410.4596499999997
138.72,140.50567999999998
46.63,57.31045920634919
39.51,212.63509999999994
68.93,70.25330000000001
204.06,172.50929999999988
35.0,37.24244999999999
119.2,107.29740000000004
86.36,88.34884999999994
13.41,16.417355119047635
66.78,67.71089999999995
43.08,61.87933333333336
42.68,37.9633015611839
303.69,356.0572999999998
117.85,124.1672000000002
104.43,91.97003333333343
246.83,284.8329
6.26,26.515800000000024
309.98,800.4175799999996
177.24,155.94484444444436
138.6,138.60000000000025
56.78,62.49204202184023
211.74,164.97508142857146
82.33,136.45969692763853
426.25,117.03250000000011
76.76,95.20369761904766
320.58,317.8602000000008
747.12,1268.5613105263144
116.94,116.95490000000001
68.62,93.08883333333331
164.1,109.16573999999997
86.54,75.37580799175356
110.18,70.14421694444448
93.19,97.38605833333328
246.23,244.35119999999966
4.7,18.049128528521443
63.65,107.65797142857139
54.0,54.689899999999994
155.14,128.49826210518762
108.72,71.53127601545509
94.9,130.8281564285714
155.64,139.84799999999993
74.97,86.61484999999995
212.59,131.2472212193362
256.9,271.43330000000003
186.6,176.48685333333336
94.39,95.66791083694085
16.78,40.40983918973959
177.52,191.140345580002
49.53,38.8476109054834
362.0,431.3774666666665
97.87,97.84370000000007
71.14,63.14555221077422
207.22,177.24309999999986
347.52,139.51028675324673
66.01,80.7861
71.15,73.12409999999986
67.36,73.70492148351659
44.09,44.09000000000006
77.65,77.21899999999992
435.36,428.0983000000004
105.94,110.68750000000001
86.14,66.55655896825398
49.73,25.549399999999977
58.59,58.82148923076931
156.67,202.63174999999998
166.21,200.34491999999992
575.22,473.9755666666671
96.8,94.90336449104736
193.82,193.67699999999994
36.84,38.86813733333332
99.26,132.21020000000001
246.38,258.75660000000005
329.16,285.3575950577199
222.67,215.38177142857137
66.67,66.37272307692314
96.69,66.87275333333326
236.04,196.30740000000037
43.52,59.518675238095256
231.27,296.0555346153848
72.48,72.47099999999986
168.72,150.8465999999998
109.67,176.12872428571436
77.06,88.14480000000005
85.14,84.99593333333343
138.89,138.9222999999998
89.48,89.39769999999977
276.5,234.98490136752142
25.0,32.59469285714286
32.38,35.749575809537575
71.6,60.70076666666673
155.1,182.34077500000015
257.94,193.18165632367644
57.68,70.73883684315692
235.92,205.94834277777755
60.98,85.56850035714288
46.0,43.389946390023795
387.8,375.58298333333335
585.12,364.3827616666668
201.14,154.7414868939394
52.85,136.8774527777777
279.0,300.07239999999996
136.08,148.37199999999993
152.33,152.92188541666658
689.63,701.4681666666668
94.66,98.73209999999993
132.54,149.4378275641026
285.76,272.87199999999973
111.39,164.5261352380952
58.32,56.79037499999997
1023.9,1007.9273999999986
171.3,174.54345000000004
144.99,158.0345535714287
105.28,114.74879774344657
41.69,46.67455809523808
24.86,25.119399999999988
318.61,322.65584285714317
157.79,222.43961336996352
216.15,259.5002299999999
180.81,404.77130000000017
582.94,612.9321333333334
88.96,109.42053214285711
113.4,122.02324888888884
41.72,51.917579285714275
151.58,192.21197666666677
134.14,139.87222418026423
37.77,37.76999999999999
58.74,80.2768655555556
388.96,194.50409999999968
74.08,92.94341190476187
137.99,176.50926153846166
20.31,23.785199999999968
91.71,62.78997666666669
7.8,59.73528333333331
150.28,143.16319476190472
116.45,109.12885
76.39,78.16250000000012
130.0,128.1407
196.92,196.75899999999976
87.42,96.36945000000009
126.94,162.07800000000012
58.62,87.52284252873565
178.39,178.75699999999986
77.89,84.79142549528905
67.5,110.46769948131892
147.34,185.88613380952378
624.56,542.4641999999997
144.67,162.88806904761904
117.63,121.27258333333332
45.09,45.08430000000007
35.23,53.51110603174603
330.06,250.35930666666675
47.78,57.42306214285714
111.66,109.45833333333327
81.11,111.18538666666674
311.88,252.31927392857145
96.32,99.7742399999999
953.71,686.2737714285718
94.6,58.01081428571423
179.6,179.56680000000011
109.5,124.14472083333325
221.34,172.8881763157896
44.69,46.6758171428572
61.0,81.8732838827839
93.56,87.30856000000013
273.62,249.28766873015866
190.46,204.25870000000023
34.69,81.66691333333335
149.78,167.46063333333328
110.03,114.89980000000013
171.44,182.5814
14.1,45.62578624098121
50.72,21.532153174603177
54.0,57.21428207161193
121.27,220.5404333333338
97.44,87.65316666666658
33.32,56.40004333333334
296.61,294.5491
464.89,455.1748999999999
75.07,239.34952999999985
100.23,102.99513999999978
90.28,114.15776923076928
321.51,335.6483999999995
125.42,125.43760000000006
199.92,93.43356462076663
340.07,324.12983122080783
165.72,209.45941055194803
139.0,140.67300000000006
250.68,233.39223857142863
181.76,131.9685790476189
40.28,52.02412000000001
44.87,61.75319999999998
70.72,70.72000000000006
30.78,42.90477481862965
525.32,456.76507142857133
22.58,33.672724999999986
147.98,154.0499999999997
62.01,72.27879716799508
63.4,79.86523333333342
184.56,170.30999333333327
58.42,99.41987256251826
143.12,150.57724545454562
15.37,489.7196166666667
92.97,118.78581071428579
45.01,31.822868452380952
49.69,37.94016460144927
35.68,43.629593333333354
107.37,138.4478729166667
50.0,51.05990416666666
296.93,307.7996000000001
124.52,124.62640000000029
172.52,172.52000000000032
241.61,571.8595999999994
381.88,381.87999999999994
34.54,49.58082095238095
34.64,59.34292469696971
959.77,918.6399333333335
71.95,58.57416936507932
327.01,323.789825
144.78,145.03040000000024
152.09,169.6289500000001
156.39,132.05193846153833
218.87,183.05610000000016
411.98,389.2158000000001
190.99,130.724521969697
260.51,219.64258208333337
10.84,49.019978600288596
86.15,109.4423569444444
132.04,176.94511999999992
69.45,89.00582023809518
139.27,187.67513214285714
233.83,230.2066600000001
62.65,44.35627144272396
55.69,58.70624999999998
46.78,58.09689999999998
92.78,77.36287999999995
184.93,224.94910000000007
253.32,282.92400000000015
473.73,450.67091250000055
117.12,116.5675333333335
113.76,113.66230000000016
75.24,47.71313999999994
55.0,67.10879333333338
91.8,100.49930761904757
51.52,99.06429999999996
75.25,75.25
42.78,77.55049999999987
192.59,265.92619999999994
237.15,413.8267100000007
161.62,161.56340000000034
193.84,188.56227561938493
250.4,250.5774000000003
102.03,108.05798514376802
12.01,33.93261333333334
44.01,44.28070277777786
100.62,100.60810000000006
353.79,382.62989999999957
137.96,138.12219999999968
111.92,95.48683815789474
136.6,136.60000000000025
47.05,49.06980000000007
580.58,670.1609000000007
246.81,248.97219999999993
160.57,160.5699999999998
51.44,74.33122407239821
16.61,23.25198999999999
229.9,207.2112525042116
105.01,143.81664142857144
1096.98,1096.6902500000008
355.08,337.30730000000017
65.0,65.0
92.89,103.80575714285715
312.39,305.64539999999965
91.23,91.22999999999976
591.88,591.5756999999991
320.28,381.11440000000005
51.27,23.015516666666663
117.01,157.11555952380965
231.27,222.0400504758975
56.96,71.19070000000002
20.0,20.32385043650792
64.0,80.35290000000003
121.18,284.04339999999945
102.96,102.96909999999986
33.12,35.30049999999995
197.48,160.8658742857141
1588.92,860.7625999999999
143.71,145.74083333333311
80.81,89.33362333333342
228.24,169.09158831168838
92.57,92.55089999999987
73.27,77.19029833333337
65.99,65.15435000000001
25.36,55.53468
92.9,154.41368748938976
48.68,191.21810000000013
408.9,562.8772000000001
143.12,143.89160000000027
168.33,168.3543
137.24,145.7933749999999
56.39,56.33873636363643
279.33,268.09228571428577
78.29,79.85636666666669
135.49,134.55357388888876
189.08,170.04176687590189
139.96,139.96489999999972
4.95,274.4953999999996
104.84,105.15970156432753
38.59,68.32415690476188
36.22,55.57766666666663
216.15,505.62629999999956
65.1,66.2351504329005
113.15,115.44499999999982
55.1,66.69586461038969
21.72,28.833384166666647
37.77,43.56440913049369
132.42,113.36849380952383
65.56,43.571141428571444
406.58,397.8794023809527
240.34,191.9815000000001
374.58,385.06289999999984
43.87,52.45313333333336
119.99,129.5442233333332
267.99,268.0537000000005
159.1,202.03874166666665
1020.78,1005.1283666666657
28.42,25.96593218661241
241.69,360.9830166666665
91.03,115.41132429168057
48.1,59.761050000000004
87.33,93.34859944444446
78.2,85.51296666666666
137.74,138.98015555555548
100.58,93.42570265415135
89.63,113.40374999999995
71.0,93.06335059523809
106.78,138.63615000000004
54.87,56.26533333333328
74.63,109.6091666666667
314.6,246.24572536599243
294.15,314.55619999999993
1767.1,829.2741831953116
77.57,164.43863235943047
41.0,54.53913620394929
124.4,124.39999999999978
138.26,129.0273857142858
758.29,767.2313999999997
40.09,40.5602188984893
274.06,186.66833333333335
55.24,104.65072271901917
18.17,29.327265261127778
38.31,63.33266488095237
32.69,33.84920230158733
55.01,74.27833610389612
28.33,48.00459071428564
47.77,49.86941666666669
178.52,152.8834550000003
231.27,231.27000000000035
84.23,82.1948199999998
417.02,242.1654269039292
75.65,73.14245045454535
341.02,341.0200000000002
327.9,327.9719000000002
79.51,120.8719732647908
26.07,44.76774428571427
64.4,75.5620499999999
108.36,115.41138571428573
3.41,9.964426203592156
419.04,151.91258571428568
70.79,72.003
99.52,109.00946666666685
55.38,100.10738499999998
63.5,63.2429
111.66,148.51029465240634
288.32,286.26919999999967
118.88,121.4632666666665
151.61,150.21580000000012
27.38,28.012800000000055
28.77,35.37397103359171
192.1,219.5938499999997
152.95,165.68509999999984
40.22,48.27519833333331
76.86,60.88020134199132
44.09,41.28422976190476
26.76,37.71259999999995
137.2,137.20000000000022
206.97,189.55689999999996
108.85,148.7041258407382
53.65,69.13683333333339
378.84,296.19539999999995
219.89,219.55069999999995
157.73,83.23829428571428
123.89,124.17269999999988
16.0,90.66543333333338
116.94,116.94000000000001
102.7,112.45600000000005
168.03,127.6031500000001
155.31,202.22354999999985
68.04,120.38584999999998
302.52,297.32900000000035
99.43,108.91660972116259
45.1,77.04780320512825
411.87,448.4645666666663
43.28,48.070322222222245
35.48,96.17609362859355
27.75,46.1934630952381
59.9,46.04205833333334
54.74,40.48820797979798
102.18,169.2789997633619
152.16,123.78732559523803
57.77,60.46667333333342
827.0,891.3558000000005
25.46,51.908274999999996
50.0,338.38040903540883
76.57,88.0023177014652
64.0,66.8351484848485
45.96,111.78172666666664
148.0,145.53519999999997
80.01,139.27739791208796
241.76,341.90104345238086
94.31,98.93269999999997
1075.83,1082.1988999999999
120.43,133.0370666666666
406.48,399.9574000000003
69.49,95.92512452380943
75.17,75.85415000000006
92.95,81.1056799999999
81.29,99.06858
50.0,123.1273142857142
442.26,483.30304094402675
64.01,68.77910476190488
154.64,173.4453857142857
181.76,119.32733844597541
102.02,105.28305984358316
353.7,190.1575999999998
87.43,92.85412800000003
61.75,62.4873
100.62,100.42440000000006
62.25,101.32472500000002
206.78,113.62272666666661
100.95,112.39573915584415
76.65,83.75697023683638
69.81,81.00831853479858
456.77,131.82622666666668
56.78,59.28111083865724
265.21,342.1282000000002
232.03,232.03249999999989
7.73,10.862642857142859
87.96,75.3178211111111
315.76,316.26164999999963
169.5,130.91610515873018
91.19,117.94501396103895
385.68,361.8299000000002
53.27,53.817600000000084
58.16,58.51718695652166
50.78,57.71699238095238
32.29,46.73365000000002
59.13,107.82105880952362
30.0,42.470004329004325
318.34,314.4125000000001
45.0,63.58861000000005
79.17,81.07117500000001
967.7,791.1560599999989
157.91,157.94329999999988
142.79,208.7477449999999
207.28,177.4556250000001
31.09,33.34331111111113
441.72,441.72000000000065
118.26,79.41502935064939
131.51,139.89513333333338
29.59,55.67966666666669
218.7,213.5049800000004
328.76,239.8498666666666
186.33,207.4474999999998
98.26,98.68770000000015
828.08,828.2319000000011
168.59,144.31391666666676
465.42,151.21544035217164
211.35,208.3092999999999
58.17,60.70969999999994
57.09,57.66260000000005
73.84,112.49346666666675
94.48,75.99244666666657
125.73,145.10998000000006
121.9,119.42660887820492
95.9,72.74915333333321
75.17,85.74756249999997
6.51,309.51679999999965
1603.08,1589.791099999999
151.61,231.99703035714305
157.78,160.2098999999998
82.9,84.11999999999988
182.34,158.56030000000007
26.09,29.53292939033192
167.76,300.72466190476194
107.85,134.0828458333335
150.59,159.6935
180.58,95.65535000000011
32.86,38.1346
154.9,177.47981666666658
52.05,77.73115952380961
219.98,200.16084999999995
533.57,531.4173999999994
135.59,135.5752000000001
113.2,129.99112095238098
80.51,118.23639999999992
147.44,102.93530666666662
105.34,138.7866499999999
257.34,160.02571666666663
37.73,87.56451083333326
88.18,71.70294000000008
106.96,100.04657380952378
108.95,164.57565000000005
85.81,81.86820508967867
155.14,136.44097749867188
44.62,60.16285416666663
79.23,83.84379999999992
63.88,63.88000000000009
144.86,638.142906257875
36.1,34.51000000000008
88.89,110.37546000000002
488.16,389.3982000000003
173.27,167.11970240495495
156.51,184.84780000000003
168.33,188.3654000000001
115.67,123.31120000000004
167.74,316.7162999999999
215.06,253.65838499999987
101.25,107.18801222222223
55.75,98.65843500000001
177.93,183.66720000000012
55.38,56.968600000000066
86.62,80.66314999999996
30.27,37.28421666666665
405.03,410.11649999999963
137.7,152.88442
98.22,98.0369333333333
63.27,70.87437065203427
397.41,393.8409250000001
140.34,82.08627682539684
196.08,130.51299084526585
67.22,67.44646666666671
119.65,141.7944166666667
5.43,17.690942500000006
84.49,98.50146666666662
47.37,53.97409999999995
362.93,170.50610000000003
115.33,140.89665575881637
86.66,94.09252704545456
239.66,249.9372741666666
84.36,90.06641428571416
72.1,96.88943333333327
179.83,207.55790000000007
66.47,83.96272945720946
70.82,351.88733
50.0,96.04338
33.1,32.66663333333335
52.21,58.42091000000003
181.82,233.7586999999999
22.43,52.180669999999985
523.8,529.5034000000005
207.73,207.60999999999981
111.34,144.83531619047622
237.16,229.80193333333327
85.14,89.45390000000005
132.88,112.44159999999994
132.1,89.16723789682541
819.32,776.6307000000008
309.12,296.79217714285716
186.44,174.7960000000001
133.25,132.71661333333327
50.0,129.91590000000008
47.77,44.519800000000004
233.62,268.6678000000001
162.29,162.62700000000024
138.07,226.08063809523833
70.03,69.64926666666665
109.98,113.48979499999989
108.88,164.27584677933683
62.74,72.97419999999991
94.96,93.92641470085465
51.58,45.055499999999974
45.21,67.40506309523808
127.87,184.79261095238107
42.58,42.768514562328804
1024.4,1024.3999999999985
415.81,814.383333333333
71.96,147.39108333333328
68.89,68.88770869565228
114.77,131.20089166666665
206.74,103.37000000000009
2751.24,2807.645966666668
67.44,83.83129285714281
478.18,553.3706000000001
273.06,261.2586
75.5,78.22106666666667
160.5,158.89721525800732
38.37,47.73379999999997
100.1,82.8171500000001
105.32,131.06933047619034
18.93,15.555091796536804
126.54,127.87511035471785
173.88,234.0958771468577
113.71,113.65389999999985
21.09,21.138999999999992
127.24,85.25237210317457
84.81,105.52310833333333
98.34,110.32778738095242
63.64,254.03700555555548
113.81,201.44308000000004
44.05,70.7991666666667
37.86,48.32082817460315
23.78,24.509600000000013
67.23,61.80543333333338
363.64,280.5638795454542
262.05,187.88938666666658
29.73,33.2848
267.93,265.7821999999997
161.12,97.91908158730159
45.7,59.02936333333335
176.26,180.85118571428578
350.0,396.0144
23.1,23.11399999999996
139.17,150.82420833333333
349.95,337.06760000000037
120.81,158.94979333333342
40.1,40.1615
65.86,164.84765000000004
22.77,37.359494285714284
359.71,218.17939999999962
236.12,287.80519999999996
78.48,78.54379999999983
74.06,86.75195738095239
231.27,222.0400504758975
54.13,59.2057285714286
227.61,619.2934000000012
185.84,209.19705333333334
553.46,220.97923690476185
98.13,135.30059999999995
147.72,176.09185000000005
66.81,67.80322000000008
75.07,76.55840075757567
205.98,285.92177000000015
54.87,54.786289999999966
0.23,49.74764671801745
93.62,93.26650000000006
96.68,90.11154166666674
318.61,322.65584285714317
145.06,145.0180999999999
85.56,84.59077295454556
51.2,51.99126424242432
128.24,125.54543999999983
99.81,175.63287499999984
191.68,104.96409999999996
65.0,65.49870000000001
28.75,34.70109694489116
244.26,131.78066000000007
186.77,188.41564666666687
198.77,229.64540000000005
248.55,260.19369999999964
88.64,104.98671666666667
168.71,170.45499999999996
122.41,128.43850000000018
35.75,34.55715000000002
134.84,153.57544761904762
475.97,476.12980000000056
104.4,92.61527417027422
148.33,151.65732500000001
108.18,54.08910000000008
50.86,44.182258297258315
131.82,103.4246066666666
42.59,52.57519999999999
32.75,36.29900984126985
167.43,168.2157000000001
311.81,370.07079999999996
153.7,183.697
55.36,82.1668000000001
96.8,96.775
180.04,105.02128333333334
21.77,28.784016389863986
417.55,402.68443571428594
166.16,166.63195
55.64,35.35717999999999
144.12,144.1200000000003
70.27,70.26870000000017
191.58,156.6473916666666
24.39,24.896466666666676
242.95,227.91754861471864
91.66,145.46820911283154
67.24,90.11352499999995
225.11,231.7167733333332
113.07,67.91596777777777
32.38,32.380000000000074
112.3,130.99136736447758
212.41,432.25905999999975
107.96,187.25086476190467
205.74,205.13250000000022
117.46,118.37409999999976
215.56,211.74556060606045
83.61,97.12156999999998
91.06,220.79994000000016
142.48,138.18499999999972
182.33,202.4703226190476
101.26,124.89735000000002
142.56,175.26589999999985
209.32,170.71209999999996
399.32,367.39723333333313
105.3,108.82329666666674
139.07,140.36609999999985
38.01,160.74898500000006
30.39,41.593452380952364
100.33,102.00207795980285
697.23,656.3362000000012
1338.51,1106.14446995671
62.68,80.39133448412699
149.16,213.57000000000008
106.1,118.35481982142852
113.15,111.5307309523808
21.48,21.47820000000001
48.85,82.16579999999995
67.9,75.63400000000006
144.89,197.42655000000005
330.66,330.6599999999999
46.75,65.35659999999999
65.47,64.07931142857143
819.09,911.638925
107.36,120.26704999999997
247.64,41.80406500000001
5.05,183.53924458874474
254.98,355.85099
132.97,204.2385950000001
162.83,162.82999999999996
74.63,116.45010000000003
81.16,102.46433558996554
670.04,654.3190000000004
79.09,75.24123333333337
82.33,136.45969692763853
91.16,121.93037087598668
211.89,224.99820000000014
160.81,162.98515833333335
283.96,370.1180466666668
16.27,144.7640313106338
95.01,111.18237499999992
86.15,85.30814027777768
128.25,127.3215
438.2,438.1355999999999
72.98,131.69210999999984
33.75,39.573944805194806
103.63,114.80796666666667
90.17,148.56240222222223
383.25,238.16123333333374
32.13,33.32665714285717
189.0,234.8841251375492
26.76,44.439673498992846
45.49,70.46828571428577
143.49,147.21823833333335
106.29,105.20290788049194
68.54,91.18370000000006
98.14,98.14000000000001
238.42,190.71309999999997
152.02,238.67155000000002
51.69,52.28992500000001
211.28,218.16492833333322
162.06,124.13346999999997
261.13,134.07677306471305
272.33,153.9617588095239
124.69,124.70500000000006
1391.13,1383.296185714288
94.74,129.610719069536
42.92,46.763131313131346
53.84,101.00481428571428
143.45,141.01729999999995
36.78,50.02640801545908
84.26,99.92130714285712
24.52,29.981403321678314
105.28,163.26577257792857
153.9,153.89999999999975
137.4,167.15506142857132
152.72,170.19030000000004
187.0,260.41850355339113
105.66,105.6599999999999
169.74,172.13979999999995
83.73,96.64926666666642
204.19,95.12412287878782
63.52,69.66878807017547
472.63,472.5667000000002
45.39,47.66734666666669
102.47,107.26006095855266
85.2,69.8697999999999
125.58,108.33768090909086
88.37,110.30620000000013
193.84,188.56227561938493
78.95,116.28043585699575
29.03,71.12021249999997
36.0,36.003033333333335
979.42,973.6202999999991
57.68,57.66940000000003
59.22,66.81889750000002
93.1,34.349206666666625
45.79,73.51554761904762
88.72,138.91132829670332
51.84,144.279157894737
236.04,196.30740000000037
50.85,65.96224380952381
294.89,293.9606999999998
186.92,15.017118171210031
407.88,263.1029494444444
144.54,161.49093000000025
63.23,100.46888630952384
218.64,114.3298649999999
70.98,83.37658500000002
62.84,77.50904317460328
58.8,83.20953333333338
57.65,59.90807499999996
74.18,39.01268333333328
26.78,33.7787227777778
267.16,135.0173999999998
92.57,105.6672306356067
54.23,45.0142763095238
32.84,48.302537110112105
101.68,109.0659
84.12,87.43511111111111
171.85,194.5399
28.13,29.383883333333397
67.02,104.0882178205129
1068.5,1039.9221999999995
102.86,139.558973562973
624.35,410.6987666666664
102.84,107.16659999999997
468.94,414.48474999999996
219.5,220.8405999999999
146.68,99.41987256251826
842.8,891.7804000000007
135.93,145.45719999999994
147.15,147.14999999999975
116.94,116.94000000000001
146.02,147.3319
35.09,35.090000000000046
49.29,87.16344285714291
73.52,177.08382110389613
208.91,211.1930999999999
141.92,142.5460000000001
116.26,140.3709
358.64,424.4804000000001
38.94,37.71440357142857
39.15,44.27030000000001
81.28,83.28443083333333
413.15,155.00819999999982
58.37,70.47349959956703
128.99,94.71420000000013
162.24,171.11899999999994
60.0,77.36480000000002
69.03,68.6063095911441
164.66,136.45969692763853
428.47,428.8458000000003
126.81,123.06709999999995
89.88,72.83821777777777
162.5,188.68311500000007
86.15,89.90169999999985
77.66,77.6345999999999
332.73,332.75849999999974
97.44,93.93028888888882
90.16,126.20157560245318
121.82,132.94316666666668
109.84,106.5397000000001
117.69,108.61765394736841
61.05,65.15360890492573
61.79,76.94768222222217
55.13,88.13318333333332
125.42,211.0675616666669
215.01,215.00999999999974
109.21,114.27009452380935
73.34,139.34464820734829
305.29,360.0420999999999
55.69,55.68099999999992
99.44,68.6448193650793
61.8,81.28931833333333
141.67,158.93600000000006
20.0,21.917108809523803
155.51,196.0736444444445
56.79,81.42227857142855
226.9,212.47697063492055
91.97,132.95177999999987
62.01,158.0105399025974
365.82,299.82429999999994
92.26,104.52973178571439
323.79,317.30290000000065
75.25,76.03327549034297
491.36,763.2852
240.52,53.813432775119615
113.89,121.12629999999992
117.24,127.28179999999983
743.82,394.80475328205137
133.36,137.99100388888894
48.01,129.4947766666667
82.6,82.18580000000009
78.42,171.53185238095233
64.44,98.62042038961046
170.71,170.65589999999958
65.01,65.01000000000015
177.49,186.73072945950858
49.24,59.30271857142855
298.21,485.05519999999973
597.35,599.1515999999996
15.6,31.991799999999994
488.6,485.12023333333326
107.85,108.90700104108316
81.7,53.661530952380936
60.73,68.78137240143374
93.28,93.616
103.12,103.40530000000003
363.8,314.07129999999955
58.46,37.87081813492063
104.83,126.0404666666666
99.43,108.91660972116259
30.29,43.69367647058825
167.28,167.28000000000026
15.79,18.256486666666657
105.66,95.32329999999993
339.33,273.3966000000005
72.39,72.47740000000012
64.15,71.28844047619049
70.76,68.10195142857148
38.29,43.33873999999999
125.66,178.07930000000005
237.86,209.05050000000028
55.24,104.65072271901917
14.12,95.21440499999989
134.73,200.90151569264071
40.35,42.12399999999995
72.67,73.08710000000005
40.42,45.83545476190479
50.13,49.58360000000007
74.24,63.27785499999989
265.44,210.56186000000002
115.34,131.30355714285716
155.03,155.02340000000027
51.24,56.58055128205127
155.84,162.43301999999997
99.65,99.64999999999982
332.8,292.25009999999975
134.59,134.85620000000006
168.36,181.26408452380963
57.68,73.9595547619048
153.38,66.01823650793655
71.05,96.61278000000001
269.2,190.44823560036457
151.7,161.37249999999992
97.88,82.75270000000005
72.72,80.23429999999995
146.22,171.52418166666666
216.15,216.43360000000015
236.75,255.8526749999998
307.23,208.89304833333338
141.57,148.81632857142867
112.83,175.85579999999987
34.94,60.84956765873017
13.4,120.13071104132734
51.79,92.85880222222228
103.89,118.83820606060608
60.44,60.69662499999991
63.01,72.53342678571431
143.36,138.23249999999996
185.61,215.92449999999994
6.12,18.943134563492062
78.64,84.29456666666673
69.0,120.35259571428574
90.17,116.8606890476191
671.34,721.3427966666668
70.76,73.63490000000009
333.54,651.9029999999999
93.41,110.97140833333329
165.94,165.8643000000001
72.75,70.65603412698415
60.72,68.36592666666668
164.72,199.56680000000011
120.91,136.0958653846154
134.98,151.58855999999994
201.16,231.74983333333338
131.55,121.25409999999987
5.18,27.714086666666677
127.54,144.28215000000003
63.86,68.05025000000005
148.2,148.20000000000024
159.36,139.50406333333348
73.43,76.68749785714289
73.16,109.02911809523813
319.05,319.24969999999956
116.69,137.1341947619048
291.94,374.5777400000004
110.42,110.40300000000003
49.0,52.27767640211642
259.06,374.56765
27.65,75.61569081873877
35.69,45.263984126984106
128.1,133.0668
541.0,442.9205
38.26,39.746858730158785
263.9,263.0849000000004
88.11,92.80320476190477
158.96,102.549025
164.34,164.34000000000012
79.89,38.439962990810365
64.03,90.426451468254
74.2,134.96889166666665
20.29,20.289999999999974
265.42,235.41999999999985
60.95,93.26119230769237
385.61,378.9353833333333
379.2,364.29043682539697
265.16,292.2968235714286
261.09,246.01690333333343
118.35,123.00060000000018
87.67,88.56310000000006
397.82,224.2152166666669
87.05,121.972975
146.58,159.9984388888889
117.74,118.85750000000007
29.77,39.77734087301587
174.08,174.03880000000004
45.22,50.632263074148085
152.72,147.99229999999977
261.36,273.4037000000002
178.53,196.3498999999999
566.68,785.7192602813851
113.0,95.14746666666667
89.19,83.30227499999984
40.78,43.45400000000006
277.3,322.23829999999987
43.72,55.2397
83.04,64.3365704761905
178.27,222.45922500000023
103.86,103.88069999999999
1638.35,1624.591600000003
82.36,100.19980000000007
42.78,42.78000000000007
86.15,101.77886829130838
136.8,300.7156950216449
206.87,181.04290724615254
1161.47,1268.4843600000006
93.26,93.77496222222238
144.88,146.5534
240.49,266.2336070512821
140.51,162.46081666666652
178.27,178.27000000000032
202.66,216.5467000000001
52.69,63.09755166666667
14.62,17.16311999999998
97.87,99.51856666666671
48.31,53.001066666666674
141.44,63.508435151515144
209.82,159.31584999999978
218.16,183.16165303030294
785.18,769.2872999999993
165.79,180.0425222222222
195.54,101.47042000000019
497.74,428.9836
61.37,80.68289722222215
39.62,39.15289999999995
77.89,81.15094417748914
30.89,43.324800073260064
119.82,155.33307190476214
217.18,105.2340980952381
4016.91,3752.3054999999977
288.46,369.5271466666665
93.27,84.59305628066377
113.2,47.54398775946276
52.19,54.68788988095238
82.86,75.62399166666671
1172.26,1193.643325
45.09,53.71967579648295
148.2,148.20000000000024
109.14,83.07779365079372
27.78,53.51945666666666
92.9,109.57682579365076
79.44,81.08785839743592
367.2,367.1422000000002
40.61,46.48901428571428
135.49,141.77608472222215
192.3,151.66912095238078
34.44,55.140134444444456
91.29,84.3054
136.08,157.08289523809518
292.72,291.5701833333333
50.0,50.709233333333394
239.81,239.81790000000035
27.09,38.405296277056294
126.54,127.87511035471785
26.71,50.58203780847808
21.0,24.04496029761905
220.28,286.15881666666684
255.75,263.3442000000001
73.02,61.43058333333343
87.81,88.47444999999998
134.91,123.29321666666667
63.1,62.87592857142866
83.45,87.20621428571422
201.96,200.3028499999996
157.3,158.28284166666649
134.85,174.2794133333334
80.1,98.77496666666667
178.92,166.5914
193.32,165.56645681818176
51.01,60.804122500000034
149.59,168.6391500000001
86.85,116.15444857142856
10.28,51.18335670995673
297.2,321.7762000000002
194.48,194.50409999999968
86.15,101.77886829130838
164.04,87.32414285714285
54.38,40.61117047619047
47.83,55.719714166666655
79.7,154.3736999999998
3242.84,2219.0059399999986
95.31,119.60108500000004
126.08,136.63196666666664
245.68,230.88018333333338
411.69,415.72813666666667
242.59,244.1638250000002
57.0,56.64546
111.54,226.26559583333363
162.45,172.2167305555555
188.8,98.56136072126029
420.13,417.78979999999973
136.96,174.26683142857138
99.43,117.34295071428565
48.69,67.62319999999993
270.06,220.06630000000024
73.49,55.156196923076834
65.23,85.74695309523813
873.28,866.9987999999997
72.45,72.44999999999987
257.45,272.030806969697
247.14,296.5683999999998
88.08,135.92393824965214
55.54,45.80683333333332
29.05,18.169014885771166
173.82,203.64470264167193
154.42,204.73104499999982
86.4,112.40574772727281
383.3,190.7100692037374
390.9,394.1939
51.05,32.700090000000024
94.92,136.63809999999992
571.22,463.4049000000004
233.78,420.16950000000026
163.02,113.45866285714288
89.48,78.77060000000004
156.95,317.5960499999999
63.1,67.2748047007731
121.96,121.8458733333332
72.43,70.11488809523807
35.0,12.617244285714282
81.11,99.34539999999997
33.78,48.08519444444449
73.15,88.87452418567968
212.46,101.66119561582424
102.07,144.43714999999995
61.69,61.331374999999916
112.17,102.53083000000004
70.72,89.38312166666663
115.3,92.90781199999999
1530.5,1347.1354000000006
780.68,773.3543650000003
69.79,75.14070725940725
159.69,91.26035793650793
97.99,102.04722499999997
111.96,58.66555000000001
123.01,149.6555529761905
471.33,324.08092317487024
371.88,164.9178
111.17,130.73709800837563
12.06,38.19556666666666
40.47,58.93609999999998
74.76,61.77120000000011
9.05,40.96846524209709
77.32,108.45891666666662
90.66,83.45539999999991
66.53,84.2866833333333
355.97,421.2815019047622
357.58,357.58660000000054
58.14,68.15179999999998
82.9,82.92889999999984
96.43,98.58380000000005
157.22,158.32628333333312
234.05,239.85599999999963
33.51,33.541400000000074
92.2,90.47812999999996
232.0,273.0780000000001
69.33,77.5896
57.55,104.65435940183184
139.8,84.01677656704558
210.56,182.07185988562088
526.96,644.5448166666671
59.14,65.31429642857147
112.09,117.1768246153847
137.99,136.6769374999998
99.52,99.35951000000021
188.75,51.46671547619046
226.7,247.64446666666666
112.9,112.8999999999998
69.12,69.11999999999992
84.05,95.04545476190481
68.72,92.15367619047616
135.6,145.20240000000004
51.73,194.0897000000002
373.11,355.6318999999998
50.46,83.0021527380952
146.68,95.8534692555502
100.08,117.47139166666669
85.69,96.34887071428568
394.85,403.4816000000002
206.99,203.74263345238077
29.46,35.569708333333324
163.26,170.7864923076924
136.6,136.60000000000025
216.4,214.27198307692314
89.55,96.75450000000002
47.0,47.0
58.59,58.02268000000007
149.78,176.30271999999997
48.18,62.15965174603174
363.07,349.21356666666657
57.68,60.97480242424246
44.28,42.93306190476193
24.38,29.14610000000002
138.29,108.0469000000001
572.5,519.4130999999999
64.22,65.84193333333336
391.87,396.46569999999997
163.78,166.59590000000026
315.84,315.8830000000001
104.12,104.13930000000006
67.62,85.97776333333327
8.77,6.749376048478527
100.23,95.8983037637361
95.87,107.77546457209459
137.57,136.90934999999985
76.08,44.27225627705628
158.58,156.98039999999995
36.26,54.42145595238098
96.8,94.80483999999996
182.6,182.54425000000003
159.14,160.75229999999985
43.28,62.16261023809524
98.34,100.90710000000003
190.09,197.7758999999999
221.16,161.25573333333327
50.05,126.96943333333337
160.33,200.36375461479705
85.24,85.23889999999984
88.0,70.57781025641025
33.23,49.647199999999984
174.04,175.15796333333333
405.72,352.8113000000002
188.6,151.59000000000012
85.99,120.48298999999996
77.38,188.274
141.23,141.069918181818
83.26,125.6323333333334
219.32,215.9899999999998
86.96,121.63340216450217
1.67,10.951975702517291
175.03,174.89259999999996
95.5,93.30012
64.4,69.21088088235291
33.1,36.6187666666667
57.34,88.68988000000002
191.49,163.45199999999994
93.18,75.15180000000001
10.81,22.74780000000003
1005.84,973.8916999999979
3.33,85.74625805527806
581.25,504.46528285714294
129.64,134.0947249999999
84.6,98.46046666666663
33.09,33.290342857142896
125.43,138.79622974358983
53.25,85.68779389610401
51.84,68.33058643976143
60.85,51.993238066933074
177.24,201.0247800000001
213.74,242.31863476190495
201.82,189.42729428571417
75.48,77.78229999999981
76.95,79.49439999999987
151.94,86.17412500000005
65.09,80.07697133658013
173.96,179.75941999999995
34.96,32.92037333333335
43.27,42.8905
27.63,50.92704166666669
75.25,76.03327549034297
71.74,80.41257666666662
79.8,181.75966
923.85,939.7001000000005
99.92,107.30650000000003
109.04,156.08307671160728
88.34,88.5268000000001
57.5,39.513299999999994
164.99,165.40489999999988
136.4,158.22399999999973
76.78,76.69204350649345
107.19,133.752775
362.0,343.61060000000015
93.04,113.34167555555545
279.76,98.65479999999997
158.43,189.57172452380945
158.78,157.17260000000027
95.64,70.88920416666664
583.82,214.35503333333335
24.1,24.350266666666663
31.11,28.183268102289873
43.32,85.58919785714282
93.98,187.37901666666625
96.97,116.32323118881112
52.95,62.63335909090902
163.53,147.39249013599027
239.1,232.41279999999972
193.72,246.48143964590997
327.49,672.0069500000001
336.72,221.33195636363655
172.04,86.02000000000022
124.74,83.90414999999996
127.11,149.99109999999996
106.52,106.36771666666672
127.69,310.80898833333356
372.0,362.718
8.7,55.156196923076834
33.4,324.12983122080783
36.34,29.327265261127778
139.98,135.97089722222202
60.68,86.0878904761905
53.01,87.59210233766245
73.49,76.27669999999988
87.24,91.36765333333325
160.44,160.38730000000007
105.5,180.5161199999999
139.7,75.92051000000014
62.22,124.86640999999992
53.01,87.59210233766245
154.81,154.81439999999986
41.96,50.536132857142846
254.09,272.5506000000001
223.78,223.91889999999992
83.94,94.03149126984124
25.0,49.30215821428571
86.15,88.92714999999987
64.0,64.9459333333333
9.6,41.74187460317462
1308.18,1299.1001999999964
124.52,211.33730142857132
172.08,139.4797916666666
101.2,49.74764671801745
163.44,152.3759976190477
50.45,55.148599999999945
140.67,129.85775512820507
44.69,49.16125913461542
50.29,62.99469142857145
327.29,246.59169404761914
107.89,107.89529999999995
97.47,106.00964166666674
343.65,344.3780000000001
309.81,312.4537
88.25,103.35110969696974
146.37,142.0586285714285
296.44,148.34748846153846
65.22,64.82713333333336
45.09,45.09000000000006
125.2,139.28713642857133
168.28,168.4224
475.0,472.85990000000004
98.66,141.78148440476184
238.16,262.70130000000006
154.74,179.27187225108224
112.71,122.41438367424234
132.46,99.40899968253969
105.48,133.83750500000005
46.53,53.53864714285711
82.5,103.22715294117644
175.08,175.08000000000007
350.34,319.0825000000001
178.0,167.62441500000006
1619.73,1605.3317000000006
143.55,149.48798749999997
194.57,202.34709999999998
20.0,13.866472380952386
170.43,169.96540000000016
250.69,233.760425
81.4,68.12779999999994
52.13,54.54148333333341
57.53,57.529999999999994
27.7,47.350560000000016
60.86,64.72840543345542
163.79,171.05104333333347
264.88,267.07924047619036
75.22,41.84692909181281
559.92,396.25788999999975
61.27,63.74190000000009
76.17,82.66851555555554
77.35,45.921740000000035
142.02,143.28330000000014
149.09,150.6540945454546
212.83,212.83470000000034
130.0,67.57880000000013
305.69,423.13841499999995
68.43,67.45082893793277
50.0,44.182258297258315
250.02,452.8477328571431
794.46,689.8113999999997
159.32,125.44714999999997
69.78,282.86501700854706
145.68,166.29580000000013
169.99,189.8092133333334
117.58,54.565221653869365
148.96,216.19115999999997
88.14,94.24956190476192
501.96,448.3509999999995
95.18,100.95471666666676
97.74,125.97934571428561
10.45,8.860423780010837
164.8,121.78792499999992
99.74,100.75339999999984
60.05,59.90140833333337
178.03,205.47226666666666
72.15,72.14999999999988
357.58,357.58660000000054
204.06,108.05798514376802
37.57,173.88539999999998
342.69,368.21069999999986
139.81,180.0449
152.51,152.52040000000014
134.36,170.10526500000014
63.55,68.50692575757583
15.15,84.14527103174605
217.64,217.6399999999997
99.9,129.45644109389906
37.84,38.07215000000005
77.11,78.98989999999986
173.85,240.30986487262726
90.38,88.76440999999991
32.13,91.56606536796536
501.72,396.7367923076927
129.19,147.6568529617605
99.26,139.75875943302225
6.78,50.02640801545908
310.21,309.15139999999946
72.8,82.80720000000005
132.1,183.55177428571426
29.77,31.438549999999992
28.0,49.210070134543805
66.73,84.96969833333327
34.22,39.64880666666666
779.77,812.3333999999996
129.65,133.89619999999996
77.57,235.44166400693263
22.33,29.77293749999996
374.72,584.2621999999999
46.69,55.96001499999994
2.61,7.925584649214962
97.78,105.383385
22.49,32.29328761904758
368.92,368.93569999999914
331.68,298.52456666666683
75.85,75.04382500000006
88.47,103.11727499999998
77.95,99.66193000000004
21.69,19.970499999999994
79.56,79.13600000000017
355.01,358.12631999999985
45.5,36.04720265151514
56.1,53.08974666666667
302.9,275.9687000000003
85.86,90.66761666666658
112.79,145.64692500000018
307.02,351.055
289.22,331.87300000000005
41.97,57.95686714285711
115.15,115.1590999999998
163.97,169.2254999999998
99.53,108.90559999999994
87.71,87.70999999999997
563.64,266.33252188621833
129.65,136.50069999999994
170.86,191.97204285714287
137.93,127.30752446442453
112.99,116.12917484126987
60.59,43.007699999999986
133.58,114.1483666666666
64.71,92.80984333333333
368.56,281.8145000000001
148.83,96.42336785714288
12.32,28.389993333333347
93.63,96.95932049589295
171.27,179.659176941392
110.61,123.21996166666686
37.38,37.38080000000008
115.86,116.97380000000001
38.47,38.57169999999995
232.71,136.44097749867188
215.14,216.63243333333304
50.09,45.630878503107695
125.52,110.0532822222224
51.88,51.88000000000008
77.04,60.09741428571429
158.8,170.76704873015876
32.38,35.749575809537575
97.43,98.06238833333332
71.04,72.36037333333334
156.85,165.5519
45.22,61.2579466666667
182.91,182.8921999999999
199.64,197.91669999999985
35.77,39.40471346156815
37.47,44.13691190476187
195.17,197.11511333333328
52.38,255.80465469530472
174.74,174.75009999999995
47.32,57.85655000000001
41.72,61.74636785714285
66.74,72.57717499999985
163.81,161.22224388528136
258.02,238.91657757936525
133.46,133.45999999999967
200.0,434.88169999999946
84.32,92.3257399999999
68.44,64.56389047619041
206.49,206.35480000000018
54.97,61.29769166666671
356.06,437.3470605339107
1203.68,1235.644433333333
165.42,137.57676666666674
264.66,205.0108000000001
574.36,650.8231000000001
112.71,122.69289999999974
157.3,246.24572536599243
428.8,428.02110000000044
312.62,520.1172222222218
193.5,203.5422000000001
218.96,233.96180000000004
82.87,81.5336690476191
220.86,220.4308999999998
232.7,144.60502702465396
314.34,172.96135697387408
57.77,58.77825000000011
90.0,68.65558744588745
133.2,135.30639999999994
72.96,91.70588959557983
283.67,288.9057999999993
125.21,125.18079999999972
62.22,50.84983333333333
200.0,434.88169999999946
365.68,238.6940615218116
107.9,118.50988023809528
27.77,27.769999999999985
307.88,163.86170476190472
445.64,277.7106999999996
82.12,80.95391999999994
76.76,88.95546887445889
50.0,54.85113333333327
230.0,132.46172369297364
67.77,81.08844250000007
415.93,405.6844000000001
151.94,62.544460000000036
148.15,145.81579771241806
77.72,77.18170076923082
678.49,709.9870000000003
76.57,85.15009523809529
230.52,209.02155000000027
23.45,25.661921428571432
64.03,73.97367456460205
129.56,126.79663333333326
67.05,72.40461666666667
168.77,194.17563333333342
167.79,208.29140000000007
100.88,160.34232071428568
175.77,175.77000000000032
56.9,62.06636666666669
42.03,43.79430000000006
53.7,84.67309999999999
210.27,180.70184166666647
204.34,203.73250000000004
161.12,161.37350000000018
123.28,121.77160000000012
45.0,58.463719047619044
114.79,119.70975000000006
29.06,70.7554919354838
109.86,112.06335238095227
70.44,56.56489999999995
101.96,125.50669999999997
81.15,121.12723333333344
235.41,368.52851111111164
62.85,86.66090000000003
36.35,39.24497180830483
195.92,196.83108333333325
21.78,23.448649047619057
72.15,103.51481107503616
34.03,33.59255000000005
108.92,107.14751000000004
178.59,192.75420000000003
33.85,78.9633312987013
71.14,63.14555221077422
148.79,187.39745
29.05,32.80220000000002
100.34,110.01961000000003
87.71,94.07690523809516
986.69,896.1088000000012
75.08,75.07209999999995
28.08,28.08999999999996
82.55,57.47397904761905
218.64,114.3298649999999
968.51,577.2100500000003
107.3,89.0167833333334
93.36,85.67289555555548
235.03,361.72275
33.23,41.37680571428572
93.56,80.0869000000001
197.38,237.0202666666667
647.54,647.5400000000008
59.05,72.05992666666668
40.22,69.97089999999994
67.96,70.76580000000001
131.95,132.3413999999999
152.3,109.06469999999995
465.42,164.43863235943047
134.47,146.6778249999999
90.39,82.00400000000012
113.67,114.36715000000002
828.08,828.2319000000011
37.38,37.38000000000008
156.55,102.80556309523804
66.96,72.59355666666666
86.15,87.05279916666669
152.88,152.87629999999967
254.24,324.30204166666687
100.0,85.9311500000001
170.71,168.54666818181778
195.68,214.0165983333335
84.05,98.45386666666668
31.29,31.005308333333346
26.09,25.83525000000002
571.95,514.1392733827282
134.27,154.34545333333332
73.22,63.506440833333315
100.85,95.55088167701877
313.53,339.43589999999983
68.35,60.88206833333338
45.73,31.663278928571426
70.82,92.78970238095242
584.33,637.9556
96.65,104.06236042042482
726.84,734.5176800000003
161.06,67.29500000000002
122.41,117.39363166666661
53.05,61.265600000000106
166.5,170.6503
46.13,59.03930627719505
182.8,208.6659357142857
170.19,198.48823999999996
3256.14,2419.883675000004
2794.5,2419.0778000000014
831.72,540.4004433333336
172.22,192.72888000000003
131.56,286.4581830769226
102.84,101.3063500000001
1.5,54.979199999999906
41.89,52.21900000000001
122.12,147.35965000000007
5.62,23.75289702380952
4.05,54.525
57.78,37.926313333333376
167.88,290.59057175047155
48.41,76.9736521428571
99.87,103.3965750000001
61.82,60.840916666666665
474.96,301.91216857142837
262.16,261.61733333333325
31.75,34.0137802885625
148.72,143.7654374999999
57.43,69.62789105869957
208.72,179.68469166666662
34.0,33.564466666666675
8.16,73.8315107142858
79.86,92.43334999999992
80.98,79.65785999999989
228.21,269.1547629761904
357.88,297.4183000000002
181.1,200.45212000000006
29.29,11.304966666666653
224.12,207.77876666666674
110.13,111.66819999999986
134.83,138.77529999999996
111.43,130.1559000000001
107.0,154.04940000000013
54.62,81.761410995671
55.1,55.100000000000044
372.72,447.1191905844152
85.85,111.16170303030304
291.47,123.5402695859043
205.37,268.6907352380952
6.34,17.497410276855504
206.54,185.0274000000003
215.11,123.63735000000015
231.27,231.27000000000035
126.9,131.8366833333332
85.15,82.43451666666661
60.0,302.4085000000001
202.5,110.46769948131892
131.57,140.63558
305.58,30.0
177.54,300.87970000000035
84.61,76.89359999999986
100.91,108.23119999999996
23.74,77.1706049999999
131.4,115.95465999999993
96.88,100.74132555555556
294.7,288.98116000000016
54.06,63.01800722943727
125.38,150.50863
164.32,136.1077084981684
47.6,5.0057203174603195
600.09,600.3337999999991
931.8,838.6322000000014
34.66,81.80659999999997
47.3,63.45911333333334
73.77,153.94721047619043
28.22,32.46175555555557
66.78,92.21019500000007
1478.95,1443.3943999999992
26.39,36.43091000000001
90.82,114.47019000000004
46.01,50.070486666666596
124.7,207.55496262626275
32.7,35.94174634920636
91.17,145.89743285714286
137.12,146.96090000000027
83.41,101.35752023809515
209.15,235.82083666666668
116.67,113.98295000000002
43.78,86.69360000000013
100.53,99.8867285714286
23.77,34.35187333333333
119.3,143.7650685930736
54.74,63.521974999999905
485.94,481.4575000000004
150.54,125.12481031746036
162.27,161.03921666666665
106.75,124.96100238095241
66.67,81.87669545454543
65.0,68.52780000000003
717.83,265.473
172.75,179.78495079642573
164.07,402.3371342857141
398.46,398.6011999999996
233.69,179.63602550395592
49.94,22.661773333333336
57.0,72.40016666666666
389.12,349.5284
319.17,238.9504949999997
162.33,106.7141835714286
27.25,118.73019880952383
86.02,128.3883902380952
105.17,115.61218142857147
100.48,101.34070000000008
228.56,235.2315666666668
119.25,147.05554043117593
161.01,176.18970000000004
54.79,72.48527305860802
34.89,42.12183333333336
497.25,356.7008883116884
45.91,51.08125833333344
73.15,73.51349999999988
75.27,88.34239833333336
112.55,188.70549999999992
138.46,138.42719999999966
335.54,366.8351000000002
67.5,71.72243514859125
137.21,150.9415342857144
58.71,96.92955714285718
492.87,496.7012999999999
47.43,47.97609999999999
72.85,79.82341428571429
20.0,19.06705722055722
93.62,82.57845694444443
178.72,106.22559927849932
338.78,457.5186797619047
138.07,135.83603333333335
299.78,394.3239825641026
479.7,452.29054999999954
103.36,138.1080137373738
61.39,134.31068333333332
218.72,230.40066666666667
123.69,138.37900000000013
163.64,205.3667999999998
100.64,93.13740000000007
29.65,77.83092500000002
312.49,312.4900000000007
108.16,108.1791999999999
69.03,68.6063095911441
63.86,46.34512999999997
102.82,128.26543333333336
367.65,353.2347250000002
186.27,207.78895009350938
49.4,75.89810714285717
77.57,128.49826210518762
194.31,130.49231999999992
133.99,124.11429142857138
124.7,207.55496262626275
84.54,53.90553333333341
113.11,116.40740000000007
60.18,56.86210000000003
215.05,214.4416
188.42,162.608
44.55,113.50060238095233
287.4,109.62078777777766
8.06,18.17357833333332
63.33,66.88480500000003
68.13,91.97168452380951
65.13,91.4937
340.48,175.20463333333333
206.22,216.66469999999984
53.5,49.28916666666667
45.45,68.55707575757577
103.93,109.24676944444452
63.6,64.25220000000009
39.6,42.05723088942763
324.82,360.039988095238
62.73,74.48674666666668
84.11,118.38572142857146
65.0,65.49870000000001
165.65,82.28879750000002
34.1,20.90586000000001
211.4,206.3312000000001
218.43,235.74836428571413
65.75,40.47137333333338
102.78,178.17380476190473
181.89,191.87937499999995
425.94,359.16214999999977
732.68,728.9721499999995
97.08,96.48406666666664
127.21,149.03476000000003
39.59,43.75550000000005
104.83,126.0404666666666
121.17,181.74607967903046
108.68,111.87019999999991
54.39,86.90579188410209
52.85,61.15091706093263
5.37,35.82927499999996
12.97,46.64591166666664
221.98,236.0799999999997
210.28,198.41036666666668
506.17,538.7531000000002
68.82,79.46409999999992
27.8,27.800000000000026
40.85,56.9174636904762
95.64,47.528550000000024
54.32,75.82808927239422
54.25,91.50479999999999
155.05,154.21642499999987
197.39,345.7039000000001
81.93,19.754315595238094
89.75,88.94250833333332
6.12,37.70580757791229
334.58,273.44270000000046
160.8,141.9064638888887
237.01,445.6870119047617
31.27,31.659966666666655
40.0,41.03298476190478
246.36,273.3271333333333
77.19,69.26059999999987
282.14,165.12218690476195
1097.17,373.4489578968253
260.58,258.57880000000057
589.92,527.698599999999
40.27,41.80904666666666
429.17,503.3547999999994
196.32,139.12177999999992
100.23,95.8983037637361
52.92,73.46974642857141
1083.96,926.0408771428578
6.82,9.964426203592156
64.0,122.65987878787877
9.76,10.951975702517291
159.62,160.89560000000037
839.04,883.3417999999998
72.99,72.98999999999984
78.56,106.8640733333333
96.44,67.67620333333329
27.39,27.78583
89.27,254.93447833333335
76.61,146.3737
143.49,139.90893333333327
343.68,107.10792301587293
145.57,144.01316428571425
35.0,44.68172979797978
392.31,373.9885999999999
1220.64,1223.409999999999
1225.65,1225.6499999999978
421.46,455.67400000000015
83.41,84.09015999999991
82.51,130.00200333333333
119.78,87.43332761904759
116.06,116.07519999999995
110.0,120.61877916650205
153.68,153.56550000000013
135.08,136.03753616406073
189.07,191.79884666666666
173.21,188.53126666666662
52.59,79.23993571428574
119.73,123.61473333333316
41.69,48.02529999999997
70.91,76.07897499999996
84.75,83.47923595238099
98.94,66.2048329292929
36.35,40.50088509438099
139.59,139.59000000000012
22.15,25.982644920634936
310.65,149.82377018059552
117.96,281.7035998262231
82.6,88.89740000000012
194.96,220.4270666666666
114.45,134.25660000000005
54.6,57.73243728070179
80.2,166.81800000000007
160.77,155.46096666666696
74.21,85.99092571428574
83.51,114.28677730436232
234.84,257.07110000000006
20.0,16.64803293650794
53.52,57.22226666666669
49.7,71.55690000000003
102.23,112.04064999999977
783.0,783.0
543.29,545.1413000000006
65.11,77.09296666666665
469.2,348.9562676216642
44.1,55.90003121212124
50.0,434.88169999999946
43.27,44.23350000000001
397.3,398.8474000000001
61.8,61.80000000000011
163.65,163.35314999999983
119.48,119.47999999999973
84.79,102.0084000000001
758.26,508.88960000000026
48.3,48.30000000000009
296.64,179.55843999999993
49.85,58.34838277056276
1125.55,1033.271200000001
107.9,107.84849999999982
85.75,132.80984000000007
62.33,85.0617765989566
177.88,128.1476428571427
18.52,221.13647327102993
128.15,128.14049999999986
105.17,93.03124833333334
127.47,286.64170000000007
169.85,171.60479999999993
274.89,314.6618000000001
134.98,192.99413333333325
431.62,435.71569999999963
34.75,13.895544494949498
100.0,163.80468333333326
71.37,70.74860000000002
204.2,199.74770000000032
45.25,59.57665714285709
165.79,177.61292222222227
92.61,95.22053333333332
34.52,60.316848333333354
87.36,96.09034166666672
79.72,134.3181917460317
34.64,41.108799999999974
49.12,64.08083952380954
110.0,120.61877916650205
32.0,37.04538981904403
69.9,84.01677656704558
103.24,144.79507447542653
68.35,83.00706857142858
29.43,18.31782691253191
92.16,90.58767499999993
204.53,203.3080333333333
19.77,20.191799999999986
29.9,38.96749554621846
122.17,122.17000000000006
41.69,45.64819999999999
37.0,50.73061666666669
497.91,498.8258999999999
124.07,123.75624999999984
35.01,45.14250000000007
259.08,268.8546999999999
114.18,209.6695000000001
237.51,258.4787999999999
359.8,362.7570000000004
44.87,63.561649487179466
532.77,495.3436999999994
65.5,121.78939999999999
73.2,72.69454999999988
78.48,67.88942428571417
190.06,209.9123666666667
50.0,785.7192602813851
29.0,28.62386525974026
39.19,53.79625547619044
150.17,278.96320497512284
257.5,522.6740666666672
37.61,41.84692909181281
50.15,32.06973166666667
194.08,191.6368000000002
12.8,64.56389047619041
294.07,312.3961333333335
160.51,160.5100000000002
211.67,286.69160122328407
185.84,185.8193000000001
142.94,143.07025000000007
51.31,61.81859999999999
109.17,39.40760666666671
36.71,71.76289999999993
176.34,189.94690000000003
126.33,138.53186190476185
596.27,596.4619999999989
297.91,297.9081000000001
171.22,171.19579999999976
202.87,202.84580000000008
138.73,138.72999999999968
112.84,112.45039999999997
32.83,43.98219999999999
703.81,804.1858150000004
69.9,84.01677656704558
910.98,912.7072000000002
132.17,131.21353333333337
236.92,329.5503398124098
67.3,72.6462000000001
78.8,87.42910000000002
104.36,69.67851190476193
114.58,126.81795833333325
47.44,30.700278095238072
612.54,612.3298000000004
34.13,49.98203333333333
61.0,81.8732838827839
133.76,138.61821666666674
52.09,70.66486334415585
53.16,48.95154999999996
127.92,131.39155000000002
154.45,171.8008763636366
37.5,38.528684469697
50.0,39.076379999999986
120.87,134.6694570512823
81.67,127.74817500000009
157.46,138.54845999999975
128.97,193.18165632367644
189.26,237.87504666666644
363.22,311.1976000000002
235.92,168.10823955544066
123.05,156.89380000000008
30.7,30.72639999999996
61.69,81.0823433333334
204.05,226.3233
3.05,70.58898408297586
115.94,118.15650000000005
314.21,323.2969499999994
91.18,111.82749587412586
84.58,83.0884833333333
394.94,171.468125925926
45.46,80.10632307692313
132.34,320.31778035714296
204.28,182.63900000000012
28.62,28.320602222222163
58.95,64.03623529411766
115.0,114.99960000000002
28.29,32.17953333333338
53.32,70.83252821428574
79.98,85.41742499999985
30.84,36.16918630952381
53.7,155.06130000000002
84.32,93.23829999999991
64.78,65.20489999999997
235.55,308.25267928571446
132.48,138.51092950980382
136.05,136.0562999999999
60.32,82.22928214285716
75.07,85.71207749999996
78.2,102.08660814242812
76.56,64.976531919192
202.87,202.84580000000008
596.4,592.7897666666665
105.39,105.7941142857143
128.68,129.84010000000012
43.17,49.254100000000044
604.34,498.58719999999926
113.44,99.03939999999997
404.8,385.6065500000001
132.48,138.51092950980382
18.92,12.50499999999999
71.1,71.75138821789322
92.14,75.4542833333334
55.09,58.056950506372374
100.76,119.21539999999997
196.11,196.1100000000003
42.95,45.164372380952464
182.46,149.56422777777752
82.95,112.34324541666663
57.0,56.33912666666667
157.79,157.79000000000042
215.37,170.6066000000002
168.96,168.39679999999956
48.46,555.211778095238
788.4,687.5699726190483
124.33,126.49339999999995
152.04,115.01601134032634
65.77,75.69003333333336
108.29,191.05632142857147
121.33,157.08701965811971
351.22,801.4351153838346
223.61,233.74140000000025
133.05,135.02239999999986
118.53,202.98310000000012
153.36,180.64069000000003
75.24,108.29241571428571
150.39,150.3899999999998
239.42,254.2290916666663
391.08,289.7974782047654
71.63,84.56229218529838
126.54,70.87437065203427
44.34,49.91274333333335
223.66,190.31258666666662
49.59,49.32511666666671
198.12,198.12010000000012
31.1,38.9029333333333
88.28,120.27779014168833
118.19,126.31346666666656
185.98,160.99919999999972
131.74,149.47080000000005
126.53,130.7813000000001
548.45,539.824666666667
50.09,53.10115128205133
35.0,37.63620000000001
45.13,62.481206666666694
336.06,251.65669007936515
37.6,20.043996969696973
741.75,683.3154000000001
21.62,49.055232777777775
353.07,352.93959999999987
318.34,344.8834161904762
122.44,83.01171999999998
112.94,115.74475000000002
117.88,138.10861369408383
167.97,184.48782499999987
69.13,173.43356666666676
95.76,100.90774333333344
135.76,166.34529999999992
46.77,50.46475000000002
189.78,210.88280000000006
197.72,250.1808500000001
147.15,147.14999999999975
36.78,50.02640801545908
166.4,184.18049999999997
69.71,69.71000000000002
201.75,206.04789999999997
52.18,29.53292939033192
148.98,127.73557833333312
61.37,184.33269999999993
397.3,397.51249999999993
145.47,146.08959999999982
79.33,79.32999999999994
63.77,45.924783333333345
201.05,201.4962999999999
55.26,45.72370000000003
217.15,219.51792500000013
58.37,62.257125
154.83,152.6985999999997
41.63,77.58962999999999
35.38,37.770306883737206
22.5,70.30525
93.83,184.09810000000004
2124.78,2036.9562000000014
208.11,203.86880000000028
63.63,69.17959879901957
103.72,109.21101666666665
238.69,234.46338223947245
86.32,81.10071024531025
476.25,570.2216
65.04,130.0494499999999
420.62,254.54382166666682
168.03,156.55072857142883
28.78,38.682998858363874
94.74,129.610719069536
55.69,66.84193333333329
132.0,132.0
87.59,171.96013333333332
196.14,196.05799999999985
284.36,284.6527999999994
177.32,175.0538999999998
247.5,174.87810018541833
92.19,137.71993047619054
90.28,131.63571722943715
139.96,139.82529999999974
1.75,37.730106269392884
45.48,45.479999999999976
297.76,371.8106582142858
102.34,92.49373333333338
196.32,205.88965714285706
73.46,48.848218333333335
304.77,475.1667499999998
446.4,428.45410000000066
47.23,79.1655625
58.64,101.85820000000011
35.13,42.821566666666655
146.16,146.15999999999988
87.8,115.9684666666667
137.4,143.2566499999999
89.96,90.7780808391608
131.81,135.30539999999988
592.77,559.6289000000006
58.99,62.175780000000024
129.91,153.52458466139421
76.98,82.4352833333332
1246.97,1190.8751000000009
194.37,145.6061247222223
152.16,83.41145058098766
180.58,95.65535000000011
93.85,93.85000000000018
23.43,38.31700000000002
131.73,131.7299999999997
132.08,178.91420978869283
173.96,173.29144999999994
84.52,115.40421000000008
84.98,111.771225
155.03,155.02340000000027
91.36,230.807465118411
77.79,107.52780154761908
23.78,23.86213222222223
259.35,28.538399999999978
257.42,229.67839999999964
68.61,68.60999999999989
35.36,35.160225000000025
85.41,90.34185
38.71,77.03290000000005
53.13,69.67496666666675
21.38,23.24846854452768
339.55,648.093602564103
107.75,104.63630000000003
31.38,31.598746606334903
473.28,448.56109999999944
47.81,47.81000000000002
31.25,217.64272666666653
139.59,139.59000000000012
35.18,35.43319999999996
114.27,242.53154881111533
302.1,191.11201428571414
156.85,140.3563166666668
65.11,108.79896023809528
174.34,151.66400000000004
34.81,43.15451666666664
740.55,1244.6966999999993
98.62,98.62000000000006
57.68,60.97480242424246
326.75,155.55407629731383
178.27,219.21875000000014
135.72,138.7712242424241
44.1,64.8289666666667
45.85,55.68980000000001
35.09,35.090000000000046
32.58,44.262572777777805
19.84,35.119309385322836
1023.72,521.4154538800088
71.38,45.263984126984106
43.0,47.588560072150095
112.66,37.09673333333335
5.79,19.534609079254082
158.68,191.12969999999987
61.75,51.802121904761904
243.5,223.83115750000007
27.29,51.228639999999956
94.63,105.22639999999996
350.84,360.51329999999984
31.38,32.018786666666685
512.79,486.3401000000006
141.23,149.70042952380945
614.77,626.0211999999997
64.1,72.38069333166838
98.15,81.23334551948052
137.08,117.49020313492056
65.68,45.58800000000001
265.41,302.60037499999976
5.44,8.71280638833389
95.83,97.13809999999995
541.42,440.26427499999926
233.68,136.38444050505052
102.06,122.84592333333337
164.64,209.00037500000005
46.01,69.68639666666674
87.7,87.82779999999994
133.18,150.6056400000001
308.47,328.2253
27.77,27.769999999999985
235.28,235.27999999999986
163.5,163.64654
38.01,62.50250125291381
1129.85,919.3278863528144
37.78,41.52660000000007
161.85,176.30864047619062
50.5,55.13646071428573
117.92,132.4194500000001
653.39,647.1507000000003
464.89,219.79105777777792
417.0,361.96481666666665
558.77,654.6759000000005
82.84,123.48999999999982
466.54,395.5993000000004
104.28,129.42610000000005
163.25,157.2946892063492
64.94,80.66939999999998
176.34,189.94690000000003
124.67,182.8540535353536
176.99,190.74809999999997
35.45,35.44999999999994
449.92,448.5452999999993
76.62,51.47863873015874
172.03,197.16392666666673
69.33,29.063882559523805
27.69,33.168308333333364
95.73,121.21462333333334
133.76,133.45697142857148
227.82,270.1607999999996
266.14,270.1925899999998
88.19,56.677325000000074
168.45,168.1124833333333
36.96,44.8805857142857
63.68,56.85215
74.57,82.4605071428571
47.81,47.81000000000002
103.83,103.63155
469.2,333.6558526216643
76.08,90.06444499999998
109.32,114.3298649999999
209.74,159.7672399999999
187.19,226.51819999999995
90.18,76.22050000000007
13.38,76.89359999999986
2202.4,2202.399999999996
96.22,98.31159000000001
144.63,290.6773333333333
76.74,129.72549999999984
1638.35,1624.591600000003
134.77,125.6917933333334
106.77,107.62055000000015
213.0,125.80059
45.08,49.96055666666666
382.92,260.82802051448544
65.92,66.57170000000002
124.5,113.3970565476191
43.23,50.506431111111105
160.4,120.0689666666666
133.48,184.52874523809518
501.88,697.071204761905
45.86,56.08779006167866
54.55,54.622200000000085
52.23,58.98876499999995
45.11,127.19506666666675
1672.06,1852.7297000000017
79.38,118.56340333333335
585.02,604.2461999999995
465.89,474.32789999999994
76.99,83.71665414078662
176.03,188.70918121212114
92.57,92.24244999999988
72.0,36.0104
89.56,79.18746272727272
127.43,133.17510000000016
35.36,35.35930000000003
24.81,38.686590000000045
148.22,146.06119166666645
2039.2,2039.200000000003
120.09,149.26895333333334
129.23,497.0680642857143
150.6,181.67289523809532
62.48,63.67579999999985
92.67,97.60740000000006
173.6,127.30840000000009
70.89,92.57339435227057
62.01,62.01000000000015
38.41,41.83489999999999
89.83,99.13714353276346
278.91,418.0497704761906
46.42,71.16886539682531
316.01,251.21653333333302
71.48,85.25264999999983
58.0,58.0
86.37,105.94937500000006
25.51,25.546400000000034
590.72,467.0621633333336
75.07,79.68304380952381
108.19,108.193
180.51,228.73423636363606
98.72,97.56659206349204
221.57,322.32848666666666
134.01,133.86320000000012
100.0,100.0052714285713
80.73,92.57349999999997
31.71,136.43373000000003
100.54,100.54410000000014
346.9,279.3665000000003
107.85,314.2208749999995
214.32,216.29569999999984
12.26,46.72690000000001
160.54,158.8009583333337
48.0,74.59996666666672
28.0,28.046433333333333
246.8,207.94129999999979
57.3,65.11404333333337
96.3,53.4288
130.11,144.87260500000005
29.85,35.575700000000005
67.23,68.43627142857127
95.25,111.24553968253964
298.07,343.47675000000027
82.43,44.70463999999998
627.54,608.9807666666665
242.46,244.47523333333348
1435.58,1631.3029666666678
446.4,414.0702000000006
58.09,58.050100000000086
499.69,424.5714916666664
1237.81,1230.7490624999994
153.02,208.3748749999998
165.8,171.54531666666645
101.13,122.52851497918743
48.62,67.7995
136.6,136.70670000000015
38.13,40.25140000000003
88.49,93.90351999999999
198.0,171.47125499999999
111.69,97.05536000000004
114.7,278.09115
142.28,80.83075000000005
169.49,169.4899999999999
30.0,30.41682777777778
443.17,209.08163047619053
419.3,300.4064
229.28,231.4141999999999
54.23,81.54778000000005
106.53,117.78217222222221
31.77,31.029637385299495
102.64,102.89659999999999
63.37,63.801757142857056
105.41,112.0399375000001
114.22,145.1627666666667
171.84,58.500928571428595
89.91,105.61826818437754
183.93,175.2611833333334
227.81,229.86689999999987
150.04,255.93916611832637
160.89,161.64570000000012
70.83,77.44122380952378
31.13,39.14208833333331
309.63,318.8876373376627
325.83,307.2835000000007
121.9,150.7560976190476
240.31,325.6119933333332
7.17,8.446613654401157
100.34,100.33990000000011
29.29,30.71143333333331
99.34,95.13250528296265
67.36,123.07800835164835
48.25,73.06049999999999
38.27,40.34636666666666
157.35,167.6443716666667
113.15,115.44499999999982
39.31,129.84807959595958
68.43,64.94348082736278
53.36,60.493353333333324
144.21,55.122140134559075
251.59,358.6183666666667
280.32,284.9081000000002
86.15,162.49906666666664
138.08,140.33669999999992
107.89,107.89529999999995
61.38,38.24181551419425
85.38,55.285364002284105
42.92,53.81193999999998
140.65,186.7786999999997
348.89,343.9728999999998
142.05,161.3279083333333
102.14,76.87644547619041
206.84,206.84000000000012
97.72,115.10175111111104
125.51,144.03260000000023
89.17,89.17000000000006
119.17,121.91469999999995
82.68,76.69068000000006
66.95,131.63657936507917
73.15,88.87452418567968
245.68,277.20872029315717
89.88,95.59030000000004
201.82,201.90659999999986
29.0,30.860728174603178
65.09,90.49653071428567
70.0,55.83836923076921
104.97,239.88609999999983
110.26,73.0770055555556
27.68,31.20786666666666
66.11,67.10634500000003
129.53,247.7989959050774
342.09,301.03090000000014
275.08,220.8091000000003
63.34,95.95317777777778
761.82,770.3961999999999
56.29,90.1910540476191
205.76,212.60735142857135
190.62,146.81972285714298
66.67,115.49549273111853
24.83,25.03345333333331
91.21,84.34479999999994
271.84,195.63362666666657
869.16,906.2293416666682
109.72,116.17418333333327
151.58,170.57104000000024
92.57,93.1232287179486
41.62,68.15215492063487
102.08,86.06079999999999
96.5,98.09903333333335
39.34,56.835125
45.97,61.220063095238075
36.98,41.05316438369684
172.41,177.25783333333328
117.93,127.8830624637862
18.12,14.253329999999995
278.1,275.1370999999996
294.78,279.9253999999997
275.34,275.3429000000001
59.17,61.037172492785004
76.09,107.53180722222223
63.27,120.44865603129297
51.32,129.74655999999987
339.31,338.28680000000014
144.43,143.1186208333335
1.57,53.29577333333331
86.15,101.77886829130838
50.5,50.5
43.0,42.969899999999996
49.01,53.14515000000002
72.43,127.02192805588216
79.24,83.27898833333333
149.5,152.6377500000001
134.04,179.83808571428565
305.31,326.88890000000055
748.89,696.4731999999995
101.14,104.3021322302448
98.37,101.36394000000004
72.38,74.83820000000006
228.88,191.39834999999988
52.72,62.635396212121215
174.13,207.3342199999999
98.74,137.90420833333334
40.1,20.025451587301585
76.65,82.65507166666664
63.09,65.83826000000005
116.75,72.41925833333333
28.28,37.03421388888889
234.39,157.11555952380965
32.77,37.83454166666665
349.57,352.07239999999996
793.09,791.6164499999983
54.44,63.90176666666662
118.14,119.33335000000005
70.61,116.42816690058473
1240.85,1195.2319266666675
31.75,39.7137830017205
40.79,63.58234000000004
203.75,215.6487000000001
107.78,212.93496500000003
308.16,375.82665000000003
50.26,44.868670833333425
67.81,67.55452000000001
80.18,65.25930616883122
312.74,267.3922000000003
103.26,119.01974665223668
137.0,158.37320000000003
137.73,211.21455833333349
299.39,304.1234857142857
169.76,176.7085666666667
185.84,185.9452000000001
373.14,366.9512999999996
15.78,22.764696349206357
106.21,85.68370544733041
73.47,76.36015333333339
88.27,103.14270000000005
87.52,102.59579359307361
216.31,235.19343333333342
88.9,98.02209447358187
238.14,218.29959999999974
162.55,164.06324857142852
85.13,87.90130000000003
73.22,84.2101
323.93,329.68190000000004
240.32,245.75459416666658
75.08,71.08731672494167
44.46,55.13081666666667
52.78,54.49340000000003
78.64,112.65245714285707
158.09,132.80769999999987
130.0,111.69342
71.14,60.55671484406992
68.43,69.66504947368429
186.74,196.26119999999995
238.07,642.7882999999995
315.18,255.1594000000001
368.52,407.1724999999998
149.72,152.33757999999978
77.57,164.43863235943047
4809.44,3195.14611047619
38.78,41.987150000000035
45.09,44.40587154718952
357.58,357.58660000000054
209.36,244.5474800000002
436.98,305.53249500000015
240.78,266.4861
61.28,87.72270000000005
66.42,46.7675866666667
256.92,257.3313133333333
109.7,285.8906
205.47,218.22330000000014
75.33,145.2100833333333
20.75,20.724800000000005
90.27,101.43634250000005
44.0,74.5959857142857
128.0,72.22907311100228
67.04,76.61170756056805
74.97,84.13953020923516
5.7,76.24393659183949
19.33,19.80329999999997
97.59,144.93482500000005
39.53,66.80429285714285
102.18,108.4347306602316
65.5,64.35530000000001
550.93,561.9749999999995
70.53,117.3532
39.78,42.06886
284.65,389.49140000000006
61.75,66.43230634920637
29.75,37.87591579254082
379.46,481.6351161904763
95.21,171.09976390692643
240.21,254.7866073809524
28.09,38.77874386973181
289.04,276.92889999999994
144.78,142.99070000000017
342.18,373.4366425000002
307.8,322.5402000000001
27.29,42.361974999999994
44.53,45.99300000000004
137.99,175.9727267307692
618.07,575.7212399999996
81.41,158.54171000000002
345.49,245.0670565217392
112.35,120.02143333333332
39.24,67.88942428571417
150.6,150.12520000000023
74.74,80.3196999999999
15.98,163.8939333333333
48.94,78.16759999999994
166.3,169.61724000000012
129.22,65.29244000000003
251.71,280.4042000000001
117.4,130.8382633333332
115.35,123.5044066666668
47.68,49.55280000000002
73.34,99.41987256251826
179.84,196.9477100000001
189.37,221.13647327102993
123.67,123.67000000000006
58.16,51.79837624375626
184.1,82.66580460317455
161.49,211.11460000000005
583.42,349.80562343434366
89.86,103.43493833333338
66.39,65.70345500000008
138.24,152.19993333333335
49.54,60.29886666666671
65.22,64.07571666666661
1482.24,607.3510146557524
423.21,435.2686960317462
141.51,105.81585047619052
56.85,68.42373583333335
26.65,34.118019642857135
192.3,151.40429999999986
118.17,118.88728714285715
159.77,167.68370000000002
246.72,295.9729849999999
104.21,105.6924999999999
107.72,108.62774555555545
253.8,132.5042119047619
57.83,90.54451666666658
181.78,195.01195000000007
54.0,57.21428207161193
65.71,58.154036116909346
153.22,156.1926333333334
92.46,97.18796249999988
138.96,156.43474166666664
223.14,223.22459999999978
20.0,13.894820833333327
78.18,101.03767500000004
40.01,73.74008785714291
104.72,95.68246190476188
248.96,256.39443333333315
58.1,69.22462222222224
14.64,13.805210476190478
15.61,28.53966405542728
27.28,28.323300000000028
60.41,100.2960641666666
73.13,94.30619172323485
168.2,170.90823333333356
516.66,514.7640666666665
235.05,232.8326000000001
75.85,75.86210000000008
61.59,41.408253333333334
53.27,72.25354761904762
207.78,231.85739999999987
770.24,352.3465773058314
60.0,77.8612954739432
77.57,128.49826210518762
64.19,64.59426666666661
370.59,370.5973999999997
65.38,53.704300000000046
456.77,131.82622666666668
113.05,112.65289999999987
1185.58,1192.3707000000002
169.01,178.43590000000006
423.62,325.29469999999964
0.42,86.59566666666659
107.75,104.63630000000003
334.54,351.94000000000005
268.31,306.29569666666674
40.23,40.03320000000001
124.5,143.42805000000016
64.77,64.56694017731932
69.04,69.03999999999998
223.86,192.63198293650814
181.25,214.005
43.37,69.28949999999998
104.37,104.3700000000001
104.49,158.17379999999991
407.9,487.57870333333335
41.07,48.074360000000034
127.4,139.37996666666663
183.84,238.89055490196085
136.16,179.49221250000002
130.34,148.53377293956058
38.54,95.98515095238105
64.0,72.22907311100228
70.59,83.27544785714286
109.97,111.78019999999991
84.48,83.96320000000006
97.51,110.14294000000001
134.23,122.26400000000008
117.16,121.5508999999999
51.69,76.81054
33.45,42.07811666666663
109.65,113.88876666666656
477.13,532.6614433333327
32.0,32.138899999999936
125.43,121.32123000000006
70.63,70.6339000000001
89.48,103.58270454545438
136.2,172.63237999999998
46.95,67.20680000000002
75.65,92.8373777486428
705.26,778.247566666667
61.27,76.96740666666669
267.51,207.8780999999998
349.89,356.50783333333345
51.79,54.779896666666644
87.66,88.4871999999999
32.38,33.080059166666736
233.95,240.5991916666669
254.48,364.5227249999997
128.88,71.26064999999988
112.13,118.04639999999986
57.51,59.33300000000012
157.21,157.2099999999996
76.36,122.68899999999985
236.71,286.9018666666668
47.52,56.65719284992783
286.88,304.10850000000005
46.09,49.77750000000006
69.9,84.01677656704558
711.07,466.50166833333327
93.56,78.34376293595295
8.13,49.30215821428571
1119.6,1319.1318599999995
61.4,72.93087727272729
41.03,62.50089999999996
53.08,45.64519999999996
156.03,165.08099999999985
2026.54,2025.5456000000008
583.82,70.72823047619048
158.62,237.60918000000004
225.71,225.70999999999947
106.14,124.22059999999993
370.72,368.92160000000035
92.16,128.2429416666667
480.46,216.86749999999992
40.09,40.5602188984893
475.82,358.2677
249.3,246.0644999999999
137.93,127.30752446442453
127.78,79.46775329365082
111.42,120.22651428571434
172.73,177.6677689655171
811.77,818.0296000000001
70.07,70.06999999999991
39.52,4.873704729437229
168.96,171.77302666666665
191.65,196.08183333333352
38.78,58.33725476190479
193.93,170.60423333333347
69.73,79.11226141632181
184.83,211.21160000000026
27.38,70.02719999999998
83.27,101.15949666666664
1989.75,1892.3922999999998
59.45,83.55965666666665
264.9,265.27479333333326
308.7,344.9550499999998
73.72,95.81229999999991
331.68,298.52456666666683
167.07,169.87284999999986
36.56,43.440083333333334
34.7,54.61393484537496
238.0,269.90566
32.09,38.149674242424254
297.39,316.16632500000037
254.18,146.00489999999994
102.74,139.36653047619058
73.17,24.98575
21.75,40.90670999999998
89.3,89.36980000000003
8.4,8.098500665796625
52.57,53.06587785714285
153.05,163.39629999999977
165.91,171.56259999999986
195.0,195.0
272.36,207.86193333333358
581.25,407.5809
35.84,35.840000000000046
218.01,251.65574999999987
175.77,175.77000000000032
114.14,110.16817999999991
96.71,108.7668999999999
103.6,114.7275333333333
65.79,71.95762380952385
52.1,86.0929633333333
70.44,70.89959999999985
378.34,323.4690083333333
186.13,233.50359464285705
140.7,118.04272500000013
38.24,54.357750000000024
97.71,184.46138333333326
181.68,182.5238500000002
528.78,491.46109477877485
240.65,208.95295714285734
368.75,366.7696333333333
153.1,153.10000000000025
99.22,61.68358
71.14,60.55671484406992
1014.02,638.142906257875
93.63,96.95932049589295
166.02,93.97560333333338
132.66,155.88533333333345
157.46,189.2137333333334
215.24,235.41224342712846
137.6,143.62358474310727
643.66,700.3648999999995
75.08,75.7074033333333
678.19,404.0710122993673
13.97,28.53966405542728
32.39,57.29659000000001
8.49,160.5121757142857
3.05,42.773569126984114
145.12,153.38708047619068
56.88,232.62990000000002
195.69,202.0242999999998
79.8,120.33940000000004
161.39,147.98230000000004
220.88,226.23977047619027
33.62,15.472594999999995
304.35,305.75809999999973
76.66,79.0154999999999
213.98,123.81328142857136
280.63,285.71490000000017
115.45,112.58461904761896
148.77,186.21322
99.55,236.57517499999983
215.05,219.86204999999984
117.94,111.49663553007207
414.08,363.8332000000006
304.47,188.44320000000008
52.73,56.471099999999936
123.53,127.89647500000015
189.57,156.02860000000007
207.35,502.44208888888846
6.0,5.882709273406334
876.5,873.3543
86.15,89.49473333333327
194.74,88.66693293290038
73.27,91.93596238095239
81.89,82.72000000000013
86.8,95.53559999999999
196.3,130.51045903679653
160.68,168.3207
65.96,78.6508000000001
261.9,259.4919500000001
86.02,126.02160000000022
216.74,111.46284166666666
1326.79,1318.9321000000004
109.35,113.61947428571428
45.09,45.09000000000006
163.6,165.32280000000017
32.38,32.380000000000074
183.43,237.73001666666678
247.75,238.33531666666656
63.6,90.77419999999995
88.08,135.92393824965214
35.34,36.753600000000034
114.32,120.87896000000012
150.0,160.17561999999998
79.65,148.85756833333343
53.1,73.6179666666667
319.44,278.1001866666665
52.43,55.35996916666663
410.0,338.63556190476186
548.31,486.8319499999998
69.89,37.10862000000005
41.53,52.36424999999999
237.99,262.14943333333326
112.98,110.49031238095239
81.89,81.88340000000014
530.17,515.2544566666662
91.23,65.45925877620917
970.73,986.6451749999998
134.19,156.99546666666672
56.34,73.11808000000002
138.15,89.77229999999994
238.02,237.46973599999998
118.35,162.7112346733216
48.71,48.72180000000003
0.31,50.9540485714286
256.43,273.1048857142858
101.25,104.160675
79.76,88.37166000000005
104.3,99.81269999999999
303.11,303.5986000000001
103.14,88.72060534610495
263.84,261.8684000000001
114.58,144.39983928571456
36.01,48.971655202020195
1234.62,1235.8687999999981
88.0,79.18495333333334
38.71,43.58642661616163
293.67,168.7854000000001
263.78,189.51241666666655
100.0,61.68220000000003
1014.02,638.142906257875
28.09,38.77874386973181
147.74,145.90687500000013
39.96,41.92903333333328
56.94,49.76814299006549
97.42,76.85445000000006
35.45,40.561990476190516
49.28,25.83755454545455
100.0,90.79212500000001
48.22,48.20799999999996
436.14,522.9912131578945
179.97,250.20197878787886
34.42,73.95034857142858
43.86,51.65662499999999
369.87,205.44975000000014
27.68,27.318809999999985
253.35,251.39489999999967
188.38,277.30525404761914
187.06,244.53859999999997
42.77,42.77000000000001
52.22,53.86910000000001
162.0,160.3648
121.09,121.0900000000001
190.58,221.75160000000008
238.41,235.20669999999998
58.63,60.969978095238176
86.9,91.61989999999987
321.75,352.7734095238095
42.51,43.04745000000012
103.55,103.67959999999995
28.69,43.935391794871784
574.0,527.3893999999996
107.2,123.33917499999995
22.84,15.180790732323235
709.74,373.2188916666671
662.34,578.4625558585851
48.62,63.02310857142852
129.09,129.09300000000013
36.94,43.15510833333335
101.73,102.89849047619043
52.9,55.85377055140938
198.13,176.27127499999997
68.37,169.32492809523816
69.03,68.6063095911441
210.56,114.74879774344657
186.84,107.59270000000004
124.96,124.87051999999974
1143.22,1058.6510000000003
36.35,39.24497180830483
76.58,92.56497501222637
320.21,648.3118899999998
43.13,47.34566666666673
103.65,101.79869999999981
38.72,39.92348333333337
317.31,354.5214333333335
97.57,92.45570000000005
51.1,66.66607333333333
37.78,41.52660000000007
175.04,102.59579359307361
51.88,51.88000000000008
51.69,28.13549809523811
42.11,42.60242000000003
45.22,53.97960318181816
78.91,81.85725833333325
48.62,60.42214206349205
254.0,244.83723333333336
54.11,108.9914633333332
41.95,46.05287999999995
133.21,152.1048538095238
53.02,59.93134166666664
72.15,73.07779999999988
38.93,39.44209999999995
26.55,67.43185000000011
112.42,112.41200000000006
75.29,131.58346833333334
252.46,255.04459999999943
281.51,289.1071999999999
186.4,241.4131399999998
530.71,528.3755211111112
67.05,68.9599000000001
49.09,49.090000000000074
35.85,42.1096125
37.96,53.62271969696967
46.85,55.76246666666669
253.05,324.1767766666668
144.01,173.90072000000015
123.34,123.73560142857146
200.86,202.05638333333332
72.78,74.74979999999996
641.82,553.6824587301585
64.68,55.481200000000015
119.6,138.09880714285714
98.8,105.35242820512823
75.08,93.63879999999996
214.09,225.88749999999982
44.42,34.57101011904762
61.91,75.40699696969708
713.55,713.8073999999995
75.53,77.12714999999996
16.7,7.925584649214962
603.84,600.9489000000001
255.87,401.2900999999996
129.36,124.85034999999998
110.26,134.1607166666668
162.96,116.24713644133648
14.97,43.312628571428576
484.68,318.9025
109.69,111.59860000000002
87.38,101.72938560439565
343.12,335.4668749999998
48.11,72.0658
87.64,90.24334999999995
380.66,285.70894166666653
165.8,166.7597666666665
750.21,1050.0798999999997
92.21,93.57478749999993
33.38,33.488916666666704
111.93,193.45746785714283
184.15,174.91494
80.4,141.9064638888887
248.17,273.45696052287576
111.43,117.8193
37.38,45.56652322603868
9.46,18.31782691253191
115.44,128.14458571428582
24.68,29.908669898989878
35.69,37.41770714285719
179.98,339.38169999999946
16.69,68.4249
266.89,269.6855999999996
53.28,55.338150000000006
156.72,156.76019999999974
93.75,155.69884750000006
104.7,138.59547692307694
269.35,250.89885999999996
132.99,136.13399999999996
164.15,170.91113333333334
143.2,139.1624500000002
56.78,58.36356555895813
71.53,104.69326783223315
101.74,60.98206000000002
137.55,177.79152222222226
138.15,144.87399999999988
107.78,116.13510000000011
219.67,243.24377555555563
109.55,149.82377018059552
676.74,678.8931499999995
62.17,49.019978600288596
56.23,75.72462857142858
92.6,110.38222499999992
136.1,177.81998833333347
43.29,29.720133333333273
476.87,477.08560000000057
79.18,40.03390000000006
87.64,87.64000000000009
125.33,125.85889999999993
114.04,113.1788800000002
210.82,295.83676666666656
96.43,153.25979999999993
37.77,43.56440913049369
596.27,596.4619999999989
349.74,350.96271702380955
150.08,235.38135261904776
27.4,31.227360000000026
126.3,132.6756999999999
37.77,43.56440913049369
44.09,57.23559095238095
522.21,576.0069021864736
219.49,296.2746500000002
52.18,47.515249242424254
448.2,428.03269999999975
191.23,195.85944999999984
109.72,134.04266538461542
72.32,119.54900750000003
104.37,104.37260000000009
137.4,158.37813214285714
114.45,118.19204166666675
2.32,5.0057203174603195
209.21,195.70790000000005
101.48,168.54762047619036
112.3,130.99136736447758
26.39,35.487448333333326
119.48,60.43503619047618
205.5,227.19310000000002
57.29,64.95508666666666
35.72,42.06389999999996
125.94,127.08970000000005
108.46,67.76000690476185
73.4,73.93709999999989
51.22,83.00337897637083
40.17,42.25134285714289
83.91,108.80793357142853
328.17,322.3730999999992
706.84,365.464268333333
102.87,254.9024510889111
45.0,51.74520000000003
36.43,54.267678888888916
248.48,208.91802857142855
195.0,195.0
58.59,58.58470000000008
50.0,59.646636363636425
130.69,130.69000000000008
84.23,84.84621999999979
33.17,37.00958224792364
244.78,278.31024333333335
20.0,132.83593968253962
32.61,42.891584999999985
33.42,35.266026190476225
122.06,126.78130000000016
204.33,242.32910999999976
206.87,181.04290724615254
26.29,37.09964500000002
23.15,53.79237887917638
207.57,220.8688115384615
34.0,35.669192424242425
68.55,81.40457
162.35,195.31288666666669
88.49,92.89756999999989
250.0,497.81580000000037
65.71,58.154036116909346
50.01,34.72291428571432
49.1,50.59820000000003
98.09,90.66543333333338
510.69,510.43930000000034
53.13,54.051660000000076
121.27,143.15540000000007
287.56,292.69850000000037
14.78,18.181106204906204
514.6,514.4206999999992
200.33,228.60974599927877
204.28,182.63900000000012
528.62,535.86355
49.24,70.58224214285711
105.38,105.8460065512905
151.96,162.32112857142823
30.0,31.99053611111111
96.22,125.09827849012092
329.42,164.11599999999981
173.77,185.92642500000002
77.57,128.49826210518762
220.23,239.8484
77.57,136.44097749867188
85.74,127.01390206349203
397.36,328.35018000000025
168.4,172.10140000000024
103.83,103.63155
227.6,231.0515799999999
269.17,137.92332272727285
65.35,65.3500000000001
20.79,21.24301333333333
442.32,362.40926928571423
209.24,205.7826333333334
114.78,86.34529666666668
197.3,260.94140000000027
124.96,133.63056974358977
47.38,100.94925
41.71,58.42032975579974
125.42,125.43760000000006
1048.31,1024.9290999999987
20.0,20.32385043650792
62.25,27.755480824215336
72.99,81.96499999999988
146.68,95.8534692555502
77.57,136.44097749867188
26.87,30.026300952380947
101.14,104.3021322302448
29.88,30.20918333333337
40.84,43.71409880952381
81.76,94.9451000000001
100.34,147.78603426406934
96.22,105.33943333333329
126.95,128.2552000000001
106.87,104.363343030303
196.89,168.72229166666668
34.43,46.72690000000001
368.94,354.3441999999996
87.58,60.96740999999997
502.98,449.4513000000006
147.78,152.3909
86.2,48.650111123598634
78.09,95.07747500000004
621.21,632.1657000000004
93.99,88.37621333333333
530.47,268.16130500000025
335.47,335.4700000000004
228.9,199.26000000000008
132.03,131.2481200000002
81.95,145.49414999999993
209.46,182.65721666666627
77.55,77.55220000000013
31.33,166.3467233812958
37.58,63.02936714285708
764.52,723.226599999999
71.66,106.89515179133463
48.13,50.86575238095243
816.89,847.0780166666667
42.17,48.745116666666696
103.79,135.26720000000014
74.26,100.04277499999995
133.34,151.35551821428578
112.42,146.47790000000003
65.53,101.47413333333336
121.99,141.27639151515137
70.04,85.41034516788564
109.31,188.38214999999994
109.51,72.82919166666674
209.06,251.11657333333352
115.0,132.46172369297364
222.27,324.30337361853833
120.59,119.3810000000001
167.9,245.97038865338916
356.1,353.15035999999935
379.2,364.29043682539697
413.88,440.71592666666686
43.54,28.784016389863986
172.04,96.80578832203997
130.0,128.1407
103.19,162.99120666666676
29.24,35.56631166666661
961.49,995.2465000000007
153.2,172.77783968253993
246.44,114.51359396825397
696.08,704.1263000000008
50.24,63.2260999999999
473.4,274.92412191558446
102.03,108.05798514376802
237.0,236.2093190476189
57.5,108.03239649864626
65.03,75.79467000000001
54.51,147.39249013599027
46.0,43.389946390023795
87.13,116.23038333333332
248.4,336.09632857142856
32.47,35.43785823565326
46.78,58.09689999999998
639.98,646.4559000000013
102.03,108.05798514376802
120.54,153.82265882352942
1020.78,1005.1283666666657
72.17,295.0091944444444
162.6,167.38586666666686
83.76,85.32926666666677
198.25,204.66342499999996
171.22,171.19579999999976
91.28,152.73932142857146
437.83,451.9545631578946
464.34,431.88169999999946
71.82,79.8475766666666
22.29,22.289999999999978
109.72,112.48509999999992
63.27,120.44865603129297
295.61,272.63092500000033
75.53,86.4427833333333
236.81,255.44731666666684
50.0,135.56984999999978
50.0,204.94709999999984
79.06,106.92791666666665
215.06,366.68201595238105
81.78,81.78109999999992
185.11,206.89485714285718
100.67,96.89298750000003
52.93,58.14275704545457
21.4,36.038633333333344
284.49,171.53786666666653
150.47,249.73096217893215
873.91,733.0949416666674
63.34,42.12964999999999
73.43,76.68749785714289
180.94,205.80208333333346
44.78,57.07819999999996
59.09,59.09000000000008
178.74,167.46188571428564
167.74,324.12983122080783
39.01,43.28048
201.64,38.98158107142853
39.6,45.89493613105161
116.94,116.94000000000001
70.35,96.67220476190472
153.71,178.80955000000006
201.3,202.11164999999983
1810.5,1605.3310999999999
61.59,75.64234976190481
49.3,53.50805000000004
499.5,129.45644109389906
168.2,177.88550000000023
557.62,294.35155000000003
285.02,284.47640000000024
62.25,62.25
64.42,67.83580000000006
221.89,222.453075
142.1,98.1344
211.92,157.44426000000007
63.28,49.496146002886
87.43,92.85412800000003
149.22,164.48899859307346
196.25,247.2155285714285
151.94,52.38698333333336
164.71,244.62793500000006
84.15,109.90457561451707
124.43,130.52159999999992
158.59,161.68350000000012
301.64,104.07518571428571
235.63,233.2194333333335
61.44,59.472126428571435
71.14,63.14555221077422
38.58,30.251455480688882
267.48,261.15939999999966
703.29,571.9714
171.32,172.2485999999998
90.72,98.59649999999999
86.14,93.84720000000009
45.53,48.914280000000026
47.33,91.34903079365061
161.37,180.98633333333342
37.91,60.314524999999996
165.04,306.9132000000007
12.53,25.969045490897997
624.68,500.17740000000003
46.78,72.95094976190475
1023.72,521.4154538800088
293.36,293.3544999999999
58.16,58.51718695652166
291.49,279.48679
37.34,69.53483095238099
120.72,100.77139999999996
73.86,84.35030428571429
90.88,116.86156051658261
1052.49,856.0369655555558
78.84,66.9420708333334
47.5,31.802029166666674
366.19,366.2078999999999
177.01,169.18526666666668
75.48,89.9258999999999
2.95,7.223141071428571
163.25,162.68040000000002
129.64,128.2150085858585
1158.54,1002.7165999999987
181.52,181.25825000000023
69.97,17.497410276855504
100.0,281.7035998262231
128.93,384.14180000000067
44.06,52.967675000000035
89.61,102.34208000000002
50.73,51.76917333333327
106.82,161.6619466666667
820.75,807.6687
203.57,113.86780000000005
33.12,34.99179342532467
70.43,88.47076222222215
84.23,80.96549999999984
41.43,47.76878236832613
14.64,606.5021499999995
285.63,226.43118249999986
24.48,120.13071104132734
363.31,375.456111904762
376.26,375.8946999999997
74.88,64.76422465367972
110.43,114.30490000000015
113.43,119.5828416666667
143.45,218.9807199999999
175.43,176.29359999999988
108.2,167.56651238095236
162.4,109.45379999999992
82.52,91.65418904761898
335.47,335.4700000000004
62.0,83.47781250000004
135.66,52.20730833333336
80.18,47.069991730652426
64.52,65.90741428571441
217.82,230.41049333333325
101.24,102.30529999999986
116.07,126.32579999999996
57.89,108.55581857240627
37.38,40.340100704508856
255.38,266.7957000000001
75.64,83.32880000000004
168.92,85.92480000000002
64.0,84.58486777777779
24.27,26.02154929971989
34.05,108.05798514376802
213.56,213.73160000000016
99.46,113.02329999999996
274.82,251.47513333333345
116.7,126.84999285714301
116.74,70.47349959956703
2.98,49.951200000000135
52.59,103.01470000000013
133.98,132.88359999999972
135.74,140.97639999999998
779.9,903.0789000000003
192.76,211.84468317460315
121.26,167.37912857142857
290.38,166.94184380952393
7.46,50.92704166666669
225.35,350.0577999999997
73.34,95.8534692555502
538.39,394.06980000000027
110.46,132.47605857142852
1042.1,1027.5626000000016
704.8,773.2520999999998
66.95,127.37161999999998
37.77,98.58698966450218
364.75,423.2682833333334
320.04,421.107
912.79,916.5992000000005
118.93,123.80811333333345
164.28,119.46928259259252
93.5,106.45194999999998
113.43,115.74012500000002
249.39,248.1942500000001
136.7,146.0499500000001
38.19,39.63770000000004
111.89,111.88999999999994
192.75,201.83219882352947
201.06,222.55970000000008
40.33,38.14962857142858
148.42,128.38180000000006
119.2,123.4913646153847
67.5,70.55891666666666
77.78,103.66759345238103
77.57,151.21544035217164
106.56,128.9210600000001
58.61,84.25099999999995
172.84,136.61482833333338
55.09,57.96472500000008
93.41,105.53560000000002
307.31,183.16438904761904
190.42,226.43118249999986
63.76,74.88793333333346
95.43,98.32678285714283
99.24,78.43050857142855
66.05,74.84481686507941
35.09,33.2509676190476
415.45,326.6572833333337
159.25,160.03230000000002
73.77,77.9254000000001
19.62,19.61999999999995
756.91,674.7227999999999
47.32,65.61894138888891
61.2,31.8088742424242
23.29,36.0196283333333
186.39,218.1485250000001
20.0,27.987309999999994
17.39,27.070756666666686
162.87,120.77040000000007
149.09,150.6540945454546
32.37,32.369999999999926
42.86,58.703100000000035
121.0,121.7604
53.62,53.172899999999956
145.34,157.43140000000002
43.38,49.90299999999999
472.8,354.21503108003094
98.62,98.62000000000006
100.0,66.21959999999993
174.86,242.98220000000035
55.94,83.04490000000001
81.89,81.89000000000014
250.68,234.1307533333333
48.84,54.99190000000001
108.7,260.57111166666664
103.55,102.92329999999994
50.0,111.47189587912102
35.0,35.77306666666668
81.89,92.50806309523804
117.47,123.86239999999991
367.65,343.0638633333336
278.67,296.1417199999997
109.31,119.98630587662336
237.14,194.05264805555535
73.16,76.44469999999991
77.96,148.69238999999988
133.13,140.65049000000002
107.06,115.13940666666669
36.84,61.06996000000006
158.8,170.1811533333334
393.15,190.54136264790768
910.1,914.4509000000002
110.0,85.28229999999999
356.11,361.10065000000003
43.25,66.35894285714285
556.69,621.2931000000001
205.07,197.64209642857142
659.52,634.8257999999987
262.27,261.73330000000027
202.76,206.17209999999977
283.33,289.4132333333335
89.17,91.67504190476184
168.36,168.3600000000002
22.38,31.294348333333364
164.04,87.32414285714285
27.39,27.78583
166.61,236.2304333333334
127.22,94.93961452380958
46.13,46.120200000000075
273.23,318.3685625
127.24,104.55329999999995
70.0,74.83803636363635
243.71,282.96940833333355
21.69,167.15673888888887
115.42,116.38155000000005
44.29,55.97937214285714
36.75,57.839096230744154
100.34,100.83114096153848
200.28,190.6650666666667
142.48,153.4441
135.08,178.2032055952381
308.79,335.9647999999998
273.54,208.99252888888924
53.68,85.099296944624
109.08,122.17047391304347
816.01,810.0210299999999
200.68,108.28468599557283
163.53,199.77246415334676
404.6,182.68220000000002
107.2,110.44130000000008
182.44,212.43946666666668
216.6,225.2749000000001
664.17,516.0920335714277
76.98,81.36106142857126
117.85,124.05203071539145
158.55,153.03019999999978
117.85,119.18700000000008
101.93,104.34266666666683
71.04,113.94573750000012
390.62,307.17452333333324
282.26,207.2161060714286
424.55,424.5500000000003
65.09,60.54260476190482
156.68,164.57809999999995
140.16,140.1010999999999
65.01,82.59425000000003
59.31,61.86226190476193
155.14,125.01264010334224
138.32,160.47763333333333
59.59,80.71577199999997
36.19,61.127041428571445
58.69,90.43326813857708
175.98,178.2610000000003
43.69,72.35047904761905
102.0,139.02645226190475
192.66,136.14946842127688
164.7,164.05740000000026
157.12,134.8034500000002
309.28,256.0665792829392
66.23,90.54802814102564
31.12,60.5979333333332
121.98,209.1438273809521
47.95,73.31616666666662
62.47,75.83048166666674
67.86,84.92309999999998
122.64,77.14825818181812
246.5,127.5367118131869
144.13,146.1779836538462
42.0,36.28673564935064
260.6,258.6224999999996
252.44,297.3810499999999
216.09,221.64219999999995
265.55,419.3215050000002
140.51,145.50345000000007
172.3,175.00543999999982
137.67,138.61429999999993
1619.73,1605.3317000000006
257.37,307.2630666666666
76.44,52.99419999999997
122.5,130.6517411214928
81.93,23.465959999999995
46.01,49.97985224747477
93.56,78.35950000000011
67.76,70.42877926739924
76.08,91.75988333333328
117.42,158.3217333333333
207.62,174.48990000000015
231.42,206.14723333333313
69.73,77.40503303307798
42.68,37.9633015611839
63.77,65.01784214285725
715.28,623.4728999999993
163.71,223.20467043650794
924.12,832.0891
87.64,95.78128250624461
156.4,133.69499999999988
64.9,78.26209885800463
64.74,85.94024999999998
15.77,42.520300000000006
54.62,81.761410995671
36.23,18.12365000000001
128.48,128.55659999999975
88.76,105.7396
208.88,194.68426249999993
96.82,106.91799999999999
97.09,94.27635666666666
140.68,149.3875108974359
70.12,71.13509999999995
156.93,211.81410000000002
370.51,252.7276743939391
77.13,109.8963833333334
88.94,130.01725026334788
550.53,559.8086999999997
65.05,87.96131740726807
66.15,62.30677499999998
6.88,35.58580592463095
209.46,218.2170428571423
37.0,39.944316666666666
49.14,61.46088896103901
218.64,217.32348333333303
62.2,36.50229380952382
56.03,91.60143039215686
35.72,37.24868333333328
97.8,97.41644999999998
254.11,278.41079999999994
70.0,42.82670454545453
47.64,47.64000000000001
179.41,186.5414866666667
92.97,106.93863822510828
150.87,265.5693299999999
88.76,106.449
117.46,93.64129999999994
240.41,255.5209000000001
112.83,57.88257499999995
73.52,78.18109999999996
68.35,79.44594611111111
804.52,556.4005999999997
1040.52,943.5496000000002
162.04,162.04000000000042
139.59,139.59000000000012
194.42,203.84720000000002
29.34,31.092500000000022
110.46,132.47605857142852
42.12,42.73439999999995
221.98,236.0799999999997
48.96,48.577400000000026
151.7,182.14464517316028
56.44,31.588500000000003
58.59,63.412993724290445
89.88,111.01689055346213
119.84,121.69331333333346
134.88,72.78890169617786
48.24,77.97769428571418
158.94,217.42553333333336
197.9,201.85110000000003
108.22,97.51609499999999
203.15,208.40845000000004
61.0,62.10492857142857
125.42,146.22714264705894
131.99,126.74524999999986
100.23,107.77386696428565
146.46,180.52915405094905
46.13,46.13000000000008
112.8,122.7980220238094
296.12,234.15365872775612
27.39,29.68825396825398
108.63,136.71297499999983
287.4,109.62078777777766
72.71,79.14066666666666
1424.45,1371.74456
130.25,133.81199999999998
55.66,85.25036666666674
349.66,343.1149333333332
55.0,65.79191222222227
33.37,34.01702222222219
57.51,57.872466666666796
141.73,141.72999999999968
193.98,193.97999999999968
706.84,365.464268333333
73.49,76.27669999999988
139.94,69.71334378052502
177.27,181.70440000000002
151.61,164.92174166666686
57.6,144.09049000000005
5.28,120.44865603129297
134.6,469.63866785714265
63.61,94.93961452380958
58.18,63.41636428571425
93.82,96.19832916666661
115.35,168.25362500000003
105.55,49.2797933333333
132.05,152.28086999999996
62.23,63.94902499999987
58.23,71.76837000000002
195.0,195.0
21.17,34.38493333333335
68.35,45.71350119047618
127.02,127.0200000000003
88.37,98.57325000000003
102.03,118.20972682152552
150.0,138.1351333333333
58.62,69.16938888888882
21.88,18.9735333333333
97.94,142.48816666666687
326.79,316.4689000000006
183.49,192.54220000000004
218.51,232.91291238095238
98.08,115.0479625
223.08,351.3197000000007
55.91,62.43730000000003
35.77,41.41420073052991
74.25,87.63585357142858
185.6,325.42255000000006
61.33,70.35415976190478
739.79,738.5349000000003
88.08,135.92393824965214
54.35,70.1991000000001
90.75,90.75
260.17,262.4801366666668
22.24,24.590859999999985
211.74,164.97508142857146
312.49,312.4900000000007
209.3,248.34389999999962
20.0,43.59627833333334
192.3,151.40429999999986
133.97,143.29430000000005
2759.88,2240.3428000000013
30.79,47.28665166666666
136.6,118.96144546176052
190.6,196.08645999999993
88.71,89.93023333333332
57.68,94.90712000000003
58.84,101.22784333333337
75.42,97.65262166666669
31.69,34.60340000000005
160.96,156.39071785714276
83.5,93.41434333333335
55.59,54.146520000000066
64.58,45.23912262045558
54.0,57.21428207161193
50.15,32.06973166666667
26.29,27.177916666666647
28.23,60.99850000000001
134.13,132.88379999999975
663.93,663.1577833333332
162.6,196.77051666666662
54.1,72.7176823809524
416.55,416.6751000000002
37.77,43.56440913049369
27.23,40.50989999999999
12.88,88.79016666666658
98.29,114.60036333333332
290.04,308.2699099999997
48.1,49.40840000000001
49.09,49.090000000000074
395.45,452.2411999999998
167.59,182.69441666666668
182.54,322.9991297186149
164.45,222.3794408333333
107.85,104.50473809523811
95.17,112.96149999999993
45.0,45.5042
399.99,415.25170000000014
91.13,82.22724666666655
54.18,54.100995000000054
53.22,53.41194999999999
53.42,61.82038000000004
99.95,104.65750000000007
77.29,101.8517310224089
47.88,53.37724666666668
58.16,51.79837624375626
192.37,75.54741190476197
96.71,48.01142000000005
21.15,21.223066666666703
69.03,86.5051
62.61,77.41304999999996
95.31,94.91487500000007
92.97,105.63873166666664
101.14,104.3021322302448
204.18,188.90714166666686
364.99,364.99000000000046
104.85,124.28320000000012
87.8,115.9684666666667
18.06,28.18829999999996
127.66,182.37274999999994
1415.66,1461.4592000000016
136.5,137.75069999999997
96.83,170.42200499999998
14.15,42.76942222222222
231.27,222.0400504758975
52.59,63.84324999999997
76.07,82.56470000000004
254.24,258.16830000000016
122.5,130.6517411214928
139.09,142.23990000000003
197.6,219.37082500000005
142.35,143.77100000000002
90.22,79.10894483405487
133.05,131.1525816666666
955.79,963.0085000000005
29.35,49.173962626262664
107.35,136.54411
214.04,161.49692337252844
18.26,108.16886952380958
32.43,41.983158962962946
27.58,40.56373131313134
103.8,100.55476666666664
236.54,192.38284857142887
60.31,82.51238214285715
53.95,56.02293333333331
200.0,129.6095000000001
64.1,103.12518215377246
459.5,437.85251666666744
64.79,77.53025928571425
242.67,300.79241499999995
1.05,3.763145311732475
601.3,593.9805666666667
309.66,201.15634642857145
205.29,168.1195164790767
33.56,61.937990000000006
220.86,213.07920000000027
24.68,26.534099999999984
314.37,564.1445799999997
167.8,146.58307142857123
287.06,267.0958233333333
47.23,109.05822857142846
13.78,184.6821047619047
43.09,51.775420000000025
216.68,225.67230000000004
92.8,92.16970000000003
89.48,89.39769999999977
904.8,855.2192666666681
68.02,86.75892163718642
37.82,39.75420000000005
80.51,92.81569299755803
155.98,155.97999999999968
75.38,31.48448639608843
57.78,68.21045714285711
111.81,125.86199861111106
72.18,74.82710000000009
376.12,200.7170601190476
53.96,61.40640000000001
208.26,240.35037500000024
122.01,123.23530000000017
155.14,128.49826210518762
107.78,110.19200000000009
203.67,203.6699999999997
124.42,140.13530000000003
179.84,196.9477100000001
368.11,368.1102000000005
931.53,400.36659999999995
194.53,204.86136666666675
113.76,172.4482514285715
111.58,81.79585666666667
108.2,78.99539343434343
453.33,472.9188666666673
47.44,49.9492
356.13,406.7523583333332
60.22,111.50188800000004
157.4,113.05364999999995
143.01,144.67955000000012
153.1,153.10000000000025
462.54,296.0555346153848
42.17,42.00130401154092
263.79,222.6792000000001
77.64,70.39928611111118
132.03,181.55269107142857
133.95,110.77033333333333
68.02,61.34005304187361
53.37,73.96459999999996
377.09,391.1671800000002
123.51,132.13258153846152
180.34,113.6324058730159
212.85,212.34608333333318
146.58,155.34056
1247.36,861.5547000000001
112.42,166.34402666666665
187.96,189.80900000000003
205.52,447.92554999999993
325.37,347.20419999999996
146.67,138.0428166666667
102.53,96.23355499999994
224.51,135.7781000000001
30.69,38.39381000000003
34.04,69.88670249999998
60.0,62.13575
287.16,189.93411928571422
207.5,225.08080000000007
173.77,197.35915000000014
117.8,69.86077658730163
114.57,118.02760000000002
97.77,101.47042000000019
13.45,72.77169976190474
35.0,43.97918535353534
117.31,119.61205000000004
45.45,54.071207142857155
170.71,168.54666818181778
268.81,270.56470000000013
150.26,156.05125572261056
50.25,70.87967833333339
153.73,215.21135000000007
89.66,103.89134999999993
61.24,78.16954000000003
194.81,230.06239999999994
104.03,112.51180000000001
116.45,121.12679999999999
55.61,70.3494
121.59,114.4114000000001
76.61,83.06070000000008
332.14,378.24510000000004
202.31,211.26469999999986
212.16,189.39615809523798
23.19,23.484000000000037
231.27,222.0400504758975
75.07,87.73164880952378
100.34,108.28468599557283
93.17,134.54702999999998
328.14,270.8655549999998
195.12,197.83420000000012
41.17,39.01759880952379
63.27,127.87511035471785
57.69,76.16727103174605
87.64,73.44985956598957
126.19,198.56118750903133
185.26,190.38607500000006
105.32,131.06933047619034
82.69,86.51549237429225
332.46,327.0476000000003
74.07,96.61808507575748
178.8,196.63789999999997
110.56,96.07211666666676
113.23,113.31852000000005
17.61,18.621890000000008
60.6,70.65448864080365
35.86,74.83675386904761
174.78,156.27238333333347
225.21,190.391878333333
99.7,99.59630000000003
72.42,72.42000000000006
202.98,193.54157142857116
45.69,54.032764740259715
267.38,194.2049625396824
177.49,186.73072945950858
192.07,198.13034999999994
599.18,299.4601333333335
32.51,44.89652071428571
139.17,198.19767666666667
79.71,107.69427619047624
129.12,121.38560000000018
166.69,263.2446563400118
151.88,131.27858726190476
168.02,139.1664002380952
131.04,129.29430000000025
276.52,181.23798690476193
113.62,129.57248777777792
165.18,167.44820000000018
185.59,226.8071500000002
24.78,44.180967619047586
42.29,59.01742095238095
186.5,209.4590985225146
81.76,117.10719999999999
91.79,97.49090000000005
105.28,114.74879774344657
53.38,99.16973758297262
25.0,26.151313492063487
111.02,107.26006095855266
307.27,387.08346666666665
227.93,226.01072833333336
37.75,52.061227507215015
150.56,137.97440833333323
671.25,597.572
93.37,88.79016666666658
110.13,111.66819999999986
144.15,144.80259166666661
165.28,157.23128833333348
67.08,51.98961666666665
251.74,226.2043000000002
115.07,125.77348333333327
309.01,160.1170200000001
156.46,139.16323428571403
60.01,73.93793510389611
209.11,244.58890000000022
43.0,40.87975987845489
216.5,230.30578333333327
52.16,234.26740000000026
83.75,127.04261642857132
86.15,78.38540236432813
57.29,57.00354999999997
413.58,413.580000000001
177.44,290.0102
64.17,64.17000000000006
289.98,192.2391010789211
164.1,212.36731000000032
16.44,60.55671484406992
56.69,57.726599999999905
121.28,198.53655952380956
13.17,80.43939316558439
63.23,89.99999999999994
104.76,114.31966499999992
103.6,114.7275333333333
48.0,79.33077619047619
133.21,133.8903599999997
22.45,11.961799999999975
27.05,20.13728642857143
72.1,89.00553857142867
54.0,168.50785714285718
47.68,49.15684
127.92,127.92330000000005
56.78,63.077752702076225
58.18,74.39095499999999
125.97,169.1579874242424
124.32,188.5422333333334
437.69,442.4714999999999
125.5,145.58970000000005
548.28,450.5636
94.4,78.7185063492064
196.95,141.65920000000008
108.6,185.85130084415587
149.4,160.64193999999992
47.09,50.69622792929295
45.74,67.57898333333331
41.09,73.0054095238096
604.84,593.4755999999985
90.88,116.86156051658261
63.78,36.89964166666665
238.0,263.2928000000002
108.31,147.54431333333332
131.35,158.02904999999993
167.41,167.47980000000004
64.43,125.34640000000005
408.12,309.59529999999967
55.62,55.630899999999926
28.04,231.22177500000024
45.62,45.82359999999998
60.65,86.75654999999999
108.44,120.8214062500001
71.84,86.15438190476196
38.1,44.63965714285717
114.84,141.13545454545462
116.23,126.94050000000004
65.76,130.26056507936508
58.17,58.916700000000056
211.28,218.16492833333322
38.23,42.31039999999999
269.3,876.2054999999993
152.71,152.2639714285712
20.0,84.01677656704558
352.98,352.96029999999985
6.69,22.928099999999986
505.88,646.3195999999998
93.92,89.48024277777776
138.73,138.72999999999968
100.47,124.04259999999998
128.19,132.37898333333322
186.39,197.41167666666647
62.16,65.08005384615377
145.11,151.85845714285725
35.0,34.11946666666667
31.66,50.99551682539684
83.56,47.69480000000003
53.0,53.0
65.46,70.29482499999996
52.59,70.78457595238095
92.45,104.04881455038759
115.45,117.08362500000008
714.35,595.0078180952378
45.09,71.09801500000005
93.1,113.66831111111107
62.43,101.72010952380955
41.22,25.407646666666675
191.67,202.68948666666677
37.34,40.24001000000005
192.56,352.3465773058314
131.84,88.14325621933624
99.33,103.80384999999991
166.29,226.02074411255424
153.39,172.98699999999997
118.9,119.02399999999977
37.94,49.66613333333332
95.91,135.5439916666667
202.68,193.9814035714287
77.29,129.24512379870131
54.0,105.50153333333323
102.05,142.44929999999988
85.08,42.78289999999999
105.99,109.4012819047619
96.16,106.74111785714274
164.42,172.69071121212124
314.21,427.6027233982682
14.29,40.207
31.75,37.280557142857134
67.5,110.46769948131892
192.56,352.3465773058314
300.32,580.6821058849365
116.94,81.8693106349206
97.83,65.19181303030301
74.12,76.72561999999995
57.73,78.86008333333334
60.85,60.85000000000007
60.05,40.134588690476214
78.7,73.12932000000002
500.0,519.2902333333328
71.78,84.47829999999995
137.35,143.84160000000017
172.13,175.9639999999998
216.8,192.35696999999985
454.76,337.5743033333331
45.39,56.37893785968927
83.22,99.20659333333332
278.43,382.6648000000003
198.02,215.26322380952365
63.41,82.19059999999989
47.62,49.349858333333295
68.31,45.572204107142845
25.0,93.85893586940838
20.7,29.390494444444457
259.99,619.1585590476193
396.2,396.40229999999997
135.59,157.17083333333332
122.5,130.6517411214928
30.0,7.524530952380954
65.11,77.32853404761906
154.32,151.50829999999982
428.49,468.3055000000002
138.28,110.07450000000006
57.1,110.66430000000005
355.58,206.53185000000005
786.5,246.24572536599243
475.04,421.5613142857148
33.61,39.11458333333334
84.8,63.988733333333286
99.68,124.75890000000001
45.21,74.74020000000002
23.68,24.84401238095237
112.91,112.9985
317.07,423.5784999999997
61.53,79.9784521432493
309.54,235.95524000000015
40.22,48.39637861111111
57.29,99.98571894598157
54.5,60.45217000000002
33.23,33.23000000000001
91.7,77.80569999999993
63.1,62.87592857142866
157.0,95.81249999999993
30.23,31.62501877705629
209.57,200.6480999999998
32.38,33.8124583333334
285.89,205.00790000000018
1653.6,1653.4762000000032
93.82,92.98676249999993
45.22,71.33443761904755
93.78,97.26742
271.66,199.68370000000007
120.51,68.45665102813854
162.96,116.24713644133648
144.99,152.44789999999983
136.86,64.94348082736278
233.05,281.6967
83.9,133.0100411111111
40.09,39.58887529761905
103.14,88.72060534610495
214.38,174.34144533333307
107.22,87.60843166666668
57.29,129.44748164573002
68.72,85.0747116666666
189.53,132.14319904761908
221.88,240.66945785714285
72.64,92.59018666666671
14.68,109.62675999999998
53.76,52.21113333333337
1.85,12.61626686507936
182.84,180.92710000000014
382.14,456.809242857143
107.81,118.26027391304356
115.36,115.69672500000007
513.14,298.1668666666667
57.69,69.00511666666657
307.22,210.33927738095258
51.12,54.88991666666662
84.23,95.9778023809522
49.32,80.38832714285715
372.84,364.28159999999974
111.33,122.4095000000002
74.97,84.13953020923516
187.16,177.87872238095224
58.3,64.62841727272733
69.9,82.78147000000004
205.68,177.0164133333335
37.46,37.44102000000003
104.12,61.52889023199022
45.22,55.201074242424255
78.55,97.92180666666665
46.86,66.54900000000002
81.86,93.82009999999993
106.72,107.03740000000009
42.5,42.413986715506724
70.53,78.43538396825396
1266.94,1295.1913999999986
23.77,27.471031666666658
111.02,107.26006095855266
181.07,227.79505
33.28,35.02400000000005
142.44,149.51094285714288
119.25,147.05554043117593
0.34,5.007165692640694
47.72,61.008801666666685
97.6,61.78764416666667
217.29,128.64354000135754
63.35,70.89249999999998
300.0,563.8649999999997
62.05,87.5361
86.25,144.1222247619048
114.09,114.24129999999992
21.71,39.67242000000003
161.34,144.01756333333327
46.01,46.58100727272736
297.1,307.5895999999998
745.51,822.2430251241567
115.2,177.3926
159.3,244.99668096153835
42.77,42.7751
66.79,72.76580833333331
5.84,10.951975702517291
84.85,88.05388000000002
170.53,216.57418818181833
50.0,785.7192602813851
52.29,78.86936194083701
111.99,127.61984999999993
244.26,131.78066000000007
97.52,100.39740000000018
93.54,127.5840166666667
125.43,129.83110000000008
100.38,64.66633444444442
54.01,99.86876010101018
20.0,45.39194166666665
167.72,174.8692
62.7,80.39133448412699
170.13,1005.1283666666657
63.97,74.33325000000005
64.34,64.74566666666674
74.28,90.40141428571431
1658.81,1642.5889000000006
38.56,47.90108749999999
155.73,155.72999999999968
459.64,463.9022999999998
50.1,51.48083333333336
129.48,128.88035
500.75,478.6011739285717
117.14,145.39716666666672
31.38,46.343490461760474
80.0,109.24904999999995
49.3,56.96630000000002
106.97,107.95383611096571
232.7,174.85087791666683
119.27,70.1935600000001
162.7,163.75710000000024
36.95,54.31095402097903
47.18,56.818633333333366
66.07,66.06999999999992
160.51,161.98840000000013
66.6,66.32360000000008
116.06,116.07519999999995
76.29,38.44717666666666
76.65,83.75697023683638
44.95,46.82549999999993
50.09,63.98191666666668
198.91,204.27309999999997
53.6,39.10181428571426
60.86,30.312319523809535
90.98,113.59988333333338
28.29,29.328149999999972
322.96,558.5144276190468
46.01,30.407453809523837
142.98,163.74821666666674
483.51,323.64985
59.24,114.23565329670326
138.29,153.05550000000002
70.14,70.15100000000012
101.95,208.63941666666665
126.24,165.71432666666672
76.22,150.17410000000012
46.2,45.76809999999996
352.55,352.5499999999998
121.44,102.87131666666664
99.14,146.45467
253.14,281.47705
147.02,21.05702380952381
34.0,41.788744444444454
264.06,181.55269107142857
165.0,155.22110000000004
39.01,39.662966666666755
198.64,255.62652666666654
82.0,83.75697023683638
175.48,194.66391333333334
101.64,101.67220000000002
111.8,115.49919999999987
151.99,197.6159990476191
418.73,162.4862556410256
298.39,297.38888571428595
71.27,124.68613667332671
37.33,44.99562069597071
207.49,211.09763377455883
471.33,131.85345806001888
254.83,504.58060000000114
189.33,102.7205076923077
40.1,20.025451587301585
524.78,1551.5018000000023
100.35,115.45391856060607
36.75,36.7594
69.56,68.4430250000001
187.25,282.539
2.81,39.234228333333334
39.09,39.09000000000005
194.48,194.47999999999968
310.08,146.15628888888892
34.69,43.860764285714296
122.35,142.2266822222224
200.45,200.59760000000017
171.06,198.51060000000004
183.56,152.01619999999997
128.17,129.66240000000008
132.46,99.32996333333324
57.8,57.8000000000001
749.64,735.3705999999995
84.26,112.4986999999999
206.93,206.56670000000022
98.88,117.41029999999999
159.13,171.28783333333334
96.89,111.52349166666656
1024.2,999.7546999999983
59.0,59.4005
61.52,93.58279912878788
64.34,79.73574583333343
160.53,220.13125856630086
225.31,221.10600705128195
97.67,95.91009999999994
152.61,159.09459999999996
67.95,92.67374999999997
45.64,103.22357
34.93,40.571500858585885
4.18,53.625426577022345
63.22,143.88660000000007
118.62,73.23445250000003
40.27,41.80904666666666
16.7,7.925584649214962
111.91,109.86458888888879
45.91,58.53989999999999
193.14,248.4197999999998
68.89,68.88770869565228
366.12,358.8960000000001
122.66,71.69637499999995
31.0,34.40093333333335
53.48,78.5332223809524
40.95,45.02503333333328
397.7,369.8408000000001
85.54,42.96557500000001
192.44,101.11496380952377
68.89,68.89000000000011
37.16,123.28983333333343
136.47,140.07649676767676
3.6,18.169014885771166
163.81,163.81999999999982
441.72,441.72000000000065
137.99,142.1115999999998
279.38,303.3264999999999
229.24,236.5508333333333
40.0,40.219904444444445
113.43,119.99510000000011
233.94,111.9298251334776
132.9,158.19975499999998
38.13,38.25915000000006
298.32,213.57000000000008
51.79,54.993673333333355
106.97,102.5633833333334
213.74,242.31863476190495
143.86,120.08940000000005
75.08,162.41720833333332
41.92,72.76131249999995
103.85,113.33190000000002
173.0,193.10727500000004
32.69,37.00037309523812
147.15,147.14999999999975
63.61,113.52160835724737
190.2,145.26425611111117
91.7,37.35889999999998
68.89,73.42109999999997
126.07,132.73395000000014
125.07,183.76960000000005
161.88,185.1050000000002
63.37,91.62593000000003
266.68,115.49549273111853
29.27,47.021562142857164
233.4,205.77950000000007
61.94,54.14624999999995
36.58,71.90961333333334
48.09,54.005115165631466
3018.6,3018.6000000000004
145.08,134.78633333333335
165.05,73.13380999999998
19.68,55.80527142857146
44.42,44.41730000000004
87.54,168.1349666666668
87.72,87.67510000000004
139.7,75.92051000000014
123.75,174.87810018541833
706.84,365.464268333333
47.68,47.98489999999998
8.46,7.693656051030153
114.73,114.73199999999972
96.02,96.02000000000024
116.74,129.9057266666665
99.9,129.45644109389906
54.76,50.51553333333342
69.64,103.0445833333333
72.14,82.23991999999994
51.5,51.5
38.14,51.322710000000015
43.09,43.09000000000006
225.12,233.95627000000022
376.7,385.96335000000016
183.4,189.18269999999995
183.53,318.98547500000006
171.94,84.05469928571434
246.29,176.21306
185.44,302.5945555555556
156.22,202.82140595238099
146.85,155.68451000000013
21.04,21.039999999999978
247.9,272.7066833333332
60.75,64.56070000000005
57.68,57.68000000000003
679.68,621.9510600000002
125.8,125.82439999999983
57.72,56.680408653846165
106.9,106.2443999999998
234.39,157.11555952380965
1869.8,1832.796800000001
92.3,101.89767777777773
102.93,106.48624000000014
29.32,68.07126666666663
178.34,151.87410000000008
633.7,604.9338061111104
93.18,79.61212071428577
168.2,168.2000000000003
33.35,47.63331952380955
66.63,69.57715333333341
162.8,330.8776132794982
142.61,185.4869195938376
139.12,149.92637348484845
196.34,380.4119250000004
53.82,55.52140000000003
148.71,150.4791000000001
62.54,32.77619999999999
148.15,152.548796153846
237.54,237.59410000000054
25.0,33.67540714285714
38.23,47.82881166666666
299.39,368.91909999999984
143.06,143.14129999999992
187.44,174.78998750000002
159.75,161.4938500000001
139.36,89.66410000000002
309.5,309.205
55.28,59.874724999999984
43.13,51.91583333333336
38.38,38.40620000000008
67.6,67.60000000000011
67.98,4.040785551809299
76.21,75.92380000000001
74.67,78.43011250000002
66.67,115.49549273111853
116.36,122.22820572649583
7.08,247.0373000000003
118.71,118.59119999999977
92.55,135.45751688034179
40.77,41.949546510336056
128.96,128.0325999999997
1369.63,1003.1652133333331
79.93,256.65075335775333
98.69,105.60454999999995
175.05,130.62489999999997
79.5,82.89811666666668
56.01,67.58596464285726
113.6,124.74181190476195
253.84,175.91773085692083
64.59,70.77138571428576
56.69,80.41607756410257
96.42,78.79301666666672
125.38,140.95813499999997
486.02,342.93329642857157
139.27,140.21160000000026
56.18,38.77874386973181
65.0,63.940412191697206
122.35,189.03307833333344
30.84,28.350437500000012
89.57,102.46414190476183
77.69,78.144225
84.13,120.56629999999997
236.79,188.90205000000026
64.11,129.3385163059161
197.58,260.4665000000004
193.5,253.90941249999997
128.2,103.12518215377246
32.46,41.752020833333326
68.95,67.78006666666664
63.59,85.53902060606062
126.15,126.10000000000008
155.14,125.01264010334224
864.72,625.3858200000003
231.62,259.0827500000001
39.09,69.25686750000006
72.78,74.74979999999996
104.13,100.10293333333328
17.69,33.10527146825399
211.85,212.01949999999982
222.02,198.50175714285734
75.08,71.08731672494167
197.97,285.83346666666677
62.74,88.96599284992786
118.58,211.12300000000008
259.12,193.10707142857143
415.62,442.59460000000007
199.4,159.09578333333312
135.38,114.43369999999996
234.64,232.28962380952385
169.23,195.3463685714284
42.09,47.208065746763566
32.38,32.380000000000074
51.85,55.18407051282056
312.11,375.01367119047626
167.48,180.93664666666663
148.24,190.8673066666667
248.71,244.07999999999984
46.85,53.922766666666675
278.66,284.3598000000003
166.78,221.3961333333335
109.28,140.60096666666678
122.1,217.10676904761917
166.68,244.0204522707477
243.16,236.96246666666676
127.08,135.39216666666672
1082.66,1082.6544000000013
173.49,180.47715000000014
91.26,142.71799999999988
152.58,114.18639499999999
140.29,140.27000000000032
31.51,117.20168336696193
31.42,32.18670000000006
72.42,72.42000000000006
379.5,186.46789999999993
139.03,141.66483102564098
3209.72,3124.947846666668
96.7,112.44243761904761
37.56,79.12689625000002
161.46,162.30053999999978
138.6,138.60000000000025
95.23,113.33224166666665
90.8,113.55591201298692
87.36,93.36124999999994
60.07,184.88374380952385
60.23,67.49567409090912
49.23,59.04482857142857
115.35,139.24575666666647
79.29,224.9584950000002
112.39,130.83960015151513
288.66,290.70780000000013
103.16,153.24080698051944
327.8,328.71699999999987
192.56,352.3465773058314
220.04,118.44669999999977
267.51,280.15574999999956
282.41,302.8780833333333
28.29,34.39673833333334
618.6,618.4006999999992
68.32,73.80710666666664
134.09,139.26460000000006
96.79,102.70384999999996
92.68,146.87669999999991
30.0,38.19556666666666
88.48,82.87689999999984
44.61,51.306632692307694
2.05,12.0
126.23,255.04459999999943
30.0,44.59568428571431
136.8,143.10002333333333
111.42,121.63226428571431
247.36,164.51648571428584
31.99,32.19503999999995
218.04,238.30957499999985
99.2,153.49979958672216
66.01,87.49678000000003
49.44,52.59750749999993
76.02,76.00180000000019
196.03,656.6107666666662
34.0,60.00918857142857
619.9,568.344243333333
99.9,129.45644109389906
348.07,338.38040903540883
435.93,146.22857500000015
32.26,54.248608333333394
26.77,27.844323809523793
156.85,190.80416666666662
32.68,130.51299084526585
25.75,25.960444444444448
63.93,118.95357492063481
61.72,87.27888000000002
25.78,26.344837500000004
32.77,36.764233333333344
190.83,145.7996669047619
39.0,39.13710928571428
141.55,151.98199999999986
184.95,204.33378750000014
74.12,76.72561999999995
166.56,234.24055000000007
68.96,72.5295337908497
23.71,48.71586250000002
96.26,208.95295714285734
34.35,42.70374809523813
23.5,124.94038069222452
5.37,28.193845790043287
95.31,96.51604999999996
25.0,25.202277028527064
266.92,250.90491428571434
260.64,253.70137666666676
124.35,71.84228500000009
138.72,155.87398524142512
97.98,134.7734
19.18,38.72398666666667
55.6,55.31310248066143
177.69,266.43455
106.29,104.85819333333342
132.64,145.26299999999983
97.51,97.99181333333345
102.03,108.05798514376802
153.99,153.7224666666666
35.04,46.45541303030304
190.6,117.40846547619044
63.29,95.55779393939392
116.96,116.9658999999998
118.0,85.01836666666668
271.24,226.50170000000028
163.53,137.94880763320015
215.56,147.65304660617156
620.15,620.6375999999999
228.62,198.9417382939282
64.0,66.8351484848485
125.18,106.83149627379161
129.24,129.23400121212123
19.89,30.05870071428571
110.13,111.85486666666652
63.57,166.45883175324684
60.0,77.8612954739432
423.98,500.3103461538464
2315.83,2300.188366666666
45.49,45.5078999999999
186.9,205.40063666666666
1255.71,999.4921833333339
86.31,89.63143404761904
693.06,695.1603
170.3,85.1724455570745
236.04,227.55040000000048
82.55,92.21304411764706
238.44,236.36960833333313
324.63,406.84434999999974
81.89,103.20183614080361
214.71,294.14031999999963
132.05,154.9272
22.36,30.131265281385268
163.17,166.6813833333334
730.08,752.6942000000004
116.85,120.44508000000005
163.3,178.3245333333333
85.8,85.8000000000001
30.41,30.82690000000002
115.15,115.1590999999998
150.69,200.59807999999992
307.3,268.8949399999996
617.69,618.7772000000008
77.82,176.14405402597384
92.28,97.04230000000001
83.62,105.04503333333346
85.33,85.92286666666672
17.78,24.55127833333333
112.62,168.8689666666668
211.01,363.58700000000005
111.37,103.62715833333331
146.5,164.74464999999998
25.23,26.55068000000003
126.57,84.35182499999999
44.52,57.119941666666676
56.09,57.045033333333386
23.72,56.3323
23.19,22.941913333333346
117.85,123.19036666666683
221.21,213.87290999999996
535.03,568.3899133333337
317.64,246.02272499999984
647.0,665.6849800000008
169.8,190.33191666666676
57.75,57.853633333333356
97.99,110.0197999999999
1692.59,1553.1767000000002
31.69,41.898714285714306
315.75,327.3552799999998
136.3,135.55724999999978
155.14,164.43863235943047
27.51,27.516400000000054
374.1,207.55496262626275
55.19,97.01236150793652
136.75,146.44886666666665
800.11,803.3579999999997
42.27,58.75852221361966
117.94,172.95552579365082
92.8,92.80000000000001
49.0,52.45527845238097
160.5,160.5
79.37,85.77792499999994
749.44,644.0137600000008
244.67,408.57659999999987
67.0,132.929475
194.91,195.9621599999999
115.35,137.47916214285718
133.76,133.7600000000002
155.86,160.49776666666654
37.34,44.55928999999999
145.96,131.69210999999984
69.54,146.40651666666673
183.95,185.68910000000025
201.4,174.46052629629622
900.36,902.8068000000006
57.0,56.64546
77.44,81.3604166666666
72.79,81.70399965367965
77.86,117.27515833333331
97.21,162.80119000000002
162.48,177.1589444444443
54.79,25.654208430735906
96.02,96.02000000000024
110.58,362.40926928571423
21.95,25.746299999999987
34.85,101.21939999999994
25.0,27.49986409090906
61.85,74.291325
318.82,231.09277785714283
72.56,94.64717333333341
66.08,56.6948344444444
237.08,242.56864999999974
91.23,91.22999999999976
387.64,347.9159999999996
342.65,269.7021999999998
71.88,94.23271166666667
77.32,101.01332000000001
200.13,217.94086190476187
46.75,55.2610869047619
107.78,142.69575563492074
76.89,80.04360000000008
124.28,132.65090000000015
11.31,15.098494999999996
192.66,167.20642499999997
135.15,131.65198547619028
726.84,708.5824999999984
54.7,27.84670000000001
182.17,204.81410000000002
328.82,270.5811744047617
525.09,377.7735333333335
214.83,213.2031000000001
138.03,133.01363946701468
77.64,100.14887166666664
134.49,162.51924571428563
37.09,37.238983333333366
103.55,129.08945694444438
59.14,133.02985833333315
398.42,392.5161666666666
44.35,60.9193
1371.88,1355.1662000000015
79.99,101.4174
89.0,131.28384999999992
75.08,160.7988416666665
77.89,100.61103571428578
74.49,84.04352499999999
107.78,134.36139802669553
123.69,147.4905666666668
461.99,462.5874999999999
62.84,51.26609203728465
266.5,225.15728333333328
70.53,117.3532
111.99,129.07613440476192
57.56,85.90174571428568
173.27,167.11970240495495
27.39,27.393700000000003
44.09,58.753556666666675
128.42,156.8684333333334
21.43,21.430000000000014
96.95,106.35796666666674
20.13,40.48872333333334
363.2,217.79499999999996
60.36,76.62478571428574
181.69,202.44399999999987
96.8,99.63659999999999
167.36,112.95063809523819
73.63,136.64170000000016
54.69,37.830750000000045
89.21,94.88699999999992
4.51,68.2329233333333
357.9,295.69830555555546
322.56,335.85958499999987
89.38,113.12182499999999
31.77,31.029637385299495
68.72,78.21415714285718
139.1,140.5133888888889
37.63,53.75897333333331
61.22,100.29598714285714
147.0,147.14419999999996
51.22,83.00337897637083
213.94,194.9141611722265
138.28,215.34095833333336
206.4,197.02690000000007
226.36,164.90318333333337
149.01,155.36315000000002
17.57,31.031393385780856
102.23,115.51658769841269
188.91,299.52123000000006
166.11,227.7260835606061
96.71,105.22329999999991
87.32,82.3319853702655
65.22,52.403401666666674
49.01,54.82460000000004
131.57,178.031775
37.13,50.986816269841285
26.77,27.100749999999994
153.96,167.7497193184593
133.06,273.7859511111112
347.36,281.8824314188999
179.51,195.57357499999995
326.6,88.50259999999999
72.65,76.13271199999994
43.0,43.442
80.56,88.34020833333335
149.14,149.47049999999987
31.96,34.52368571428569
150.3,175.69716931818178
82.98,122.70178664022899
214.03,333.32131522366524
65.0,64.9558
143.22,117.45459888888882
86.78,124.42510000000004
155.05,156.13409999999982
143.49,143.4899999999998
111.48,101.38126833333313
144.94,144.8133000000001
1007.36,939.5192544444446
44.1,57.02979666666669
51.72,90.085096547619
41.05,71.61080000000004
17.29,18.016600000000018
86.14,115.2733533333334
281.96,300.26209999999975
65.0,65.0
98.21,153.67520833333333
15.63,40.87975987845489
79.2,78.10787499999988
112.84,68.09651000000002
62.22,64.12040000000003
348.73,348.31050000000033
159.68,161.36520000000007
127.86,124.14141857142869
67.44,69.20877142857131
199.8,129.45644109389906
37.23,42.5989
120.77,121.73585833333345
156.84,99.8644009523809
55.92,79.03345
15.48,15.881143374257418
56.31,442.9667956060607
116.8,179.71827833333344
201.13,208.84930166666658
111.6,111.5983000000002
75.25,133.872503277972
89.36,95.00626309523807
117.46,103.02066666666657
230.63,126.64145999999988
190.82,200.0935999999998
133.85,158.9623
40.23,38.94120000000004
55.0,54.979099999999995
240.13,241.26327142857141
93.95,98.91903333333333
60.75,79.6676
287.0,256.4698608585859
115.45,136.5978333333336
348.18,457.2663
143.02,147.25953333333328
103.46,113.16062499999987
78.1,90.05189999999997
39.15,44.27030000000001
55.6,55.96890000000005
74.05,79.98241592665585
101.46,106.55059999999999
303.68,345.2317
100.48,101.34070000000008
60.0,82.3416734140664
140.0,110.71003589743592
226.72,263.2782999999998
85.99,103.161275
143.96,149.84914999999995
143.84,185.93854571428565
79.97,114.37922666666664
102.63,120.90751000000004
124.99,141.00028055555538
220.86,213.07920000000027
55.05,183.53924458874474
173.23,174.98769999999976
35.0,36.726250952380965
112.25,112.25
158.2,136.21420000000012
377.7,225.79823333333337
46.78,49.38136000000002
254.16,252.26951333333326
421.12,397.64530000000013
275.06,220.84395970779224
128.26,158.40534907886234
68.84,70.53593000000001
865.78,804.7792642857141
148.13,154.15413333333322
32.38,32.380000000000074
107.44,88.02519999999991
196.49,210.29190000000017
68.54,84.17011666666667
29.41,31.520841666666648
76.24,85.36482999999997
108.74,78.23723999999993
71.82,78.33331666666658
130.91,173.4712766666667
63.9,65.92772101449268
54.73,58.980324999999965
189.42,148.80332833333327
89.27,96.30580000000023
142.7,142.6663000000002
143.12,143.89160000000027
1961.0,2162.097349999999
123.54,204.45301000000018
167.07,169.87284999999986
690.0,673.3111875
96.53,148.95710000000005
49.28,25.83755454545455
1347.96,1397.1719000000005
154.47,160.3410600000001
63.49,64.97523333333332
125.23,125.2299999999997
283.92,197.69861666666654
92.57,95.48369999999989
5.14,5.289495476190475
64.11,78.85871666666667
1205.79,1100.9397999999983
226.25,216.98061333333345
242.03,244.81569999999985
99.34,167.5112547619049
193.11,191.92223299242417
35.82,26.02154929971989
63.72,89.25715000000002
134.61,142.12245000000007
95.51,128.51565551587305
85.12,82.31139999999992
3041.73,3043.7364999999945
74.07,80.03052619047608
78.1,104.1079575
24.98,38.972300000000075
95.52,83.30760000000016
69.82,182.65721666666627
94.4,155.37946666666664
79.95,99.5310730532212
53.42,50.58203780847808
168.74,170.34740000000005
92.76,95.89990000000014
77.57,128.49826210518762
329.3,366.7054
298.3,250.66009999999963
79.14,115.41185285714286
213.75,222.8475249999999
131.94,81.942293487395
150.34,109.37047942640687
107.39,49.17920000000007
56.6,56.26075432392262
175.6,125.94179583333334
501.08,465.1857447619043
267.9,267.05310000000003
53.22,55.953337499999996
316.35,120.44865603129297
169.64,169.6399999999998
156.33,156.32999999999996
91.33,153.56280999999998
0.58,89.69231714285712
22.29,22.289999999999978
37.12,38.295500000000025
47.43,72.98566666666663
108.01,109.57300000000014
175.77,175.66830000000016
388.25,409.4205
571.73,424.0118915961815
112.24,111.95419999999987
104.28,128.7321985714285
238.02,237.46973599999998
649.86,651.7017999999993
80.11,118.89656666666659
286.25,754.0909999999994
58.55,106.65600707070709
88.26,89.29150000000008
75.2,107.76806666666664
187.04,134.28002987013
238.44,269.21955000000025
63.6,74.28697638342051
65.94,79.18746272727272
205.54,166.69005000000016
128.65,128.74989999999988
322.58,406.14427666666654
373.3,408.6095999999998
55.0,68.49090000000002
112.02,112.02000000000027
76.11,81.38805000000004
244.1,245.11334000000016
166.54,180.47911333333334
96.42,68.68330499999998
215.7,217.4070545454547
21.11,16.79790000000001
125.52,125.04200000000024
125.08,91.37127000000002
52.4,134.31068333333332
100.0,99.74667142857139
65.0,67.91509999999998
102.28,85.41339495670996
24.42,29.11909999999999
186.85,186.85000000000002
402.34,376.82090000000005
271.24,151.10686990953508
84.9,97.90864499999996
41.13,45.16433809523807
142.31,154.28245000000004
39.78,118.66520833333325
35.09,40.35243333333332
153.26,122.38155714285723
175.5,873.3543
405.54,398.8158000000006
113.48,138.35509603174606
63.53,66.46799999999998
146.02,157.75463333333343
88.46,54.24107436507932
73.05,78.44890000000012
120.19,153.8670007731694
117.42,225.9168114285714
175.77,196.56898571428593
101.7,101.56880000000005
55.85,50.37256666666667
48.0,73.67285
48.29,79.80305833333333
138.74,173.3884277455743
96.26,114.85863333333327
496.44,537.7670407142859
385.67,394.6085999999995
114.33,114.32999999999994
356.06,196.99279166666673
198.51,245.91489999999976
83.24,104.30639999999983
150.89,162.76216666666653
297.02,294.06240000000037
374.15,374.0806333333338
43.13,124.93679999999988
89.45,93.6306833333333
174.96,230.85590000000005
194.24,197.7562666666668
57.07,100.14322666666656
40.78,41.4021333333334
184.94,196.7660333333334
14.7,60.55671484406992
861.76,882.0183000000003
192.28,194.87070000000006
54.01,55.46270000000005
230.9,230.3527000000002
34.0,33.9784
159.6,120.33940000000004
255.49,299.7732333333333
82.73,94.37655762443256
412.73,410.9065000000002
116.85,116.8500000000002
142.54,218.80709999999962
47.74,39.95281666666662
211.28,179.31520000000012
220.02,99.41987256251826
39.24,35.93480499999993
100.0,141.43816601731606
378.83,361.08913333333345
32.69,31.65277222222223
383.83,406.2622200000002
86.58,51.46318666666664
111.8,115.49919999999987
313.61,370.94523333333336
91.29,199.18601999999981
66.53,75.74925000000002
102.64,114.25536666666667
94.51,371.1219214285721
105.41,170.2435033333334
79.8,120.33940000000004
79.56,107.690135
275.56,297.2867500000003
107.8,96.26581266708607
96.44,139.29264571428567
88.06,87.7457023809524
30.13,31.004549999999966
82.33,136.45969692763853
278.52,195.30068666666673
95.5,93.30012
75.1,78.61014727272733
82.06,141.26589000000016
144.54,148.00998181818207
103.55,136.1700186904762
149.36,217.0019909848484
59.16,67.30315000000003
131.76,65.8800000000001
61.75,98.774275
86.95,121.39100000000002
197.29,228.35915238095274
133.95,85.20935913419912
635.91,589.2566278571423
76.05,76.05000000000013
5.4,73.742137521645
44.37,46.83119999999992
78.96,70.15755
698.1,590.7530962301583
155.01,181.05129999999986
73.34,78.12120501907017
29.56,35.041456862745086
1224.04,1269.0397
78.77,103.19612000000005
196.38,199.93421428571418
68.33,68.26359999999994
37.37,41.854014022556406
31.34,36.33818571428576
296.1,466.7853428571423
153.22,159.86248499999994
141.69,109.05822857142846
175.87,190.11530000000013
60.02,55.6217700000001
0.73,18.169014885771166
22.47,46.153109567099584
276.74,228.32512208791235
219.46,128.24869999999976
187.34,213.5307371428571
196.8,199.20060000000012
55.41,76.68230000000003
25.5,25.7216
92.5,92.5
65.51,65.487
158.93,185.66300833333347
72.75,88.26220535714286
278.1,275.1370999999996
65.22,62.2494604965623
135.64,169.49326618295095
168.86,170.2162
64.1,103.67693333333342
194.63,219.54939999999996
351.96,354.8303999999996
136.34,127.68246174603176
69.58,120.24945999999996
98.79,105.60658333333333
21.26,22.79391220057719
89.16,125.67274684210503
15.26,20.13728642857143
65.62,95.36402619047617
1423.21,1416.3904499999992
45.09,50.440108333333384
107.78,169.40217069597054
590.9,574.544691666667
86.73,87.54132857142838
106.74,71.42741249999992
87.86,95.77509154761907
230.11,233.19641705055815
187.19,238.79199999999994
198.86,157.04972666666671
59.4,86.8998935869565
267.25,175.83159
27.68,27.734999999999985
110.2,90.9016083333334
52.5,154.85278773448775
182.91,182.90999999999988
571.16,671.0279000000004
43.52,59.518675238095256
96.22,142.37921809523806
89.39,103.90858317460314
69.13,97.30235742063496
30.0,69.04885000000003
271.18,300.7753000000002
88.72,142.2522655051861
777.0,851.906108333334
0.58,35.73616666666667
136.97,139.77219999999994
242.56,132.51463999999999
112.73,107.51639999999999
65.47,88.02798611111113
75.07,133.48215904761898
40.96,41.25620000000003
238.79,249.90645000000032
164.39,296.05619166666656
195.23,210.81670000000005
23.69,31.555718809523796
36.09,39.02064261904763
48.79,97.50889999999988
86.74,86.62769999999986
313.58,320.15508333333344
147.15,140.67703650793658
41.01,51.294348333333325
86.02,100.50731998120304
772.5,248.82682500000007
28.95,46.849869642857136
128.31,129.0343365384615
327.17,160.64590019841285
37.77,43.56440913049369
67.5,105.45515648349101
165.53,167.48011904761927
62.01,62.01000000000015
102.74,109.56586476190478
55.09,58.056950506372374
24.86,25.119399999999988
112.62,168.8689666666668
412.76,482.92179999999973
66.31,75.67560000000013
314.84,353.98941999999994
289.86,235.47781534021524
179.34,136.82613999999995
49.09,69.8782012121212
685.41,619.9891916666666
331.02,351.6673999999998
494.66,509.0496999999996
71.14,71.637001239202
176.23,176.23549999999966
121.36,121.4750950000001
30.84,32.88811964285717
64.1,89.5881500000001
95.44,82.80071698412692
135.41,133.08921666666666
630.06,577.8173999999995
62.9,76.35496455627707
51.56,51.558700000000044
167.29,159.48712841269855
43.28,73.34407500000003
111.21,110.43709999999982
271.92,273.57790007659014
131.05,45.046842857142856
66.23,158.22987999999972
59.34,67.01952500000009
347.37,347.98990000000003
125.42,198.81857111111103
48.32,52.67384000000005
79.44,88.16820979797973
107.2,101.99870000000004
142.89,156.19624999999985
252.08,371.4828199999998
114.09,132.9464250000001
90.6,122.60849833333322
45.62,46.125899999999916
171.34,171.36610000000005
186.54,173.1573000000004
222.86,289.5469878540904
22.77,28.164273333333316
45.0,54.918642857142885
31.79,45.7856
157.67,238.57332666666662
103.35,84.10939583333337
25.29,30.385266666666677
606.95,438.65899999999965
123.89,242.43584333333325
623.34,623.8400999999991
159.08,167.74810000000002
77.57,164.43863235943047
36.69,47.196546540126526
213.56,393.2639666666666
582.32,579.06425
559.23,533.4927000000008
69.85,86.24035833333333
846.72,811.4422000000008
10.45,46.37762138930515
72.07,92.93754999999999
67.62,69.10811666666665
195.12,197.83420000000012
404.17,410.47029999999927
54.0,59.22322500000001
317.9,318.7585
741.33,675.3720000000011
109.48,108.94396666666667
57.8,57.8000000000001
77.89,75.53843333333336
248.85,200.62054233127986
73.28,117.8676333333335
434.66,469.1852199999994
21.89,22.389400000000034
70.9,88.65494499999998
110.44,58.28955833333339
115.35,116.64558722222229
931.8,838.6322000000014
147.02,187.36971499999996
66.01,75.5606475641026
185.29,142.4391500000001
597.79,368.6808000000003
50.68,59.93858000000004
256.09,199.6351692474949
50.18,100.66220000000001
50.0,68.53379999999999
146.84,166.9576
98.65,125.03011785714274
72.37,76.84859999999998
368.82,326.7134
236.71,260.08243333333337
85.15,110.69551083333337
907.86,973.6114999999995
150.74,194.51139999999995
108.96,97.97539999999994
140.06,114.82810000000003
24.6,55.33140261904762
3.02,37.38077777777772
663.24,659.0851999999991
499.4,234.52215
45.0,48.43326727272729
51.84,68.33058643976143
114.47,105.27449166666665
53.43,33.09450000000006
116.99,64.81389583333333
93.91,93.09723333333328
89.28,98.36526250000003
376.4,340.87350000000055
140.3,111.02764999999992
36.69,43.21916233915853
115.8,108.10816500000008
102.69,106.93244000000006
113.35,228.77333997114013
184.43,186.5212666666668
217.06,226.14510000000013
64.1,145.34210205627716
96.55,180.87498000000008
92.67,124.45685333333333
188.4,188.3199
75.08,76.32629642857138
191.58,194.30657285714287
87.85,198.65549999999996
838.97,831.1227000000008
43.54,28.784016389863986
149.54,168.65290000000022
77.22,78.20245000000004
149.01,150.51129999999998
43.17,36.77075583333333
38.09,41.21565570175443
553.88,418.0850999999997
67.36,95.43628952380958
48.04,64.49719999999996
88.26,113.27675
1351.94,1406.3535200000003
139.16,205.00842500000007
103.5,85.86272666666669
219.58,132.15159789682548
211.41,239.1693999999999
405.24,170.57908858652064
75.7,101.625901733701
77.57,136.44097749867188
125.52,174.97183504329004
39.06,50.42781249999997
355.29,148.69059999999996
98.62,92.15702000000002
114.44,115.98892619047625
132.39,135.37595999999988
35.7,39.3957090909091
1506.68,1198.6466999999975
66.17,110.47675940476194
92.57,110.9553899999999
36.78,50.02640801545908
135.72,158.25013333333334
44.47,50.56639999999997
159.03,158.7364000000002
68.22,67.46307500000003
32.77,32.77619999999999
235.64,236.89562333333328
110.0,120.61877916650205
25.75,25.960444444444448
71.8,76.7383
490.36,494.6399999999999
74.58,105.09640428571421
136.6,118.96144546176052
280.09,351.25927058823544
80.63,79.94440000000007
47.69,47.68999999999997
84.19,84.79530000000004
1005.84,973.8916999999979
74.77,74.2858600000002
234.47,326.0087381818184
287.53,66.96081256778311
126.03,192.58049999999994
379.46,268.95309999999995
370.23,452.20369999999957
64.76,35.749575809537575
91.96,109.84303333333334
162.24,162.2390999999998
131.47,129.14709999999994
50.6,72.29339999999999
2338.48,2268.7443999999978
54.29,55.11656636363639
73.43,84.14734703962704
60.2,40.50976666666665
178.47,180.582
77.57,110.6771060451192
36.13,35.58580592463095
142.73,416.81680000000006
145.56,139.37417619047608
63.14,99.94013249999995
63.93,118.95357492063481
82.98,122.70178664022899
25.77,25.724749642857134
41.54,316.0748000000002
336.6,309.2272999999995
329.8,370.0895999999998
171.0,179.10462000000007
192.75,192.59600000000003
1042.68,986.0481799999983
160.51,160.5100000000002
347.52,139.51028675324673
99.56,56.81737000000002
78.28,53.43460000000001
108.0,100.42560000000002
68.79,71.16050714285711
144.63,139.8085249999999
86.1,74.62155000000008
54.05,93.50479999999999
42.31,45.62578624098121
174.2,174.55860000000015
38.09,41.21565570175443
124.88,80.21395942501937
249.7,251.83270000000027
19.53,22.84792357142856
67.5,105.45515648349101
63.09,71.1791375
185.18,243.43340000000026
30.09,35.19093333333336
51.59,65.66052878787877
64.88,72.33640000000004
192.84,205.8217
1949.52,1884.4298999999976
284.9,284.9000000000005
211.86,189.13690000000028
107.27,195.72829083333377
64.1,75.91707142857143
416.44,176.7747400000001
299.68,138.88490000000007
160.79,196.01695000000007
32.0,72.22907311100228
214.54,162.45106412698436
59.1,93.30861071428575
68.8,71.59782952380957
79.24,97.12600000000003
82.73,87.58039236568746
85.81,81.86820508967867
45.22,50.632263074148085
40.95,49.92999999999998
79.51,82.90199999999987
1079.98,1093.1526
42.78,48.42761944444446
77.7,79.1936999999999
186.83,253.57735565217382
435.96,217.37820999999985
37.94,49.66613333333332
230.65,223.28040000000018
116.79,148.3914433333334
232.72,110.1191000000001
136.56,141.6122999999999
198.68,328.35018000000025
120.22,88.90377467678563
107.78,109.01029943932286
223.44,173.9232666666667
25.53,115.64592000000006
109.32,111.79849999999989
4.11,18.169014885771166
261.38,249.3016983333333
25.42,37.50155000000001
46.37,62.62536666666664
50.53,103.87730000000005
124.01,156.1305742327367
108.36,132.88304939393942
57.64,64.09339500000007
43.98,43.97999999999998
42.38,53.11326641025643
112.08,112.07999999999994
98.19,141.38269999999997
180.26,182.06899999999993
296.61,298.1032333333335
114.79,114.82880000000023
32.33,58.886548264790775
112.49,126.23609999999988
140.2,96.95932049589295
10.81,49.019978600288596
87.64,90.90222467532472
56.23,51.83570666666664
118.88,121.4632666666665
92.66,93.61976500000003
200.7,166.1787833333335
167.39,250.04115496031739
231.67,355.60867202380905
42.78,131.9126542857143
88.29,106.44167888888886
452.41,268.86197500000014
23.65,65.75443073593074
53.96,52.45379047619049
159.1,184.50839999999997
353.76,336.65964545454574
342.17,371.7146999999997
77.57,128.49826210518762
90.85,90.81180000000016
202.85,67.11318333333337
188.94,188.93999999999997
157.07,180.562975
62.41,84.62553666666669
146.68,123.45879319453852
67.5,110.46769948131892
142.41,141.0041999999999
48.75,66.6737211538462
116.94,117.025
14.76,154.4436199999999
80.6,80.56140000000016
123.01,166.3340333333333
836.67,764.8320649999996
104.86,115.31411714285717
271.35,288.0987000000004
65.79,50.36114996031744
150.46,184.29962190476198
35.14,37.18999999999999
719.76,706.0831000000004
63.1,57.102627483137795
121.09,122.25970000000011
105.06,191.54650999999998
140.3,188.2214083333334
145.88,101.8835266666667
97.19,104.65579999999999
189.42,176.29759499999992
42.09,55.92834657097292
48.15,54.01689999999997
94.12,122.88530000000004
95.34,103.26010434955651
219.45,88.87452418567968
106.16,189.7189220779219
96.56,115.90753666666666
49.42,68.94484823522347
60.86,73.04739333333339
193.99,207.37113333333332
507.82,508.06460000000044
192.81,205.29370000000003
304.22,181.6170633333334
69.57,102.44959173160176
329.26,183.31105529359516
44.59,48.1681714285715
109.07,162.9566533333333
47.79,49.45409999999999
93.97,112.04453512487517
50.93,54.70441666666668
23.46,43.97097261904762
315.24,311.2910000000006
50.01,51.60630000000008
99.9,129.45644109389906
103.86,103.88069999999999
35.09,35.090000000000046
87.73,87.72909999999978
88.28,91.891
48.17,75.7192571428572
134.94,142.00905000000006
166.5,166.93260000000006
145.68,128.84742000000014
335.18,309.2276833333336
216.82,271.02039999999977
29.29,30.71143333333331
66.15,93.9427339862915
81.34,45.0142763095238
103.15,102.53486
146.68,108.55581857240627
42.5,44.33928
74.29,86.25719999999994
459.69,460.2293000000001
27.68,30.727074999999967
29.2,53.807625000000016
20.6,26.370449999999995
51.3,33.37265516483515
49.56,43.27057
138.4,135.15209999999976
72.75,88.26220535714286
85.81,81.86820508967867
48.76,71.84152
54.0,37.11600000000001
229.14,203.62928666666645
2.31,38.604999999999976
12.36,111.21475211538458
37.72,39.811099999999925
51.46,75.26467142857145
24.1,30.384989999999984
140.32,227.57769904761892
35.18,37.53331666666663
306.23,330.4745000000002
33.72,72.32698692307696
186.54,192.32910000000032
107.46,114.16288458818964
182.32,121.93037087598668
208.71,272.7364075000001
105.97,153.23265809523792
52.71,57.78205
262.86,265.73740333333336
81.34,45.0142763095238
37.77,98.58698966450218
54.75,73.16358482456141
70.53,117.3532
85.14,98.15461400928793
171.75,180.78549999999998
87.11,127.17862420634926
36.38,38.245440000000016
87.23,102.77379999999985
169.5,175.73797777777781
64.11,77.67480342105262
306.1,316.93069999999966
55.1,78.17866998954996
131.56,129.3689204545454
121.6,122.46837500000001
469.78,421.5621666666666
102.0,90.38576666666664
68.45,80.94419380619378
76.17,81.77565000000003
37.09,25.110669523809552
46.39,48.56790000000001
79.33,79.32999999999994
302.64,348.0718999999997
302.1,191.11201428571414
670.47,669.9142999999997
29.75,34.258429502927
152.44,150.17410000000012
2.3,54.23667533711771
1225.65,1225.6499999999978
27.98,48.3344583333333
148.15,147.30539999999976
236.04,227.55040000000048
73.34,99.32322469943719
67.92,75.95396999999997
34.0,39.09980000000001
93.81,119.59520000000002
101.35,109.82680500000008
156.89,117.74785000000018
78.2,111.93733333333337
117.74,121.81359999999991
150.98,149.18742999999972
135.17,129.72604166666665
47.38,56.77962523809524
146.92,150.66195000000005
46.78,53.09084047619049
285.64,347.6673
153.7,155.43700000000007
83.79,87.21534999999999
36.43,7.119556666666666
292.94,515.0545500000001
2075.48,282.9291500000001
160.51,160.5100000000002
4.9,49.005875
56.01,50.28968166666672
1030.44,1005.4483000000001
335.47,335.4700000000004
94.1,109.36353777777778
85.9,2009.96625
83.41,58.624930714285654
128.72,129.59757499999984
104.56,105.47770000000006
61.11,121.3009022222222
147.07,175.84924333333325
70.49,71.09999166666654
155.62,157.5804800000002
624.24,506.7106999999997
83.23,130.88240444444438
88.3,72.97683333333336
75.58,55.49463333333334
210.04,140.88545000000005
137.99,201.635563968254
173.35,131.10771666666673
138.12,189.97796146825397
90.84,155.68093999999994
55.0,56.10799999999999
8.65,70.11760000000002
157.45,195.39270000000008
161.1,134.02407500000015
90.73,90.7118999999998
71.92,74.26291666666661
73.4,65.95441999999998
77.51,80.0012827777777
99.9,129.45644109389906
96.26,114.85863333333327
379.09,414.0716333333335
783.0,783.0
811.7,805.6173999999997
127.92,118.20398000000003
66.33,93.34266060606058
216.31,327.65557678571406
76.62,51.47863873015874
203.67,86.92402396825393
12.82,54.6569150696636
30.0,43.59627833333334
162.06,165.51469999999983
56.4,56.889999999999944
76.66,136.8674356142731
20.0,20.866478174603188
264.16,262.56073333333325
206.97,204.59233000000003
25.84,29.093150000000005
47.68,47.76463333333329
175.41,184.52536499999994
47.84,51.77761333333333
93.29,129.71137386724396
1337.19,1209.2121000000013
290.65,100.23752000000002
108.21,150.1172333333334
194.5,273.20085
62.25,65.2674
290.15,286.62440285714325
38.37,77.3564999999999
76.66,106.59711951349298
90.36,82.21389583333324
706.71,406.5195333333331
123.69,136.44368555555562
100.0,98.03230714285715
146.02,174.29051333333345
69.41,72.39061560606055
287.21,300.81049999999965
106.78,71.09311333333338
958.84,719.8034709523807
76.97,94.31466666666667
95.37,95.37060000000002
125.29,127.78205857142862
113.42,121.15790000000001
263.1,281.35069999999973
117.07,141.94200631868122
128.1,129.3949166666669
187.55,389.2821583333334
96.82,76.9736521428571
314.84,318.1083566666667
43.98,64.58980000000001
351.54,181.3553000000002
268.2,255.61026666666706
45.27,61.704293589743564
86.18,117.48302928571424
199.42,200.14140000000026
67.13,71.03055000000006
75.53,75.52943333333327
85.08,93.17202285714282
65.67,74.14095499999999
86.44,90.39259999999992
83.73,88.83819999999986
44.47,136.85964999999996
45.7,116.29689145027658
175.77,175.77000000000032
53.1,61.65220380952383
67.5,72.0877646031746
94.31,141.74179999999984
98.81,104.35026675324676
192.83,233.31435999999988
53.75,57.17289999999997
85.81,81.86820508967867
161.04,85.099296944624
44.67,162.80558333333332
140.33,119.3457868181818
224.48,300.90386
48.27,48.27000000000005
27.64,68.56926
246.29,176.21306
126.68,104.71906199095037
96.66,83.44581333333326
183.29,199.5306428571429
51.75,95.10528857142856
213.9,131.9126542857143
105.84,119.76020000000004
60.35,71.9498166666667
102.37,105.994888888889
193.37,209.47695999999993
58.53,88.00208
100.41,129.26911333333337
54.43,64.2346475
622.51,617.5714000000006
41.62,41.74359999999992
583.63,479.5965999999998
358.5,358.5
87.7,77.8987618390804
125.22,125.68509999999993
51.85,56.33485833333333
188.74,203.22316666666654
214.14,208.76159999999973
73.66,77.3883533333333
53.96,57.34128333333336
116.45,116.08115119047612
71.79,63.56482000000003
366.08,364.67280000000056
263.76,272.0460500000001
67.5,110.46769948131892
78.7,77.97779999999987
275.56,290.75572000000017
3018.6,3018.6000000000004
125.41,212.52559166666654
432.24,349.5477257142861
64.0,64.0
191.68,191.68000000000018
70.89,138.33377915228573
148.79,171.41614999999993
64.37,74.86184142857141
202.06,161.70049999999995
107.1,124.36774999999996
139.53,229.39875999999995
79.39,114.9375
69.45,72.8503133333333
56.88,56.42167500000004
363.09,375.0540000000003
138.24,139.02759999999984
134.2,134.20830000000015
89.02,74.16447733766249
63.98,76.35072499999993
93.64,100.39669999999998
2.35,147.64498380952375
345.15,324.0756216666663
297.14,318.67916666666605
42.27,67.08375333333335
89.36,92.25469833333332
30.13,46.26581063492066
98.37,100.43584166666673
426.39,511.4423999999999
210.81,211.83904000000007
156.98,70.64576468253969
28.01,31.073061239038758
88.45,91.05267428571429
155.14,128.49826210518762
179.0,197.0236678571429
88.06,141.46086404761903
82.84,137.6800183333333
61.32,77.14825818181812
195.0,194.1433
37.38,37.38080000000008
376.4,354.9859500000005
56.94,49.76814299006549
46.19,49.01734
57.51,59.33300000000012
206.57,212.81679595959577
6.09,8.424925
127.74,123.08829999999989
74.16,75.78350999999994
834.1,3826.548819999997
24.79,168.5211642857143
157.41,247.73645000000005
62.1,63.226425000000056
54.0,57.21428207161193
157.31,171.79447777777773
141.4,149.75089999999994
47.8,45.93370490196083
47.81,47.81000000000002
121.68,38.74417692328914
184.02,239.40005166666666
90.99,96.11172333333317
189.56,189.56000000000003
75.37,84.4262
99.46,113.02329999999996
44.02,45.58750000000003
57.04,75.30170801587303
291.33,237.11213333333336
117.53,140.34866499999998
65.71,60.12414339193449
99.89,231.07942464285722
43.1,49.74764671801745
89.36,106.22559927849932
57.55,104.65435940183184
114.64,100.80989999999996
15.04,14.580016666666655
171.86,154.85680000000025
92.35,138.86109607142853
205.29,168.1195164790767
1866.7,1851.2345000000018
853.39,1391.9225999999987
188.65,197.3694446428572
43.0,42.63178
57.63,78.39252999999997
105.38,105.8460065512905
292.38,290.57199999999983
726.06,640.8993333333325
65.53,67.43335095959597
36.35,40.50088509438099
315.74,326.72219999999976
507.17,508.9127000000001
89.01,91.0979509920635
39.24,45.6071666666666
27.98,34.004948643578636
98.97,100.78489999999996
85.14,96.74931315789472
28.4,18.173229999999982
210.04,140.88545000000005
191.68,191.68000000000018
147.15,86.26786617756508
68.89,74.52533187654954
62.79,81.77411000000005
168.2,215.1796000000003
124.12,123.4651000000002
78.2,150.11749999999978
370.57,217.64272666666653
196.25,200.28471777777781
77.57,77.44740999999989
128.73,135.5847999999999
131.18,126.64568333333332
19.0,73.04435000000001
117.36,145.09887380952372
64.0,20.647997411730426
468.81,468.7877999999998
82.43,82.70603478260877
70.12,123.02347
72.48,106.99687428571426
92.57,93.8915599999999
149.86,149.8096000000002
138.48,118.44909999999976
498.2,483.2294999999994
71.15,122.25213777777782
707.16,602.9311000000007
110.55,111.70719999999997
1.4,80.43939316558439
54.0,76.54493333333333
118.17,118.15241159951157
89.1,127.9106833333334
78.29,119.54069999999996
57.29,58.407594166666655
204.76,252.3849500000001
1246.97,1190.8751000000009
95.22,138.1941922627372
101.73,94.53218638815802
48.22,48.21399999999996
67.43,67.0206573246607
175.13,233.8858324275725
485.94,481.4575000000004
47.62,49.353066666666585
168.82,175.95430000000016
147.25,155.60049999999998
22.75,36.04720265151514
220.79,229.93163333333368
44.61,47.93579999999999
96.66,225.28046666666665
63.35,91.01325833333327
40.79,49.03090416666671
280.72,265.15706716117217
134.58,116.11009999999999
72.77,90.68166666666666
30.0,32.50551130952381
306.12,334.88029999999975
2.6,7.925584649214962
263.1,462.7132853571428
83.76,82.31116571428582
251.16,233.13983333333323
368.28,369.1312999999999
80.35,80.84105000000014
86.09,96.85707214285704
63.54,31.029637385299495
134.23,133.43962500000006
31.32,193.04100000000014
48.54,78.21813333333331
345.51,238.93959166666667
45.78,45.78000000000006
141.03,138.9543309523809
105.83,175.79280462962964
137.17,126.55503333333347
97.32,98.20232499999987
54.42,55.62837277777782
243.57,171.21039999999994
137.04,133.9840000000003
83.7,96.11060844155847
44.09,45.902100000000054
14.7,20.86914428571429
296.51,425.90334999999976
52.59,103.01470000000013
221.13,222.33870000000013
279.72,144.2677000000001
14.13,27.016466666666712
53.55,93.60317500000005
36.22,55.57766666666663
29.24,35.82420333333329
117.79,115.89060000000009
36.69,43.21916233915853
171.44,174.12910000000002
32.38,32.380000000000074
1021.48,508.42397333333304
121.88,133.80069999999992
35.0,33.40337722217431
36.13,29.60075833333331
143.48,143.3989999999999
232.54,353.65775722222236
178.46,178.33459999999965
220.97,208.65059333333312
63.28,68.8692486631016
62.91,63.21731388888884
222.55,216.0067999999996
119.76,123.0001500000001
77.11,105.94711531746037
159.06,168.54639999999992
71.72,68.45058499999999
63.42,79.94593423076924
272.82,309.99254722222236
106.16,189.7189220779219
159.06,119.96959500000003
45.69,45.31818102175601
37.01,40.82763076923081
161.17,161.07580000000004
37.77,43.56440913049369
45.36,26.088391666666652
51.69,52.28992500000001
158.3,158.2999999999997
36.35,40.50088509438099
158.48,128.6963366666667
715.28,623.4728999999993
102.44,72.68987333333335
135.72,155.71389999999977
29.63,30.395047702741703
144.71,159.2860499999999
135.0,147.49640000000002
27.71,28.63850000000001
91.45,93.62699821428572
113.85,147.73167551282046
185.94,188.71700000000004
242.56,137.53631666666666
22.78,83.94264200910207
61.88,63.40205000000006
31.68,36.08086544251735
62.78,62.905559999999966
27.77,30.97728194444443
143.68,128.57329523809543
99.03,130.05753333333325
103.55,139.92035152946733
19.33,19.291799999999977
119.79,131.9475284126985
158.52,117.69773428571438
94.63,96.32439999999997
73.4,90.59434285714275
140.54,145.52956666666682
218.93,222.86309999999983
73.34,73.92715000000008
686.1,687.5405999999994
72.33,81.30457318681314
39.79,35.635098571428564
113.72,124.58810000000001
88.75,68.13236999999998
774.03,741.6972833333338
221.52,87.62831666666669
305.68,306.2861000000001
92.35,103.7453617857144
157.77,208.9465202380951
78.22,99.65846984126989
143.15,153.73155
109.35,123.00468614886739
35.13,39.92456428571431
137.73,251.83350000000013
56.23,49.822055238095224
57.77,60.22787111111118
73.15,73.75105500000001
92.97,115.9649405844156
107.02,112.92150000000007
186.42,134.16424285714288
165.22,164.37638333333337
3.18,25.72023333333335
96.09,135.17360999999994
76.88,82.01421666666675
163.24,163.2399999999998
351.22,801.4351153838346
35.13,37.39851153846157
31.75,32.204355
192.84,184.7131000000001
40.0,69.10119096645178
307.26,428.61880000000025
22.36,30.131265281385268
162.55,146.72246666666672
106.87,110.26320000000007
314.43,469.8477791017319
347.84,280.56474000000014
129.37,128.65870000000012
151.55,157.2165333333331
396.05,264.18294999999983
160.74,94.6195245238095
3.21,41.03121000000003
83.57,56.10746583333335
1500.19,1421.4469266666665
56.6,56.26075432392262
311.1,309.35937499999943
141.46,158.06554999999992
185.63,217.21912727272726
51.33,53.89071666666669
169.21,365.6125333333335
60.6,96.88460000000003
378.93,352.1232880952383
313.0,314.72945999999996
117.69,161.69853456141638
427.93,155.34317666666658
57.51,64.9907574873738
142.13,239.07227500000005
44.09,44.09000000000006
129.01,238.91657757936525
203.16,175.39581999999987
155.14,164.43863235943047
147.15,146.08739999999977
142.54,142.4035000000003
51.04,52.07419999999996
182.45,261.26093928571424
50.26,56.07325000000001
138.96,138.95999999999967
278.47,314.7279999999999
87.9,59.716399999999965
178.27,178.27000000000032
80.51,302.4173666666666
166.06,187.4856416666667
47.79,49.02264999999995
282.52,280.7240000000001
108.22,74.618245
172.09,190.03024230769228
99.11,283.8534700000002
38.9,20.93882095238097
253.35,275.15025666666685
132.05,132.0499999999998
122.48,132.8782166666666
94.85,92.86960000000016
90.69,113.46066476190481
40.85,45.21906206556632
29.29,30.71143333333331
156.16,177.4994499999999
77.57,164.43863235943047
68.42,74.12744999999998
20.25,20.380000000000052
233.55,239.81809999999973
122.92,125.88102666666671
99.9,129.45644109389906
185.22,108.81191666666669
746.96,729.3702999999998
190.18,109.62675999999998
90.23,107.87845399159666
33.51,33.57165000000008
44.35,60.9193
32.33,40.231192694805195
237.59,238.99287500000008
106.93,117.62520000000009
38.79,65.89859999999997
58.62,58.63444015567766
346.96,292.5174284523808
127.01,154.84484630952394
111.62,111.58810000000015
526.11,524.8901999999991
66.69,68.79722499999995
186.1,186.10000000000002
64.18,95.51279047619052
75.53,88.442
77.64,321.1715166666664
84.16,126.59990031746024
153.58,173.65905000000004
226.9,236.85698000000025
68.62,126.57426666666666
117.93,119.63639000000003
74.07,75.1463999999999
756.63,723.7464571428573
214.69,237.07560000000004
430.75,308.9584701243203
187.59,106.08591428571428
27.35,27.84670000000001
265.98,266.33120000000014
47.19,49.70119999999994
49.03,50.06080000000003
63.87,61.502124999999936
91.21,81.27852501789877
233.83,230.2066600000001
124.8,63.83153722222224
0.01,166.2853249999998
366.18,377.2397
212.86,169.0002759523811
244.41,253.7750000000003
62.78,78.40928806411854
47.52,53.310858333333364
87.32,90.02072499999998
31.05,37.028277142857156
50.45,53.39249999999995
256.66,276.25291
157.85,105.35401388888886
160.22,102.12123666666666
75.53,100.22023414438509
508.02,357.3281299999997
30.78,90.20220000000009
56.6,47.54398775946276
171.34,171.36610000000005
152.09,156.35919166666673
27.38,27.46563333333339
319.34,84.08832500000005
84.14,88.44832000000008
22.34,286.3166666666669
142.44,156.56929999999994
79.81,155.1287804761904
146.46,180.52915405094905
34.3,36.42131666666672
165.94,171.21924095238094
33.0,47.993200000000016
157.79,156.52270000000027
375.13,370.59450000000004
61.01,80.35553663003661
123.52,607.3510146557524
285.63,221.36765
178.59,189.03610000000003
103.27,101.86412444444443
95.54,70.09089880952382
41.88,39.436847272727285
387.68,366.577181818182
160.87,166.83803333333344
975.92,1017.4420000000002
68.12,68.12999999999991
138.16,155.1662999999999
12.35,41.83425499999999
340.03,367.45316666666645
128.63,266.02602634032655
81.47,44.77000000000007
85.37,88.33403166666662
54.6,58.42415000000002
107.93,114.60612023809523
123.5,98.774275
151.05,153.27062499999977
105.74,109.82245462184875
161.4,106.68725079365073
97.56,93.4757666666667
161.02,91.94045333333322
170.02,177.5291533333333
51.04,86.02942809164692
575.69,576.9783499999998
76.08,143.8731999999999
1058.78,1277.9083999999996
63.11,63.103599999999915
64.59,61.54121190476194
67.11,112.52979428571423
335.18,309.2276833333336
45.19,47.69539999999999
117.46,200.59113999999965
322.8,338.1735066666665
54.09,90.89703333333343
81.88,85.57789607843142
72.24,89.64729357142856
176.3,195.842
247.7,151.74082341269846
136.7,102.06973452380952
33.3,18.12365000000001
167.34,138.37384523809527
137.6,143.62358474310727
68.12,68.12999999999991
347.58,411.67190000000016
157.45,156.76445952380973
291.72,98.65479999999997
94.21,120.1440876190475
47.29,52.04209999999999
165.04,173.7245799999999
46.69,68.6786766666667
160.58,139.45193333333333
126.47,217.28946250000007
30.0,30.377333333333336
134.64,149.31475000000003
115.23,73.21113075396825
122.25,115.62299999999999
40.95,42.76649999999992
67.59,89.97888333333334
98.15,103.59324000000007
52.92,52.94890000000006
149.16,135.42892666666665
48.54,65.37073333333336
204.38,215.85420000000013
26.25,130.88240444444438
109.22,140.06525999999982
77.86,120.53238333333329
138.53,151.62089999999998
769.96,769.7176000000001
105.44,81.84234999999991
240.58,239.79310000000044
116.66,124.2861499999999
137.18,151.67541853479844
79.98,79.97999999999979
266.83,257.6992999999999
177.39,180.25240000000014
229.18,181.1940000000002
167.51,167.52150000000012
131.03,132.15471761904774
68.92,83.810425952381
325.92,332.1754999999997
106.54,110.7172284632036
198.34,206.40170000000006
74.29,86.25719999999994
199.21,227.03639999999993
193.14,248.4197999999998
1122.86,177.9673000000001
448.39,447.9337999999996
51.64,57.21820000000005
91.18,130.34908242100096
173.31,179.66879999999995
483.43,495.3152999999999
133.38,166.2506104761906
68.7,91.41893011904762
53.5,66.04692714285714
113.76,113.66230000000016
208.55,212.13938333333326
405.35,434.29420000000005
43.0,42.63178
197.35,203.59238333333326
189.84,192.81751464646473
657.0,691.8054999999999
155.01,337.7554000000002
49.5,37.37795
87.94,87.93999999999986
107.46,76.34748928571427
84.76,96.02195785714292
214.69,154.46445
40.31,109.28756000000014
129.56,331.2705166666669
125.78,139.0186380952382
108.64,103.34461999999999
544.41,562.2889999999996
197.87,199.07533333333356
35.09,71.40914035947719
335.31,394.52440000000007
142.54,155.6580833333334
186.86,284.5830999999999
55.11,79.87571595238087
124.34,155.3125483333333
171.13,269.15910976190446
67.36,123.07800835164835
220.86,213.07920000000027
435.36,428.0983000000004
163.7,183.17783666666676
75.07,78.17623333333327
568.51,542.9423566666666
574.54,497.1496000000004
47.8,49.32370000000005
136.5,137.9027
136.16,197.1754
533.32,357.45560000000006
1014.48,971.399675
61.64,122.13355878643102
27.75,32.41395412582867
136.38,180.02080999999998
174.35,187.92344047619048
175.28,106.75263333333326
69.65,74.47075499999995
469.13,697.9350333333325
123.24,290.11720083333324
254.22,205.86463714285722
631.71,704.2307
147.16,95.06954476190472
157.35,169.38368634615378
322.2,436.2113750000005
283.62,290.9437
16.31,5.007165692640694
57.29,58.407594166666655
42.27,58.75852221361966
55.24,104.65072271901917
82.52,104.70467999999997
17.78,16.01980512265512
67.29,79.83425000000003
48.3,49.791200000000075
333.36,244.0204522707477
71.7,72.88019999999989
50.0,502.34184155844173
101.15,113.24699186310279
727.1,723.7160499999998
60.1,76.04764761904768
170.38,169.98535
114.29,114.18084285714292
193.84,188.56227561938493
19.8,32.135324553942795
35.13,38.48548333333336
73.9,114.53293571428576
179.03,195.60620504164388
64.85,82.5344
58.75,78.21444204545458
79.56,90.31113010521291
35.2,43.42388571428567
128.88,128.87999999999977
64.0,108.22519238095248
188.51,188.33442720779212
130.45,129.03290000000018
52.69,50.40470000000001
167.55,190.37227166666665
46.2,46.21019999999992
52.08,34.99870999999998
59.78,62.46303333333338
138.5,138.5
94.43,108.29051176470594
138.9,140.2363999999999
66.64,75.11089333333331
19.74,50.38172305361311
154.36,118.28859000000007
179.44,255.95414436507926
111.61,112.07864285714294
64.34,100.32090614718611
170.29,184.12037666666674
57.1,68.61595000000003
131.36,165.16612500000014
45.7,53.40520000000003
86.54,113.0610526839828
197.79,194.92998613553152
59.12,296.79217714285716
102.0,73.959
101.02,108.46101567765561
70.93,70.65930000000009
27.69,28.426492919580436
170.04,203.2637966666667
90.76,90.76000000000016
65.71,65.71000000000002
126.03,176.14219722222234
144.89,152.80859166666653
40.95,42.851600000000005
584.84,555.1816999999987
107.98,159.05754333333337
249.67,236.30300000000005
180.37,113.37789999999983
40.01,33.475942026592705
136.93,138.1624000000002
153.52,88.95546887445889
102.8,145.10023
68.23,87.0894333333333
48.0,61.20242857142856
69.92,61.2025666666667
66.18,63.08750000000006
28.75,34.70109694489116
84.0,131.54282499999997
378.04,371.1219214285721
288.06,237.95152500000017
38.09,41.21565570175443
117.04,56.06353333333328
57.99,57.98999999999987
65.71,71.00160000000002
61.06,63.99359166666665
95.72,101.07552179487182
319.11,293.0848376980386
93.62,147.38494047619062
110.16,146.48048666666665
87.99,84.90590694862152
551.15,541.4452666666674
60.26,34.817566714151255
208.56,213.8738400000001
78.38,314.5298
59.14,65.31429642857147
95.48,88.77882803418794
148.0,79.79820000000005
26.94,10.951975702517291
61.08,79.52823333333339
41.84,55.71787866300367
252.38,198.15850790701953
105.2,107.41516666666674
54.34,74.00594166666666
119.82,147.53961999999999
49.0,78.12289333333334
90.61,111.83739166666663
2027.16,2453.3897499999994
569.16,579.7542000000011
148.18,152.82569999999996
25.09,42.21265158730157
55.22,56.040825000000005
89.88,111.01689055346213
65.0,65.0
57.06,64.68980000000002
90.63,90.64479999999996
466.12,463.69303333333374
55.01,71.11625000000005
334.98,172.40705333333324
65.71,58.154036116909346
157.92,173.25852539682538
93.91,93.8813999999999
40.27,41.05259999999999
287.12,396.67659999999995
54.36,71.53127601545509
152.88,158.3075500000003
137.6,143.62358474310727
263.65,330.946325
822.06,981.7256000000002
84.14,91.77890000000004
88.72,331.7440516017316
197.7,195.1416666666669
58.28,61.76653999999999
125.99,123.91494666666665
61.8,45.80965238095237
1200.0,801.4351153838346
392.56,343.4588000000004
437.19,419.7203
176.2,206.01760000000004
56.18,64.22048083333337
37.75,42.77182039473685
249.84,197.56480000000025
860.95,949.4481999999994
137.16,142.11430000000001
266.5,141.58584285714286
425.24,756.6940000000005
132.08,178.91420978869283
181.51,203.38644999999994
171.36,224.85769999999974
70.06,203.2044000000002
415.0,365.76915000000025
87.43,110.31974545454543
161.25,168.25871047619032
117.04,142.74334999999996
471.6,398.4824333333334
34.84,45.73651666666666
75.0,156.49053333333325
116.79,120.55920238095241
568.48,563.4376000000002
52.93,52.98453125000001
189.09,199.39601160016454
67.87,97.73112499999998
92.64,77.16376666666675
94.5,107.82114545454547
1425.56,1413.8837599999993
54.62,34.76218269230768
135.51,140.1977515151515
137.08,141.8827005494505
145.14,145.7963499999999
126.33,138.53186190476185
80.47,22.171472443112435
27.36,19.025199999999998
171.77,175.96985523809522
195.0,195.0
10.7,39.30954166666666
82.9,96.48429999999993
35.09,29.80637500000003
46.2,46.83319999999993
318.97,382.94844999999964
290.54,373.13689
452.72,395.9871466666671
107.38,134.04118880952382
27.19,26.884700000000038
72.17,78.33886666666679
38.87,138.13795999999985
32.94,36.55860547619047
147.8,150.02640000000014
92.18,105.59561232323243
42.09,54.23667533711771
329.87,405.05339999999995
123.22,119.08860000000011
183.05,198.2637133333332
144.06,143.51903142857142
74.4,90.64015512820511
155.2,168.38610000000025
63.6,74.28697638342051
40.48,163.37091499999977
82.75,104.38551428571432
144.54,147.04803333333328
130.21,131.48016666666646
27.17,35.16590416666667
27.77,27.769999999999985
56.6,37.613618711288716
106.53,115.22544893550898
54.22,54.200300000000055
145.28,109.96029428571427
94.9,122.85479785714283
275.91,275.9790000000001
182.55,138.62562857142842
74.0,79.3574333333333
128.35,129.70063333333354
79.56,84.54002500000013
39.09,67.7634589435938
176.2,178.6651000000003
96.6,86.01589000000013
49.77,56.74386523809526
91.99,99.57998333333322
59.87,74.66656224081474
186.47,230.8661047619047
190.89,213.6614999999999
643.33,1339.6777999999995
92.62,110.14149999999987
60.68,68.80436637362635
57.9,56.07533749999997
90.88,119.32733844597541
100.0,118.97953809523796
63.72,41.11131642857142
64.0,64.72943333333333
64.66,59.66902350371849
50.0,414.84520000000043
48.67,49.30949714285715
215.15,219.40355000000002
68.05,69.28540000000011
118.35,183.26433947894395
414.04,455.9604999999997
63.7,46.84322586580083
43.1,49.74764671801745
92.34,104.8968000000001
100.0,127.87169999999996
93.66,137.61100000000005
1995.69,1927.0551749999993
198.66,162.19029999999992
948.35,879.2926999999999
126.43,128.29969523809535
72.66,79.43754999999999
42.77,42.77000000000001
107.29,120.5399594017094
72.21,94.52076000000007
12.27,50.02640801545908
5.32,6.43881883061383
131.44,131.5688000000001
58.38,78.4518666666666
264.24,246.88480000000044
116.0,127.41580000000002
108.58,110.03442999999996
111.32,115.54309999999988
46.72,46.72839999999996
348.18,272.55812000000003
35.38,37.899386666666736
189.37,221.13647327102993
98.56,99.06855000000007
92.8,113.17359999999987
90.57,82.33639999999993
38.21,79.02300000000004
116.24,89.91016298663355
140.01,137.86570000000017
183.03,67.19031852748535
355.05,183.26433947894395
86.76,86.78008030303023
66.38,103.76696666666675
76.98,82.4352833333332
119.48,119.43709999999972
73.54,116.22419444444445
45.62,80.1181056349206
98.68,106.69516500000007
594.69,607.8286666666669
80.23,87.80830000000003
15.43,66.0839849999999
188.5,206.06582083333328
53.19,58.03994999999996
26.6,22.46369999999997
42.48,76.15342500000003
278.0,278.0799
21.31,124.80805666666667
373.3,408.6095999999998
32.38,49.07123414141418
200.82,142.83983142857153
37.09,37.05000000000005
184.06,164.86588137085127
459.01,363.8004744444442
466.81,503.42342666666656
97.89,141.2400083333334
38.42,41.060405407011324
108.21,109.4344999999998
97.23,113.77300499999994
174.65,174.52829999999992
51.2,82.75069545454551
74.3,73.04180000000008
55.1,78.17866998954996
72.43,124.74429202380963
80.89,79.88852500000006
408.76,594.7652277777776
40.09,41.305490909090935
88.7,120.83587886363628
73.07,32.06488333333334
207.33,334.36484999999976
1043.51,1044.9419999999996
106.54,114.78481666666674
169.0,169.0
121.09,121.21983333333337
250.48,258.5585000000002
552.26,557.1311
56.01,44.635923751803745
152.51,152.52040000000014
53.7,55.148433333333266
141.94,84.42217023227028
163.7,172.71450000000016
250.0,2498.9648
30.0,28.99765
213.44,233.41650000000024
92.71,146.1721000000001
50.35,72.85605759752326
254.23,196.02702000000008
167.23,112.40830690476191
233.92,236.9140999999996
20.0,44.27225627705628
123.92,127.6695000000001
122.78,120.1547291666667
227.27,222.35188464778233
37.77,37.805290732758614
161.1,154.25180000000006
96.12,77.2716257142857
358.76,264.1795166666666
82.33,136.45969692763853
438.22,441.16960000000023
183.65,187.30200666666664
117.79,123.31018000000006
342.56,444.4336023809524
55.88,55.918400000000084
122.97,123.77899999999988
367.08,418.5540999999999
310.28,125.01264010334224
44.1,55.90003121212124
1.24,3.763145311732475
1474.76,1236.3785999999982
115.04,119.4236600000002
42.77,42.77000000000001
129.79,159.43246666666673
73.34,78.12120501907017
233.83,289.19289999999984
860.66,815.3688999999996
18.09,233.21079999999975
26.68,52.13614047619048
45.28,46.94999374999998
112.58,63.54675833333327
346.21,467.81245454545467
234.2,445.40089999999907
58.87,44.72364928370994
115.08,137.33219391774892
393.14,385.41055000000017
5.81,73.60491500000006
123.68,109.59070000000008
202.53,136.79573333333323
78.09,78.9238
445.59,1289.4031000000014
89.56,52.775000000000006
55.24,104.65072271901917
227.38,224.46826666666666
193.82,195.02919999999997
896.24,857.3288000000008
53.52,67.84715000000003
136.56,141.6122999999999
106.31,106.31020000000002
329.98,329.9799999999996
313.67,210.52880000000022
39.23,42.0048192094017
100.33,100.2969389722042
318.0,239.44521222222232
194.25,191.64438749999997
71.96,109.60928666666669
135.08,144.7640313106338
195.43,665.1980666666663
100.8,126.06084695819516
302.38,306.43509999999986
195.44,115.10175111111104
298.28,167.51358714285726
85.6,75.99090430076808
192.61,223.92226250000004
193.55,192.00549999999964
80.38,101.6820816666667
75.17,81.39243416666663
242.22,220.66788181818202
62.04,33.877796190476175
25.05,26.515800000000024
256.48,167.47519999999994
22.75,40.839661904761904
80.59,127.81017380952382
162.55,181.29844410540588
215.14,215.1399999999997
41.09,42.14838147058828
86.0,91.50300000000003
844.82,847.4912999999999
65.1,73.03241428571428
66.64,93.43356462076663
120.73,164.29484321428575
17.78,32.29328761904758
218.23,169.7983000000002
76.45,420.4688166666666
185.84,182.85910000000015
259.84,217.64376969696977
105.24,104.01629999999983
391.45,426.9102999999998
60.26,34.817566714151255
62.15,24.98895000000001
81.33,108.72703152597396
125.77,159.14923428571439
58.17,60.68330000000005
366.69,369.06824999999975
1714.02,1553.8917999999996
180.61,180.68539999999996
162.36,177.6699466666667
116.13,143.12458203781517
16.7,8.437307654585267
721.74,766.1529999999999
53.79,56.15543333333329
105.32,149.49606076923078
410.91,504.4813000000003
107.1,117.95624500000002
120.03,138.05834999999993
246.99,136.45969692763853
88.36,104.27984999999997
55.7,69.430625
117.68,205.86463714285722
203.09,185.0402000000001
167.7,166.67436000000015
132.44,144.8108326984127
29.1,38.105333333333284
46.69,80.12140000000001
58.37,63.38102500000004
94.21,101.20727999999988
55.28,53.123373748473774
138.72,148.1441899167498
448.51,444.8270000000001
71.59,86.51060812807886
193.81,193.67799999999997
366.19,366.2078999999999
100.0,169.46729999999977
104.37,145.08894560439558
282.45,273.43160000000046
125.16,251.31542238095258
35.19,49.34934499999996
240.12,247.98606666666674
98.37,98.41530000000006
172.96,202.38290000000018
98.9,101.98839999999984
50.0,50.7800823809524
246.99,159.70239333333328
73.61,79.66144999999989
289.83,257.18381404761914
38.14,41.957860000000004
51.73,54.90509166666662
39.89,57.31045920634919
1658.7,1291.7432499999986
235.28,238.43977333333325
54.93,99.84673571428571
622.42,512.5391999999991
145.2,312.4164000000001
197.8,198.88492857142822
114.06,115.9737
81.09,97.18893333333341
159.62,192.45202083333345
107.73,67.57880000000013
68.43,86.9830003570209
349.7,301.80910000000034
177.21,114.36815111111108
14.3,22.061049999999994
100.05,106.48258
155.36,180.27778333333322
32.02,49.247247995060505
52.62,50.84790000000001
114.69,121.42208857142855
72.65,81.0081416666667
8.0,5.887601824093946
46.34,52.00279999999997
133.75,179.0094781923551
149.73,152.6303999999997
151.78,151.77680000000026
106.72,121.66320555555558
85.85,94.56006666666669
101.63,104.77435872727267
256.5,248.8085
93.19,126.05768333333337
58.3,95.68098333333343
198.48,117.01724071770336
32.33,108.45036250000004
45.62,46.125899999999916
66.64,93.43356462076663
114.77,573.849999999999
100.0,160.6728400000001
265.94,204.2385950000001
475.82,368.9030000000002
80.23,81.90839999999983
165.7,170.73930000000027
103.55,103.67959999999995
55.98,62.55465441176476
60.0,77.8612954739432
68.64,68.64800000000011
101.74,60.98206000000002
61.79,34.96115999999998
37.77,55.83355166666674
128.5,195.3829775324676
584.08,610.0361
195.1,194.3748
152.0,124.09698750000001
0.33,100.2969389722042
3.64,24.901316141981088
123.54,114.69640246309254
55.09,53.04266666666669
68.12,68.12999999999991
158.3,158.2999999999997
74.18,39.01268333333328
98.21,145.61709000000008
55.01,78.15355666666672
79.58,239.42754019480526
310.9,398.9990666666665
111.93,116.84455000000001
186.17,205.996
33.9,39.4145023076923
14.27,32.442687847985354
302.41,629.6885999999994
46.27,83.88727194805199
160.74,156.49694593073576
46.14,65.57312848484854
38.01,47.14449265309726
30.26,32.885390649350654
56.04,55.41769999999997
157.3,108.16311666666665
298.77,337.034661111111
337.38,307.45828333333355
117.01,149.63856476190483
380.72,369.30660000000046
96.56,57.85009999999999
157.74,170.5292999999999
278.01,113.96371031366297
6.57,6.43881883061383
128.21,126.36692499999977
52.26,55.90021111111122
199.07,370.90689999999967
1032.44,851.1766000000005
122.49,161.22621999999998
220.04,220.04000000000053
63.22,78.73384761904757
155.26,217.36633166666658
20.0,33.2439
86.05,86.18453846153854
118.53,147.8825166666668
150.05,160.28881190476187
56.38,48.3955333333334
100.0,173.03874999999982
31.75,32.52116813725491
186.42,214.72335000000007
148.2,133.08726666666675
153.44,202.38508500000003
58.12,43.14976333333331
37.13,38.26060000000005
41.13,54.057319999999976
20.0,21.937850000000036
13.44,42.07737999999999
209.97,251.6957000000002
156.87,190.10240000000002
203.69,204.70577499999993
111.85,130.22110000000012
549.78,530.4948999999992
123.75,166.95693476190473
53.9,77.59240000000005
217.82,117.9240916666667
82.98,122.70178664022899
49.87,49.86519999999992
227.44,244.59604110007308
51.05,83.25312
255.44,257.51939999999985
75.17,86.90510000000002
175.95,217.0847900000001
55.24,104.65072271901917
37.61,41.84692909181281
96.8,99.36669999999997
75.01,84.03160000000017
116.45,122.63990000000007
168.29,166.70025380952416
13.13,26.95401833333332
66.69,68.5137999999999
62.08,81.11157499999997
56.5,57.5527
94.4,78.7185063492064
100.34,108.28468599557283
99.34,183.80824583670844
26.28,36.85028333333332
177.11,175.48940000000016
50.93,74.99197646825401
105.01,109.00113333333337
99.15,125.41668285714286
77.57,128.49826210518762
186.76,99.72649999999994
1482.24,607.3510146557524
92.94,92.58356666666663
107.55,219.28256946969694
174.64,142.2052999999999
145.31,150.21713333333327
74.58,138.1699478571428
48.0,53.647495238095225
133.98,95.17194285714281
206.03,232.19325999999998
163.61,200.13817500000007
286.6,382.85600000000005
300.49,306.03840000000054
98.8,98.1597235294117
245.68,257.4923
50.13,105.38891440476189
33.34,32.215287380952404
46.75,48.38106666666667
327.05,381.07046142857126
1.66,21.51776141414143
121.22,189.336930952381
33.99,38.956695324609115
619.07,826.1031000000004
43.77,48.02412976190478
84.4,167.00033666666673
70.32,71.14377499999996
297.71,295.88666
56.39,51.064147529406846
108.78,123.13127333333327
189.19,233.58256181818177
104.73,97.80191666666657
28.72,42.951691428571415
326.36,327.4123257142855
50.0,71.6085157142857
218.65,224.37614999999994
74.22,80.62063571428574
112.14,110.97574238095234
110.19,121.88997000000005
185.48,299.6807999999999
176.65,176.41154999999992
125.56,78.40928806411854
117.05,135.11540952380946
61.98,66.90410000000011
280.98,170.07649999999987
33.84,87.60972500000007
96.9,99.41529999999986
88.86,136.4962406862745
261.01,264.4965999999997
178.52,209.4704833333335
44.41,44.02029999999994
24.02,24.194099999999985
164.16,185.4525199999999
75.66,86.00144472222219
94.88,100.32578692307698
163.03,199.01897500000004
113.55,189.4406017857143
108.79,152.8432583333334
2262.8,2262.799999999996
131.84,88.14325621933624
123.75,157.0085666666667
203.03,205.0109000000002
236.76,232.86989999999966
38.71,54.75397083333334
1626.83,1645.4185833333356
117.13,156.60039999999998
96.0,73.07842932688227
79.14,80.89160000000004
196.66,232.473075
60.1,87.04947000000006
285.63,226.43118249999986
172.69,188.24898333333337
113.76,100.6020535714287
117.31,96.82188333333333
167.74,121.57379166666674
236.97,236.96910000000014
27.19,50.517051587301594
123.89,123.88109999999989
129.81,158.6729216666667
55.28,56.63163333333332
270.0,267.75
75.25,76.03327549034297
103.13,111.34715148633039
26.38,33.39241666666671
93.13,80.9602566666667
65.09,65.56687619047628
101.73,115.5305960858585
33.38,33.383700000000026
117.5,96.49888833333334
84.05,132.9331000000001
21.43,21.430000000000014
109.31,117.16859999999998
49.96,68.99455589026915
57.79,75.26814333333331
97.88,201.7985000000001
142.76,150.88633333333317
488.16,389.3982000000003
100.14,100.98409999999996
279.46,237.11707333333285
29.73,40.63488172660673
50.0,21.398599999999966
61.79,57.45020849206351
160.2,169.75849333333355
435.72,435.8175000000002
195.48,161.71245999999977
158.08,162.38697777777787
119.9,159.39707333333325
183.32,134.07790243589733
120.68,150.90821428571437
461.25,399.2322666666667
27.68,32.03879999999999
41.05,77.03850000000006
81.09,97.18893333333341
63.29,68.1124
199.49,243.49802500000013
100.09,136.4696
121.96,223.2160999999996
214.84,105.10131191197698
212.82,287.1833328571428
218.27,218.2387000000003
317.16,156.2337433333333
39.42,33.67454373015873
237.47,109.52838805194807
185.25,104.79823666666665
174.26,180.8968
186.43,235.72106178571437
34.26,152.3884285714287
43.54,28.784016389863986
33.92,37.031891666666695
45.09,85.84933000000012
32.37,32.81624999999996
59.99,72.0901325
170.96,173.9937000000001
107.78,116.16655252525251
504.04,434.83570000000043
66.98,134.2091599999997
89.36,108.11725129870125
93.43,93.41790000000012
68.22,90.42336333333334
70.75,70.75
46.72,46.72839999999996
113.11,162.72320000000002
117.04,115.14214095238093
82.73,18.049128528521443
188.4,188.3199
34.23,36.37332944444445
32.0,32.284457142857164
39.28,57.61970000000003
9.6,29.68825396825398
10.82,82.06127674603164
139.56,139.59949999999992
144.78,144.87480000000022
1.48,34.42221714285716
16.54,32.442687847985354
1223.06,1494.9767666666653
148.79,167.8813180952381
264.24,135.92393824965214
90.99,90.66902727272712
59.0,67.54606166666665
115.35,114.61280000000016
173.27,167.11970240495495
53.34,76.80125999999997
193.46,197.1156999999998
188.39,170.74819999999983
114.44,198.23652499999997
109.97,148.22426777777775
71.85,77.69230251082261
54.05,57.04836666666676
66.67,86.90579188410209
116.62,598.6554335858586
91.47,139.5033822402597
189.98,195.26149999999976
73.71,79.4243925
83.22,76.48101666666672
156.76,146.25930000000008
241.5,221.2626
43.9,85.97131818181813
72.3,61.484375
180.16,218.78959999999992
66.34,54.470050000000064
126.68,202.75952888888912
30.22,56.433999999999976
256.33,266.3199000000002
563.45,535.2321150000002
437.09,460.4838792857143
82.03,93.60145999999999
71.31,55.500035
104.19,121.47819999999997
262.16,261.61733333333325
22.65,64.25596071428573
11.0,230.47179999999972
78.03,81.31449025974031
227.47,223.84670000000017
97.32,188.75589999999977
66.02,88.18002166666668
434.73,435.6578000000001
287.53,66.96081256778311
226.58,283.8244483333332
302.18,404.1635428571429
270.0,267.75
35.09,35.090000000000046
30.0,22.535026666666695
109.02,130.67413516233785
69.24,100.95516428571426
140.3,176.30313333333325
48.22,48.21999999999996
66.3,74.13667659340663
49.04,57.222600000000014
37.78,55.20584999999999
133.76,125.99533380952374
530.22,380.9488078571431
161.4,106.68725079365073
116.94,116.94000000000001
234.46,234.45999999999947
57.23,65.31031499999999
73.92,71.40567000000003
218.8,218.7999999999996
27.78,39.41360166666669
150.05,144.78593666666657
96.6,83.1365500000001
245.4,241.47350000000029
137.99,136.6769374999998
108.67,142.62310000000002
117.94,172.95552579365082
77.03,80.78807142857137
103.5,99.17850000000003
51.11,64.09621666666663
47.53,89.84784134559887
168.95,194.71999999999997
66.01,134.4592460073261
32.42,32.420000000000044
217.09,179.84985000000012
72.18,46.01548357142858
51.41,68.40197249999991
135.17,57.38529428571429
129.14,129.08669999999987
1078.43,1082.277
98.88,81.67780571428575
1.74,31.003242857142855
192.1,298.5414333333333
194.41,80.58340777777777
143.82,143.81999999999982
182.68,198.21335714285723
140.16,140.1010999999999
43.09,43.09000000000006
159.69,139.07840946969705
79.33,79.32999999999994
221.79,227.55704499999996
109.77,110.41914500000004
198.74,184.75964
210.0,235.4010533333333
161.02,92.81569299755803
57.86,84.10533416666671
100.23,98.01558472222221
179.26,107.01255080897123
88.97,92.30728500000005
75.07,90.2162989285713
35.77,40.9768137017231
53.99,53.98999999999987
160.67,171.9528
122.49,159.72946666666664
297.64,420.91971666666643
63.5,53.97830357142857
105.28,114.74879774344657
213.9,213.90000000000015
104.28,165.08096666666665
127.92,158.4758833333334
44.19,63.993116666666644
65.0,54.9649057792208
117.79,172.79331666666664
413.75,484.55819999999994
183.98,202.42207000000002
361.16,419.6300333333332
37.09,37.09000000000005
21.77,28.784016389863986
47.83,60.976620000000004
76.11,93.23623333333333
164.58,172.88209999999992
143.89,144.86856857142845
235.98,235.97999999999965
150.04,282.0560000000001
208.63,208.8853999999999
61.05,76.32436000000001
102.84,164.10040000000015
184.52,82.85960000000001
125.77,140.98781476190493
5.7,84.41886608225104
74.39,74.92202142857141
119.63,150.85678047619055
451.03,498.02529999999985
98.83,210.39843333333334
45.13,55.96269333333332
147.64,315.8719000000001
111.02,115.92803000000015
136.26,136.2600000000002
118.43,161.9445833333334
49.48,59.195830952380874
214.83,187.63576000000015
100.0,57.31045920634919
108.88,135.711819047619
52.68,45.11885148292367
96.22,125.09827849012092
2337.4,2387.2770833333325
109.02,147.39249013599027
99.79,108.67645833333343
174.22,127.17862420634926
201.04,141.06654000000015
28.13,79.21855
104.79,155.24974444444436
37.77,75.68879883838386
121.48,122.44212499999992
100.34,108.28468599557283
39.57,112.43073333333327
1349.05,1137.0456333333348
104.79,104.70140000000016
36.78,50.02640801545908
4.9,7.223141071428571
17.59,49.711658333333325
166.05,188.1316016666667
147.15,147.14999999999975
56.7,58.92483499999991
143.34,152.82981000000007
103.45,110.70938666666665
114.45,119.28080000000011
450.0,1107.4153500000002
143.77,147.72219999999982
133.33,136.96479666666673
282.41,302.8780833333333
178.42,183.31964000000005
378.74,221.13647327102993
110.2,90.9016083333334
30.19,33.69430500000003
318.62,247.84609166666658
191.12,199.181525
50.31,81.13992499999999
245.89,206.19549999999973
50.86,70.55149999999998
1767.1,829.2741831953116
202.28,104.3021322302448
80.26,72.61730000000011
195.48,203.85649999999995
74.03,80.48219054619213
193.98,193.97999999999968
270.36,241.51580000000024
94.4,98.56136072126029
37.0,39.67209999999999
78.2,114.04221071428574
125.78,136.58599999999998
146.3,88.87452418567968
49.3,56.96630000000002
108.08,131.9369879979596
77.97,72.39434294871799
55.6,55.96890000000005
46.29,77.89209999999997
94.31,47.10743642857141
184.92,73.65569999999997
1488.59,1227.3717666666678
269.44,123.07800835164835
306.2,371.48395982683974
105.94,113.32615333333325
112.07,118.22661666666662
115.31,115.2747
35.05,45.93642301587303
83.17,140.29959
95.21,99.75452857142845
100.43,122.51330000000011
51.0,62.38259523809527
107.76,61.2290154545455
39.09,67.7634589435938
119.27,148.94549999999995
28.59,28.84297500000002
105.28,114.74879774344657
400.44,221.33473190476158
88.34,64.05314500000006
131.17,133.03263095238094
45.61,124.23430693399555
246.36,248.87190000000024
105.43,148.17154999999994
58.2,39.96153869047618
85.23,99.2025326923077
225.86,187.85240000000005
89.17,188.74310000000006
62.28,61.31954563492063
435.23,518.9398000000002
73.34,99.41987256251826
59.72,97.8642253846154
29.68,31.718693333333313
220.18,146.92857714285725
819.4,776.7018000000004
66.26,49.30215821428571
62.77,69.60266000000001
62.23,61.08291333333332
39.62,39.21165119047611
25.95,26.599614444444455
458.72,478.2511800000003
6.34,17.497410276855504
57.68,57.66940000000003
131.47,144.76746428571425
50.0,42.49672500000006
153.26,123.72826000000008
97.69,121.9482
128.5,132.14793333333336
166.06,191.78844666666623
225.75,133.872503277972
499.29,505.7757000000004
285.26,303.9452999999999
115.45,150.83832261904763
152.52,152.3916000000003
59.13,83.48294369047625
94.55,94.85730000000004
156.56,404.9183999999997
16.77,28.182049999999993
260.34,221.9112000000001
99.22,61.68358
57.37,66.46127742424247
36.73,42.26601092707617
117.96,281.7035998262231
128.93,141.32174619047623
47.13,61.549516666666676
490.79,486.48704999999967
124.8,148.58666666666676
123.03,123.61332844322347
199.64,221.51110000000006
377.88,164.66575228438222
66.67,86.90579188410209
92.75,114.57360714285721
263.65,697.8401000000001
701.13,723.7854000000005
245.51,198.54839047619055
352.3,338.1904799999998
134.59,160.1279964285715
240.53,246.8069
173.66,207.33962499999998
109.18,109.18050000000015
80.59,127.00957464285719
55.6,55.96890000000005
47.84,55.13395333333341
99.7,126.30600642857145
165.7,168.40484285714285
65.88,75.57865277777779
150.34,165.31780000000015
48.62,51.95879999999998
51.22,72.68987333333335
179.56,179.38863333333327
172.84,191.6029995229796
37.83,37.82174999999996
66.43,74.84560833333337
33.0,68.91099999999989
61.2,31.8088742424242
169.01,169.38400000000013
86.15,101.77886829130838
387.64,347.9159999999996
59.31,48.26000000000001
11.71,29.933383333333314
321.74,135.6328999999999
233.4,205.77950000000007
140.02,158.38054856060606
464.34,429.34733666666665
47.81,52.3785
106.55,138.19688666666667
1054.63,1048.7693000000008
62.12,58.488114999999944
153.82,258.60239999999976
167.2,184.35948404761928
222.91,256.6822666666665
73.34,99.41987256251826
162.64,162.6052999999998
148.57,229.2291335714285
287.0,147.9599833333332
128.29,128.25790000000015
196.81,199.3272000000001
35.84,43.44184692901872
47.67,36.45277976190475
34.86,38.40763307593309
195.38,186.43060099206352
45.95,49.701642777777785
116.17,116.87120000000006
183.03,213.32499999999993
412.02,480.83559999999983
69.33,29.063882559523805
273.02,319.31070000000005
23.79,67.7834880952381
178.27,178.27000000000032
182.49,193.23410000000007
68.22,68.18657222222227
192.76,317.07572571428585
116.36,117.39220000000006
48.58,45.21188333333329
58.79,67.07054333333338
435.48,435.48000000000053
106.16,119.5778437777777
323.15,298.8997333333332
6.96,26.923857948717956
84.76,96.02195785714292
650.63,723.5836999999993
511.75,517.6305999999996
63.8,58.84940000000007
51.84,51.87680000000007
143.3,146.79779999999977
328.76,338.10219999999987
123.47,125.98807016983007
413.96,374.0676242857139
96.9,99.41529999999986
64.93,103.18484000000001
99.22,86.17645314713067
76.95,80.24983333333333
106.87,110.43850000000006
102.7,133.05116071428571
107.95,116.64635000000004
108.12,138.6097000000002
51.1,67.52108333333337
186.27,207.78895009350938
70.15,71.6056999999999
32.43,79.86849833333335
55.0,67.10879333333338
40.86,42.968571071428556
114.88,141.7576741666668
100.7,132.6139303030303
103.65,101.79869999999981
205.99,194.7097263436564
102.82,106.42802952380953
627.06,558.6883571428567
485.76,481.51219999999944
181.71,226.2317999999996
368.94,354.3441999999996
85.63,84.0596
103.91,117.73304166666665
46.0,44.76839200130819
35.0,33.40337722217431
187.36,146.02414000000007
90.28,90.29849999999999
58.62,59.11670166666667
152.09,151.15915000000007
45.1,63.18610000000002
335.0,327.4498
63.13,75.77478869047621
89.57,130.73753475274728
64.32,66.26869999999994
171.26,262.51169999999973
765.84,747.5791999999982
99.91,146.498276007326
81.89,81.85810000000006
195.5,195.5
295.52,295.6422249999998
111.61,112.07864285714294
33.98,42.29610833333336
162.9,179.03055388167385
57.72,56.696957195717665
350.0,185.2412000000001
131.51,128.36733333333342
67.98,51.18924880952379
112.42,112.41200000000006
114.84,215.91935182721696
149.57,151.63726571428563
225.71,225.70999999999947
185.64,185.65019999999976
27.3,28.412861071230136
37.32,48.64308
157.46,167.1211666666665
120.09,120.09270000000011
64.86,127.51610000000002
44.51,46.85670000000009
78.44,86.66142761904759
52.59,131.00199815850826
343.5,337.3931999999999
252.99,273.0784333333333
1230.2,1220.369099999998
72.56,101.56711222222224
1793.23,2025.9093000000003
109.64,57.8000000000001
28.01,25.615325129870133
167.2,89.90224999999997
100.83,62.84700000000004
132.28,111.00388333333345
114.45,114.45170000000012
196.02,238.7882000000002
72.07,80.06523333333327
132.13,157.43529999999987
173.2,207.40232500000005
31.22,62.47550000000001
1323.3,1313.780200000001
350.72,348.60182666666674
1351.51,1347.614699999999
44.42,44.453400000000045
91.18,102.30262500000012
490.52,246.7688666666666
26.23,48.69418242424244
16.17,68.56988214285711
29.75,37.87591579254082
88.69,51.442625714285725
80.1,83.52796666666666
194.97,237.78888333333327
201.29,200.92735000000022
92.74,140.6211249206349
30.32,50.319100000000006
293.36,293.3544999999999
151.9,153.55009999999996
329.43,295.8684147619049
34.78,49.35638142857146
170.86,235.77559999999986
95.34,103.26010434955651
1.05,47.75055173992674
166.29,176.31200000000032
250.5,290.7822
97.41,144.68122999999997
172.62,174.29180000000025
128.86,136.90900000000013
55.29,70.31275
102.7,110.7044976190477
64.93,84.28023333333333
819.32,954.5085000000006
62.91,67.08189999999999
820.75,807.6687
207.54,202.16358833333345
311.82,310.7576295238094
62.56,70.08047999999994
0.67,53.47580000000007
128.77,138.86233888888907
2034.48,2033.215000000001
41.14,71.60078702380957
26.4,49.765400000000064
167.14,221.0919423809524
36.78,50.02640801545908
360.81,363.40819999999985
100.0,576.0069021864736
20.0,15.288153787878798
16.04,56.69149333333332
238.69,234.46338223947245
53.9,96.26581266708607
118.17,161.1287416666667
55.69,55.68099999999992
67.56,112.53291595442006
64.1,103.12518215377246
162.92,211.29760000000005
469.6,397.6697999999995
28.79,30.360333333333312
559.92,408.6960899999997
113.08,117.0736476190476
254.42,258.4226066666666
67.68,67.71860000000007
262.26,251.85134880952367
49.12,49.998351428571425
206.31,99.2953914285714
890.82,831.4069000000012
115.28,86.82710000000009
71.92,82.8998666666667
68.89,46.339254761904755
84.69,95.17908809523804
38.59,46.35794888888888
541.08,531.8983750000011
330.4,347.71440000000007
27.38,28.220000000000056
597.14,587.2663799999998
27.59,79.68688570336148
35.69,37.939921751165535
336.31,336.00360000000023
121.85,118.45205000000009
70.14,70.14000000000011
406.67,413.9866499999999
26.68,28.49702575757575
64.01,86.06235810606061
139.61,152.5536416666667
682.35,771.7412000000003
192.5,238.705382222222
102.2,79.32033333333328
116.94,116.94000000000001
47.02,53.724491666666715
196.72,198.5403
41.68,42.88709999999998
198.03,163.08782000000016
138.68,157.79769999999996
179.63,134.6681133333334
99.22,98.21702440476187
96.72,98.29329999999999
50.73,46.66692435980688
81.89,73.58863500000008
158.77,216.9162961904762
122.48,137.45699999999994
450.76,387.0654999999999
86.86,107.15022499999998
56.79,72.58678000000005
57.69,77.2456999999999
44.26,67.72064999999996
126.26,75.77478869047621
51.55,57.00604871212117
1338.51,1106.14446995671
373.98,202.38760000000005
137.93,127.30752446442453
506.7,548.4976233333338
169.23,170.1100333333332
99.9,129.45644109389906
472.94,463.45090000000056
296.71,296.6757999999995
40.59,42.688200000000045
123.05,146.38179999999997
63.23,63.229999999999855
183.22,95.88026190476198
319.17,238.9504949999997
299.26,310.3913333333336
177.38,232.34344999999993
137.65,140.32034999999993
63.55,109.67407999999992
73.5,57.839096230744154
449.99,407.4841000000002
27.68,43.45182
67.98,206.3463854761906
160.44,160.38730000000007
110.9,100.79709999999983
130.04,131.6979
159.68,161.36520000000007
39.48,53.67628571428563
23.13,33.40359999999998
106.78,179.86990000000006
159.89,159.92959999999994
145.29,160.02460000000028
54.85,90.17191750000003
32.0,51.73162514853574
97.22,88.39042571428573
139.98,140.26749999999973
262.94,265.37389999999994
67.28,84.71900000000004
65.71,106.55059727272729
84.54,71.89911785714285
191.89,237.27696666666662
105.28,362.15568
258.23,255.78621999999982
116.57,134.57809999999998
170.0,168.75710000000004
460.47,779.7330128319143
98.48,64.33218238095233
479.86,432.5752000000004
113.9,113.34997666666665
682.5,671.7158499999999
146.3,82.37408422137149
43.0,49.62069312039317
136.3,135.55724999999978
55.78,58.214518333333324
183.84,195.04898666666676
87.64,87.64000000000009
49.72,49.69799999999997
141.5,83.05731000000003
55.01,101.38071363636365
66.82,88.88616345238098
748.27,799.1521999999993
50.0,86.72721207792205
89.65,73.98124444444437
7.64,27.86110404527887
33.23,55.55001444444445
42.3,64.79133333333333
165.29,208.36221111111124
27.48,27.480000000000015
151.79,155.98275000000027
167.4,96.11060844155847
111.22,114.26166666666656
105.37,98.38322564376833
172.62,197.82416000000012
78.71,149.6151091666666
106.77,109.8933300000002
55.5,74.032453785822
282.38,295.7666585714286
177.36,196.19685000000024
255.91,269.78824999999995
127.64,163.52053083333334
196.36,196.28300000000027
27.68,32.86622985569984
302.58,300.00030000000004
74.62,78.06036000000003
99.9,129.45644109389906
123.52,607.3510146557524
49.1,128.3654493867243
61.59,65.81140000000006
18.87,26.57961499278494
83.79,49.305049166666706
77.03,79.32369000000003
227.83,228.67049999999983
43.38,54.87728749999996
73.49,81.42945
195.91,195.90999999999988
139.01,141.82050000000015
115.15,115.1590999999998
83.33,93.68504999999996
507.4,531.6639171428577
75.65,92.8373777486428
48.21,55.877433333333364
56.06,60.24731428571428
54.74,40.48820797979798
121.55,112.42954412171163
162.55,181.29844410540588
440.12,371.3235550000001
138.06,122.47689999999997
139.05,125.47480402740246
618.6,618.4530999999992
62.59,42.48966619047619
206.08,236.17766249999985
38.1,41.27615312599681
46.59,57.33140833333336
191.68,191.68000000000018
139.88,159.63628333333313
232.06,150.06830000000002
147.15,146.0808127272727
283.29,271.86109999999985
64.91,69.87446767001119
419.16,429.0051999999998
122.25,90.86240047619049
187.99,238.13560000000012
47.04,46.9507
726.76,722.3131800000004
53.72,55.3613
235.7,193.59407996211047
99.9,129.45644109389906
523.9,426.03370000000047
50.63,50.8577333333334
75.1,78.61014727272733
97.43,98.06238833333332
755.89,765.6194
116.57,120.43210333333334
1812.71,2009.96625
279.12,91.13454000000007
48.62,60.42214206349205
87.8,87.0386102380953
147.39,75.57186666666671
208.46,202.7016999999999
127.6,136.8688000000001
49.36,29.908669898989878
27.79,34.769404918414914
163.89,163.8899999999998
65.23,66.8675333333334
26.77,18.45243202380952
410.93,464.017
45.98,27.774493489304774
646.44,646.4400000000009
192.89,248.00287999999975
306.11,198.27684000000008
93.04,187.05534000000017
45.61,124.23430693399555
35.0,33.88321666666668
425.2,371.6980000000001
62.38,67.91213166666671
1034.72,795.2581552380955
3.7,110.32467142857138
75.49,66.4715191991342
82.97,82.98000000000006
70.83,87.2123962878787
114.77,114.77000000000027
30.0,37.830750000000045
108.84,57.89932000000008
139.11,139.11780000000016
82.39,85.2558000000001
148.09,158.43863181818176
348.07,338.38040903540883
254.09,283.9499333333333
261.46,266.6492
92.02,77.0980009523811
54.38,61.056968181818185
154.7,211.59602179487172
160.76,175.71739999999997
200.0,274.5934
71.71,125.04352499999999
174.05,178.02919999999997
659.15,650.6123999999999
406.26,307.0186466666666
114.14,110.16817999999991
42.27,52.83702500000005
36.23,40.61600999999999
163.75,157.89929166666676
69.12,69.11999999999992
51.07,51.526338571428575
87.51,87.48580000000017
88.49,92.89756999999989
178.34,167.69480692307698
73.07,67.11181666666667
194.04,231.85423333333335
52.59,99.88340000000012
100.0,119.88330000000015
741.44,725.6176666666671
85.24,85.23889999999984
66.78,92.83009311942962
48.13,80.59528000000005
190.98,189.93933333333305
374.58,357.18844166666656
387.85,164.43863235943047
178.74,167.46188571428564
1338.51,1313.3763375
123.74,115.83188333333337
783.12,581.2743327844383
311.91,360.4325
52.19,67.46784767973858
86.83,108.57706666666668
79.98,79.97999999999979
54.11,53.44554999999998
320.53,82.11800163059159
66.96,89.92623412698411
31.38,34.874950000000055
27.23,27.39930000000001
82.28,94.06910000000002
78.64,78.64070000000014
28.14,50.20323928571428
91.56,83.13345
177.44,177.40249030303036
50.0,38.90808217532467
114.11,130.55578
132.49,132.48169999999985
43.55,44.07420000000008
131.84,113.82425416666676
32.44,39.49245000000005
188.34,213.2835552380952
765.78,909.2351999999995
76.66,136.8674356142731
43.41,43.73483004329006
135.59,135.5752000000001
165.08,185.16494008491503
76.33,151.15139999999988
223.93,195.15200357142857
137.32,94.97806428571428
319.19,355.84619166666647
64.51,64.58614210526322
310.2,309.7148188311693
41.85,46.02699999999997
42.86,52.70901999999998
75.77,126.12545833333337
606.87,609.5623750000008
187.65,309.9666066666666
464.95,457.5396999999996
23.1,52.52465369047623
111.72,95.73049999999999
53.9,96.26581266708607
512.05,512.0553999999998
32.85,36.39026666666669
87.66,160.82850666666675
725.99,764.1616428571429
93.48,91.08480666666648
121.91,63.928194268476645
222.67,215.38177142857137
41.75,45.85262047619049
183.6,194.02574303030306
293.38,200.3176333333334
20.0,285.03585142857145
87.87,252.3523000000002
48.24,57.50692153846152
351.54,181.3553000000002
376.83,377.69780000000014
2.34,86.15089050307219
53.0,51.20480000000001
131.71,144.1255499999999
37.37,45.73274652232619
45.0,45.32880000000001
204.81,187.68620000000007
91.66,119.16846420931235
40.87,79.8056309523809
108.2,62.4014666666667
80.63,79.94440000000007
9.23,34.284772619047615
120.04,125.92190000000024
51.1,56.37760000000006
81.89,96.7237225000001
414.06,336.3628000000005
68.85,71.62326666666668
66.79,88.46940000000002
412.12,428.1725500000001
172.29,69.62789105869957
221.28,265.02074999999996
71.25,121.83716107142865
20.0,36.718099269480554
110.67,123.49384666666674
32.67,47.77384666666667
46.13,46.13000000000008
84.56,107.17971
196.32,136.9467083333333
163.53,137.94880763320015
54.82,76.21192071428572
57.09,54.64049000000003
244.74,168.08995964285725
126.47,144.14044761904756
126.12,119.97973571428584
133.36,240.02788349206358
100.0,57.88257499999995
147.15,147.519089473684
61.63,79.21835380952378
51.69,47.167064999999994
144.28,74.39304595880785
140.53,195.83929166666672
36.69,42.58996906926405
358.65,371.86280000000005
41.09,41.439900000000044
29.77,34.392073571428575
36.43,67.71027999999997
47.23,47.85489999999997
48.6,107.46242499999995
110.04,109.62520000000019
116.06,457.2663
279.3,244.3370874999999
61.4,119.93041082333383
24.68,29.908669898989878
167.76,477.5469390476192
146.36,145.64911999999995
32.0,32.284457142857164
133.21,133.8903599999997
194.11,187.34934833333347
78.81,101.80386000000007
150.54,96.2875500000001
44.38,68.26111571428572
287.62,232.7342333333332
248.28,244.02779999999981
47.44,47.90559999999999
105.37,100.15552523622357
596.64,620.0129000000001
42.09,90.50611428571429
175.9,204.92829761904747
247.06,264.8282469155845
254.22,249.31439047619048
473.83,264.3586630952382
294.19,345.0395799999999
142.8,121.22279999999992
737.04,711.6756000000001
315.54,307.49090000000064
39.0,57.32840000000001
227.63,227.63000000000002
499.72,800.4175799999996
153.96,154.47319999999962
74.98,111.34769999999999
94.63,112.88511666666663
73.6,127.30840000000009
200.71,254.70503833333316
354.33,293.08638333333386
77.57,128.49826210518762
1415.8,1340.867220000001
137.6,143.62358474310727
239.96,243.84751111111134
1222.8,2345.545700000002
35.68,49.043278571428566
208.66,226.4421000000001
70.46,68.88363333333344
96.65,104.06236042042482
45.01,47.744900000000044
29.95,32.997066666666626
78.5,80.79888142857145
126.43,133.3335000000001
97.71,117.59499999999998
419.06,418.9828999999999
95.64,47.528550000000024
32.77,32.77619999999999
72.56,99.72889583333335
359.67,359.07984999999985
140.65,142.39183819221714
31.58,48.524687348207316
201.74,212.0092900000002
274.89,530.4948999999992
28.59,28.84297500000002
80.44,62.51066666666663
102.02,81.06463333333348
87.96,103.76909999999991
217.54,92.65149809523805
45.78,40.864880000000014
58.99,115.426
106.29,111.17365000000007
32.0,72.22907311100228
522.57,935.6670333333325
122.17,122.28660000000004
166.25,143.91246611111112
59.3,68.30076055555554
553.88,418.0850999999997
3.07,44.40587154718952
118.93,105.5079400000001
224.07,210.82301333333314
279.24,139.59420000000023
837.84,837.839999999998
163.88,134.1822749999998
120.09,123.25040000000008
36.35,39.24497180830483
298.32,213.57000000000008
29.51,29.510000000000062
72.43,124.74429202380963
57.77,58.51824868421063
52.68,53.59590000000001
40.0,209.73066933066937
385.0,252.93128333333343
50.58,66.1232063003663
170.71,170.65589999999958
74.66,119.73740833333328
31.11,28.183268102289873
26.34,38.72988158730157
126.43,131.19300000000013
32.79,45.12267
82.83,110.71574678571426
149.04,154.11456666666686
64.37,68.97656753968255
70.0,46.64995642857142
236.28,234.69089999999986
66.48,52.892644395604364
1343.44,1406.4919200000006
188.6,153.0234550000001
145.11,182.78733333333338
29.09,53.997600000000006
175.29,184.50209999999998
56.22,65.21166666666664
113.62,160.76238079365083
35.86,37.83370000000003
98.12,97.82814999999994
21.94,21.94750000000004
36.5,36.14143333333336
180.45,247.41932380952395
84.69,107.57673755411255
70.89,91.75617917415923
25.78,32.188735
515.93,515.934677777778
151.92,114.95531999999994
471.4,193.59407996211047
48.23,81.02974857142854
120.5,138.98480000000004
154.17,168.39789166666665
1719.92,1656.1473000000015
89.91,105.61826818437754
100.0,80.51260000000008
142.3,139.6066666666666
41.0,89.6935534049284
131.31,54.340247837162835
252.38,198.56118750903133
54.6,60.086475000000064
221.79,221.79000000000053
65.0,65.12500000000003
76.28,81.03295999999993
72.05,86.58580601284592
191.68,84.28650000000002
3.32,6.000541138410096
138.95,148.61477603174603
105.24,109.44591282051286
119.31,178.75142727272723
807.2,1027.9325
144.56,205.27515000000005
133.98,136.40429999999975
284.2,325.9341499999999
38.89,38.906499999999966
197.55,206.69302380952377
69.84,69.04329999999999
55.05,82.08366666666669
35.13,38.83948333333334
87.75,80.70102648148145
170.95,190.64251595959598
59.13,66.86973142857143
168.03,127.6031500000001
129.43,138.05508333333339
76.74,89.90349326086957
111.25,82.66728785714291
132.94,134.26250000000002
44.41,54.88250000000001
344.28,188.37009999999987
221.39,244.93319999999977
544.18,150.55597500000005
125.97,169.1579874242424
134.6,93.26838928571429
30.75,34.46136666666668
68.75,74.09753333333332
65.01,105.75891428571427
29.89,54.155616706349186
58.27,59.63246666666672
212.61,236.73406666666645
178.27,178.27000000000032
75.17,75.85415000000006
180.1,159.05410000000018
70.72,70.72000000000006
399.49,517.6532733333337
84.65,93.52525714285704
147.52,190.05370000000005
298.5,263.44800000000004
592.18,569.715563809524
87.21,153.57082142857146
425.6,581.6487523809523
288.52,234.89970000000022
34.86,39.40553809523813
174.46,182.5070333333334
1381.87,1046.7596414285704
56.17,85.28745809523815
155.94,170.88992499999986
389.45,377.4458
516.1,635.6293999999999
34.17,38.85522931818182
116.62,131.86486666666673
40.09,40.5602188984893
48.33,93.25610000000002
50.86,57.55620000000001
62.79,119.12539999999994
248.36,248.36000000000035
233.38,226.27409166666675
189.59,86.355545
524.28,469.99749999999943
34.31,52.06439999999998
57.68,70.73883684315692
55.29,54.571724999999994
125.16,90.446146969697
8.47,51.04633636363639
31.84,31.866100000000024
173.27,167.11970240495495
38.27,46.805866666666674
214.98,165.5860999999999
69.18,74.10163333333335
115.36,115.69672500000007
113.14,331.4879166666665
68.08,44.096881904761894
69.96,76.80548144796371
96.56,57.85009999999999
299.85,225.54619952380943
62.01,76.92143642857151
44.11,49.058099999999996
135.96,168.62979999999993
79.92,69.71529000000005
159.86,175.95015976190476
682.14,657.1303999999996
435.45,446.37103999999954
63.65,70.84494000000007
83.59,104.42566666666661
180.3,329.6210589285709
350.09,265.2923510353535
136.44,135.4112000000001
123.82,304.9892833333334
147.17,155.5115133333334
87.36,64.43308969696973
81.78,81.78109999999992
74.16,77.98869999999994
186.43,266.4085799999997
46.73,60.169323951048945
47.75,57.11070000000001
45.22,50.632263074148085
53.98,78.22073410622714
266.16,181.79643365079352
131.62,131.62000000000023
40.0,57.02627705627707
203.05,221.21939000000017
443.51,441.5168000000003
227.23,254.32815000000002
270.99,652.0707800000008
17.29,18.97135285714285
54.51,127.8830624637862
67.5,130.59451329630386
169.62,111.32568500000005
99.9,129.45644109389906
23.81,41.72517285714287
224.01,253.596445
115.94,133.66953690476194
19.75,27.897451515151516
630.28,667.9616999999995
77.57,77.5699999999999
79.64,109.10579999999989
44.82,58.96430976190478
45.09,46.144811378205176
163.45,124.14365000000005
40.38,95.23307380952383
204.84,202.40080000000006
945.78,696.4923999999995
82.31,99.54049523809523
214.14,334.3698200000001
99.45,159.74926666666687
183.92,232.9472999999999
259.33,87.06342333333336
183.92,179.7217999999999
95.31,113.32092142857137
120.16,126.51339166666666
118.75,110.55100000000002
120.81,152.00051000000002
139.53,162.17258454545458
40.56,33.413080000000015
1131.73,1123.7053999999996
76.77,81.42360000000014
50.0,185.02050000000003
604.62,606.6039000000005
38.77,58.154036116909346
55.78,92.90309583333332
67.22,63.24539571428574
55.1,55.100000000000044
236.48,222.66366666666644
1.4,145.87188690476188
108.2,108.20000000000009
573.18,389.6108399999999
81.63,101.14830833333333
71.35,101.95496785714282
81.62,108.3483250000001
42.1,68.65488666666666
177.8,180.15185539215656
108.88,135.711819047619
62.54,75.91448333333334
88.58,133.0108966666667
190.66,367.3314999999998
55.09,58.056950506372374
484.68,414.6395000000001
39.23,54.26181346477054
129.04,148.89510000000018
99.57,99.81867916666657
71.96,73.99760000000005
215.5,56.753471666666684
125.18,106.83149627379161
128.0,72.22907311100228
1048.64,1154.4647599999992
52.84,82.65579999999999
99.15,135.1344671428572
240.96,233.15751095238102
94.61,121.6431771078922
78.69,105.42034412698418
347.36,281.8824314188999
382.38,274.6654074999998
50.71,50.607600000000026
75.65,92.8373777486428
133.83,135.51620000000005
116.94,116.94000000000001
101.18,100.83450000000013
207.42,215.68610000000004
155.63,297.2359999999994
147.14,146.9868285714284
134.71,154.5991
2.69,2.547212016966041
37.14,39.08630000000003
101.2,95.4722631501832
53.11,84.45393697114002
71.56,71.56000000000014
83.79,91.75140000000003
218.27,239.52086000000006
244.02,244.02000000000035
81.24,100.86838214285712
25.28,41.12607000000003
144.97,144.98939999999996
116.36,116.34900000000007
111.85,108.01966000000017
24.69,26.11542500000002
99.14,101.50489871794869
98.65,103.05539999999986
51.85,55.572940000000045
22.29,17.244157619047613
108.07,109.83255714285723
88.72,145.96730666666667
71.58,83.33270047619061
24.94,26.141000000000023
61.0,62.851823076923154
105.96,55.430660000000024
148.14,174.31292500000004
167.8,146.58307142857123
15.0,47.64141043401043
140.38,151.3738083333331
71.92,79.47879393939392
112.84,146.73679999999987
95.99,133.90242499999997
26.71,50.58203780847808
481.06,175.58227857142867
46.23,64.70691666666656
41.96,61.665439285714285
111.43,134.39723636363644
93.13,108.63714999999995
115.4,122.93824126984127
36.69,33.281574047619074
103.69,99.32185357142858
68.03,77.16027507936504
89.18,157.1669000000002
39.98,120.3851714285714
96.32,110.60779999999995
154.52,150.62617500000025
63.39,107.70595666666667
94.22,115.742
16.28,45.36004047619044
123.18,140.22820000000013
104.63,372.7752964774195
24.42,84.44015921522923
133.17,142.43373333333346
1097.7,993.5570666666652
198.34,206.40170000000006
28.24,30.627674999999954
84.02,48.22056499999999
138.9,89.00582023809518
94.3,122.8303000000001
69.9,84.01677656704558
20.48,36.36484095238099
155.68,146.52953333333346
116.25,151.56101363636355
60.63,59.48212000000002
217.78,217.77999999999992
36.34,48.452733333333356
64.1,64.1000000000001
45.69,69.63781759740257
79.07,79.1178
167.49,172.40705333333324
32.43,43.63599282235178
76.02,38.48990000000009
61.06,76.095075
135.92,195.63362666666657
829.08,838.4378999999994
813.41,651.5970999999994
118.43,227.1436050000003
38.14,41.64176
254.9,254.39558476190484
263.36,246.38214166666654
155.03,155.02340000000027
135.25,147.89146000000002
169.14,148.4683999999998
76.02,47.14449265309726
55.04,70.18166884250253
176.16,135.92393824965214
37.78,35.335704761904786
178.27,178.27000000000032
32.09,32.09000000000004
160.8,111.15394166666664
94.63,96.52739999999996
101.14,104.3021322302448
99.71,125.38644772727271
39.75,62.4570591919192
1591.24,1189.3153000000013
848.93,871.3955785714286
225.42,122.41438367424234
82.98,122.70178664022899
50.87,50.86999999999992
849.45,881.3793000000002
34.23,36.68667619047617
81.6,82.0003000000001
139.55,166.50446666666667
102.12,102.11110000000008
224.17,180.94609999999994
77.6,52.564118037518035
318.97,318.50650000000036
34.0,42.064384126984145
125.23,125.2299999999997
410.21,388.1520999999995
65.93,73.21872635854339
152.82,180.49081666666672
302.98,142.6559000000001
167.99,198.67570000000012
279.72,144.2677000000001
114.44,115.98892619047625
108.2,62.4014666666667
60.0,64.57799999999996
79.72,101.42220000000006
216.63,243.88659999999985
75.29,105.86497261904766
715.32,595.9938999999998
99.33,129.60245166666664
125.38,110.9551249999999
13.63,188.51689999999977
69.22,119.98533095238082
105.28,90.10406944444449
20.0,25.968021825396814
2.58,6.513050556453345
58.59,99.83595172077929
84.2,85.63250525502276
98.4,118.87072611111111
168.83,168.83
21.36,22.170599999999972
66.39,65.70345500000008
73.34,86.66279333333334
38.09,41.21565570175443
639.01,661.6251999999996
33.77,34.666022758259935
50.0,86.72721207792205
1089.96,1103.6828000000016
76.64,82.95605000000003
16.63,29.475900000000003
109.5,109.5
108.97,117.70935992063487
97.34,96.5209666666668
338.51,360.91125
7.81,102.85969999999999
176.68,173.87707857142868
84.84,85.98562500000006
95.67,137.068405
276.07,276.2002999999999
145.56,127.1837326406926
166.16,175.8051857142856
47.29,49.927041666666646
26.66,38.055356117216114
146.94,133.69572840909095
80.89,84.24823333333343
122.8,121.89729999999984
428.32,226.33633999999986
31.77,31.029637385299495
196.02,238.7882000000002
203.63,305.29040000000015
37.75,52.061227507215015
50.34,48.83180542113119
185.94,192.45850000000002
111.89,111.88999999999994
65.37,101.7842
193.38,167.28019999999967
116.45,182.04334889345958
818.12,841.1756999999997
43.95,45.28309999999997
451.99,491.7163216666667
420.06,402.81019999999995
73.49,73.18699999999986
154.08,152.03759999999994
98.8,92.35730000000004
130.65,118.10533333333322
60.86,63.44610317460313
168.06,165.36488333333315
45.49,45.5078999999999
54.09,54.08910000000008
139.17,156.5580965473146
178.35,180.81380000000004
114.86,133.1755457539682
65.13,64.28492857142865
50.27,55.45841999999999
1005.73,1055.8082000000002
75.53,76.86783000000003
85.82,173.0353489898988
122.33,150.87164000000007
52.83,72.03292916666665
155.14,136.44097749867188
138.39,137.87393333333318
63.27,70.87437065203427
80.33,95.80554999999995
37.84,51.226458095238094
126.52,112.82541976190474
238.81,348.1586166666665
48.72,67.26495333333335
286.77,306.5867
220.88,234.1028778571429
96.22,71.46571182539682
207.1,149.82377018059552
187.65,188.51357499999992
70.02,73.25709761904778
75.5,70.2096777777778
45.09,45.08430000000007
78.24,18.957632539682542
178.9,184.93180000000004
659.28,659.2799999999993
157.3,246.24572536599243
275.06,220.84395970779224
311.23,224.06106666666642
64.0,132.90011879909486
161.68,169.85995000000003
302.98,176.56674999999996
250.84,198.81857111111103
124.96,124.87051999999974
88.74,75.85073333333325
101.73,94.53218638815802
214.73,217.03009999999966
78.19,74.19042499999989
55.76,34.14570000000003
69.97,104.3100473115773
138.51,141.84992500000007
84.63,167.95279214285713
193.45,160.76279809523805
279.74,160.55035000000018
75.85,81.46698095238092
247.54,301.96009999999995
369.22,369.2134000000005
77.56,96.62553666666673
155.72,154.05199999999985
65.0,67.91509999999998
95.52,84.56452857142875
116.45,118.46233904761903
180.75,217.58544166666655
103.64,157.00272857142855
88.9,88.89999999999984
46.22,49.478805000000065
15.0,47.64141043401043
60.36,61.11683810627453
65.56,50.829280000000026
113.97,124.55944285714291
206.75,211.24576999999994
27.33,46.345640952380954
281.96,286.05383333333293
165.94,166.5172500000001
173.12,186.84909166666677
116.94,116.94000000000001
128.06,73.97367456460205
116.84,134.88427500000006
197.02,175.05083470588264
167.36,91.85158444444454
45.01,51.16090777777779
132.49,132.48169999999985
506.17,540.4625
150.34,108.40411500000002
123.52,607.3510146557524
114.35,109.84589666666665
218.97,273.782935
109.4,108.15959999999978
27.79,29.46319999999997
94.4,93.88559999999985
181.78,195.01195000000007
111.99,139.06260999999995
84.25,37.200886666666705
139.8,84.01677656704558
47.43,96.53435999999996
40.09,47.069991730652426
32.23,32.24770000000001
112.02,112.02000000000027
153.99,151.84379999999993
386.17,254.8971133333337
117.97,119.15957499999999
106.81,109.36155000000001
88.65,89.73876666666659
90.8,114.58912900432901
32.38,32.58723571428578
120.03,73.74008785714291
137.52,137.5418000000001
106.55,105.98238611111111
61.59,61.195600000000084
34.0,128.81300000000002
283.53,286.40229999999997
352.7,382.3136833333335
29.78,36.56714170634923
52.68,45.11885148292367
133.98,131.2721999999997
162.89,164.54839999999993
249.05,252.13359999999997
202.66,222.1008999999998
18.43,20.79833333333334
58.41,62.23479999999992
308.42,307.20499999999925
106.1,81.56065374458873
105.28,114.74879774344657
166.9,198.8302133333333
139.61,141.43816601731606
92.19,113.11852499999999
127.41,166.72356892857135
315.26,317.03536333333307
226.04,201.37004761904794
73.84,77.38710000000009
82.7,87.89979999999997
133.56,134.37237499999995
211.79,215.3119499999999
123.18,131.51076666666674
35.23,35.39680000000001
128.31,259.2515999999996
320.15,103.78175714285717
49.01,52.43379
137.58,123.1343
47.05,48.27170000000005
32.41,101.00481428571428
52.38,66.28990000000006
40.43,45.40840000000003
186.6,166.3210488095239
53.95,58.46414999999993
66.02,124.11575555555548
133.89,142.62480000000002
456.77,140.15289999999996
376.92,367.2600722222214
324.34,144.73514
29.38,32.14386153846156
105.6,105.54693076923095
109.5,122.68363247474747
117.79,120.93140000000014
19.21,19.815119047619067
82.58,109.88430666666669
81.09,86.34706666666672
64.38,66.77970000000006
36.84,39.644599079118564
205.92,172.69675380952378
193.2,192.48020000000014
285.02,284.47640000000024
125.08,102.7671186586942
228.78,232.68690000000018
518.25,553.0773000000002
339.8,287.370433333333
67.98,51.18924880952379
358.34,296.2847999999999
53.68,85.099296944624
30.53,44.72121333333336
210.03,358.822235
118.14,149.69489261904758
326.57,322.6808780952382
102.64,80.31860666666672
355.76,312.60961999999944
34.09,29.123879764377765
108.81,111.92248727272727
109.77,178.0614499999999
75.23,101.89367499999997
128.09,136.13670000000008
313.55,306.72288333333364
495.78,151.9106999999999
43.62,55.762400000000014
200.0,107.49310027056272
196.9,307.53120999999993
197.31,221.52489999999983
92.72,133.83287000000004
147.15,147.14999999999975
250.0,1919.8181999999981
788.4,687.5699726190483
503.68,763.371841666666
152.32,181.16168785714282
279.95,335.97425000000004
147.3,136.20039999999977
79.04,94.18798761904762
200.21,199.4559999999995
370.51,289.2962599999995
112.35,122.12530000000014
631.91,584.3552250000015
207.55,202.09353333333303
167.07,169.87284999999986
12.87,33.84221142857145
55.83,60.07014999999997
37.61,41.84692909181281
78.81,92.8673876190476
88.22,89.51190000000001
741.3,741.3000000000013
307.8,309.86169047619023
55.88,55.918400000000084
241.22,242.4325583333334
217.92,224.79179999999988
94.76,47.493222222222315
100.53,99.8867285714286
177.32,141.572080595238
222.42,200.8728895823451
112.92,114.80053000000002
259.19,301.76559999999995
121.42,113.03936000000003
62.18,51.76200000000001
90.99,96.11172333333317
41.71,51.15189999999993
75.07,87.06827142857135
66.05,77.25906220862474
155.95,162.41550000000007
428.32,240.23303999999982
349.08,177.93433259266874
83.23,67.2651719516594
99.6,92.22958333333344
53.96,80.32688202898551
97.72,115.10175111111104
109.5,32.41395412582867
182.32,121.93037087598668
140.97,156.1667405952381
104.72,144.14610000000005
167.88,169.33959999999985
444.92,443.88889999999935
68.46,83.05956666666667
206.92,251.1087863597513
27.29,29.920374999999982
84.64,83.07661333333344
119.25,147.05554043117593
189.37,221.13647327102993
99.84,89.11968999999988
398.88,398.8363999999998
171.22,196.02146484848473
106.95,114.28901357142868
27.26,27.907999999999983
53.22,95.5122
117.43,149.65417289562302
302.52,297.32900000000035
316.35,127.87511035471785
743.27,740.3247999999995
192.91,204.60800095238093
77.57,151.21544035217164
12.94,39.05232500000005
63.1,62.87592857142866
82.66,95.65839047619045
323.74,453.20102882672893
35.85,50.860528524374196
120.08,140.5557
128.46,143.7926999999998
54.17,54.172200000000046
203.42,189.08269999999985
163.8,335.1369999999999
194.12,227.74595805029512
48.11,68.98089549783553
124.9,135.69642785714274
56.7,59.5052599999999
97.78,121.0964000000001
143.42,160.67103499999993
88.17,87.86012738095243
40.09,40.5602188984893
222.71,225.4954844444445
1891.63,2879.03275
175.87,207.90332499999997
132.02,159.07318659392232
43.55,44.07420000000008
32.09,33.121500000000026
34.45,26.173900000000014
67.76,67.1916637362638
243.2,240.27607500000025
40.84,66.30826666666671
293.92,345.6187766666667
1086.08,212.56420000000023
387.5,295.2621333333333
36.84,37.619660000000046
97.69,119.45635940476181
124.22,112.00213634920634
78.19,63.57403952380952
326.79,316.4689000000006
50.0,394.43471000000056
125.87,228.1519583333336
107.24,146.8021747619047
396.73,224.87110666666678
135.74,100.7499
175.25,167.8844059920635
349.95,337.06760000000037
68.12,115.30307261904754
87.47,89.05809999999992
229.74,200.44610000000014
312.84,304.1853000000001
180.3,223.18389999999988
40.65,123.48999999999982
135.82,148.95459999999983
60.08,113.55639999999998
48.01,55.30201083333337
136.64,75.53889619047614
27.15,28.516500000000043
24.82,44.15167111111112
198.57,217.30927499999999
76.5,89.91162857142858
71.85,124.55850000000011
96.2,139.7129342857143
159.02,171.3773000000001
188.18,214.0201933333333
169.15,177.2323305555556
163.61,252.94860000000023
123.76,155.89772666666676
6.83,48.70049999999993
21.77,28.784016389863986
165.62,239.50013333333322
138.02,148.01636107142855
61.75,63.65734047619048
26.08,27.50306690476191
1222.46,1226.0856999999985
152.77,191.3671250000003
282.25,260.4794083333334
180.62,136.9055023443224
60.46,64.62970299145302
270.65,250.0279233333335
221.48,121.97019826839828
164.79,173.88539999999998
168.51,168.47300000000013
115.35,118.1692000000001
62.61,62.61419999999992
86.83,97.87076666666668
388.4,341.1696654761908
203.89,90.35667500000001
109.02,137.94880763320015
100.0,354.64369999999997
238.69,234.46338223947245
141.39,157.36052105263153
220.02,108.55581857240627
96.88,142.41690000000006
446.82,439.8429000000001
106.38,101.83211199166475
260.99,260.3506000000005
67.06,117.86024666666667
143.32,178.7773
72.46,74.65030000000002
40.17,41.795609864344804
93.54,77.80742
55.53,80.30222000000005
152.35,156.65830000000017
45.32,51.34013000000002
532.49,627.5614333333328
118.58,105.84675666666668
144.56,150.55749000000003
215.95,138.96099166666662
147.28,146.7220066666666
99.22,98.25311555555552
217.82,197.22559999999987
2.22,110.78373999999997
196.92,296.2645771428572
767.21,770.0833000000005
61.87,116.70017142857135
89.77,101.75070833333331
123.81,124.93948333333324
30.0,30.0
118.47,119.62884999999989
230.25,277.12390000000033
111.57,295.56036666666694
144.56,143.0493333333333
927.63,867.4995500000003
65.43,65.43000000000008
82.77,85.6348015040835
23.72,50.033743333333305
97.51,110.14294000000001
221.48,121.97019826839828
164.8,165.00969999999978
61.79,57.45020849206351
99.13,118.95769999999999
69.14,91.87224428571427
172.02,166.25286000000008
27.62,35.17132285714283
70.97,81.0968133333333
294.88,378.2403666666667
171.84,182.4037
84.15,109.90457561451707
79.24,79.97299999999987
49.92,200.59807999999992
585.39,590.1371999999997
78.43,125.2485999999999
102.96,102.96909999999986
136.6,136.70670000000015
110.42,146.36899999999994
83.56,48.89253556603784
176.74,181.07484999999997
267.52,158.7850295238096
173.3,181.71820000000002
42.44,24.92814666666667
154.28,164.06950000000003
121.38,132.2370738888889
58.76,47.16745963203462
49.39,49.457300000000025
98.34,138.81503452380957
545.14,544.4222999999995
62.13,73.72215000000007
156.73,156.8019999999997
86.15,86.16809999999985
55.0,55.0
219.73,231.27181052631576
136.18,128.99700000000016
19.33,19.80329999999997
38.14,39.28329999999998
151.33,107.93064523809522
127.04,93.26927833333342
28.2,28.547816666666645
169.5,86.79719999999985
127.69,127.69000000000007
98.44,129.47010695508823
45.0,45.5042
111.76,121.93542000000004
160.75,161.44520000000009
407.8,335.12540909090893
243.69,235.73149999999978
230.12,172.1466576984128
276.56,246.84811166666665
51.79,65.33270170634923
262.86,160.0874761904761
139.48,134.69364722222204
105.75,113.14224285714285
141.69,109.05822857142846
377.56,311.54920000000044
107.4,130.93513000000002
131.04,156.50418333333354
196.32,136.9467083333333
633.5,604.8079061111108
69.61,69.60999999999989
600.43,600.4300000000002
45.0,67.37360833333337
159.6,169.7836000000001
777.24,777.2400000000002
397.34,346.5036999999998
473.4,274.92412191558446
40.23,89.89609892857133
82.64,95.60204761904764
69.14,68.60589735449742
186.27,207.78895009350938
135.84,162.94638333333333
46.88,74.07013333333335
1.92,18.049128528521443
71.72,71.89715000000004
124.89,113.02029999999995
188.0,137.06265000000002
121.09,121.09590000000011
41.59,62.72582095238096
1489.47,1406.3583708766234
34.0,33.9784
106.62,113.80970000000008
49.8,72.21239140734264
59.68,68.09411666666672
91.03,115.41132429168057
73.46,61.85721666666669
187.47,187.46999999999989
65.0,66.15969785714286
29.6,11.280586031746033
30.47,50.96254575642947
917.2,913.4541499999987
224.97,120.172975
910.2,899.3464999999987
250.0,211.8856000000001
256.0,132.90011879909486
69.33,78.9669821428571
1988.55,1969.8638999999976
106.78,146.6822788678135
161.77,161.77000000000032
50.0,64.90710000000001
46.58,59.94951694444443
114.69,109.37791964285714
188.92,233.16593333333344
197.96,197.61929999999955
63.2,53.475616355866315
115.35,205.80060000000012
39.09,67.7634589435938
142.81,195.5315641176469
44.23,54.24107436507932
162.07,238.49379999999996
76.66,106.59711951349298
216.87,240.82619999999986
710.22,806.3163749999995
293.2,243.55415000000028
40.75,90.86240047619049
110.46,137.688
488.14,489.1989000000004
155.01,178.53760000000014
72.66,80.971965
246.42,212.4186999999997
505.12,488.6862000000006
231.79,231.79000000000053
236.7,162.7112346733216
24.88,35.8653513888889
61.63,99.82431666666662
87.08,93.65464999999995
70.14,83.1899333333333
54.6,58.42415000000002
2681.29,1782.9056900000007
398.33,400.79040714285765
73.49,78.9435
39.84,33.784151622266634
75.17,109.37047942640687
149.72,171.92257809523798
81.96,90.58426666666665
114.07,73.48478952380948
476.85,537.2056600000003
104.7,90.63534304606006
1311.46,1243.5558999999992
153.32,79.0154999999999
83.23,67.2651719516594
203.67,88.06649999999995
247.5,130.06184860139862
43.28,45.31792000000006
80.19,83.30019999999988
42.0,51.95636974358974
104.6,107.26937809523814
53.5,84.62335000000002
206.08,236.17766249999985
208.42,551.2443999999997
57.58,42.85657380952378
27.92,70.98863380952379
220.04,220.04000000000053
220.03,175.3261666666667
128.0,72.22907311100228
33.72,50.27860146243543
108.5,91.50479999999999
58.2,69.33791428571435
22.68,20.087985714285722
250.42,191.3333
76.07,76.0093999999999
217.96,196.46029999999965
41.83,41.83569999999995
40.67,49.5663307142857
274.56,204.66658000000004
381.9,184.60877857142842
605.7,577.9066933333324
561.56,568.0557033333334
73.68,58.763413000000035
43.54,68.42063333333331
139.07,239.33280000000002
35.77,35.771399999999986
88.0,70.57781025641025
62.5,91.48365681818184
85.81,81.86820508967867
102.03,115.52819183303087
32.7,71.63104870129868
106.38,106.7150043571623
108.51,191.02978333333328
131.61,134.08960000000008
18.75,18.943134563492062
232.06,150.06830000000002
283.52,225.26600000000013
54.78,52.868500000000004
31.38,29.677789704997313
116.94,127.43880000000007
457.38,332.7694000000002
154.12,72.16924999999999
82.69,257.4931383333334
47.62,48.458099999999924
70.17,95.70080000000003
40.12,29.533282857142822
102.87,102.15560000000005
174.11,174.21950000000015
188.51,188.33442720779212
26.77,31.85463766233766
81.61,82.71626285714272
93.58,109.83169999999993
213.89,225.37619999999995
37.32,38.07649999999999
228.11,261.75766666666664
143.67,159.81549999999987
159.71,162.3618999999996
98.52,146.8589333333333
107.58,76.15485809523801
25.56,19.07038976190476
39.2,57.699373333333334
82.33,136.45969692763853
71.13,80.58170357142859
143.87,238.0798999999999
324.88,205.30997873015866
97.78,117.9755685714286
132.94,135.0915000000001
48.25,73.06049999999999
113.88,72.1605057142857
101.83,126.00286249999995
27.38,28.283800000000063
1644.36,1655.9839999999988
105.87,108.18720000000003
138.08,137.22743333333335
94.95,42.127899999999954
35.42,35.41590000000005
50.0,285.03585142857145
178.4,173.94599999999983
218.28,234.33280000000002
70.11,89.67074999999991
41.9,52.59626666666667
218.82,225.64979999999971
302.55,166.73146666666656
207.18,176.4373133333334
547.29,168.72250000000014
95.58,313.2200750000001
667.99,667.4256749999993
86.2,48.650111123598634
136.18,207.86193333333358
66.13,69.11022499999999
65.11,108.79896023809528
20.38,22.81873845238097
127.04,133.72380000000004
95.58,98.38420999999992
106.29,136.73238880952394
84.94,103.04490666666663
206.98,374.0676242857139
195.0,195.0
119.53,304.47048669363625
49.52,59.2865166666667
99.7,101.4754014285714
110.48,151.13497309523814
138.62,138.59370000000027
89.97,157.41091083333333
23.84,36.232200000000006
82.38,98.80178571428567
410.36,396.0240466666669
310.2,309.7148188311693
87.9,80.9322425396825
46.62,60.343146666666705
209.81,274.41425000000004
55.35,59.4882166666667
76.76,86.91453844877344
46.84,51.070766666666714
174.75,158.71139999999994
44.42,46.15400000000003
42.0,59.36585437405733
90.74,105.51401715686274
219.63,221.00279999999995
497.47,56.36539333333339
53.5,64.01066984126987
114.34,164.81358000000003
41.26,43.760200000000104
21.77,28.784016389863986
36.24,50.827200000000005
12.25,297.3432333333336
77.37,84.51284166666663
668.47,668.3264999999998
62.11,70.4152499999999
69.2,83.57667705882353
279.96,181.60729760461743
117.11,158.47760000000014
846.72,811.4422000000008
41.1,50.24341000000002
72.28,117.82599034632035
218.16,183.16165303030294
74.6,90.26332857142866
59.69,73.85309333333335
64.14,59.85981571428578
36.35,40.50088509438099
1916.96,1790.9699999999998
441.72,441.72000000000065
49.14,69.03833975885235
1.43,49.74764671801745
135.77,116.2226085714287
242.99,256.4452333333335
89.0,112.14352428571426
50.25,87.6224999999999
141.63,196.8383828571429
91.19,89.96746666666668
95.09,109.62675999999998
465.27,480.39659999999947
274.98,268.42129999999963
111.32,115.54309999999988
115.79,131.91387500000008
156.39,132.05193846153833
54.62,34.76218269230768
214.98,202.67077142857113
113.48,131.3672624999999
146.32,136.1077084981684
117.86,81.0993663636362
85.6,101.82876904761912
699.72,598.6554335858586
165.74,194.4193173160172
132.02,107.34858122798117
90.52,115.96560000000008
297.02,294.06240000000037
113.71,116.03029999999976
98.13,109.7867666666665
33.32,36.64913333333333
64.1,64.1000000000001
147.81,105.24938190476192
185.94,212.11812499999982
166.35,166.33910000000023
69.23,74.59806666666648
21.77,28.784016389863986
1783.7,1795.7812999999996
68.01,149.55833833333344
84.72,85.45540000000004
88.9,143.84651528138528
54.01,54.95610000000013
58.71,70.19474761904762
276.57,287.7069283333333
76.38,77.95950000000008
111.73,51.363833333333396
176.2,178.6651000000003
178.06,264.8569
81.72,81.72000000000008
548.9,432.07079714285726
106.08,117.3247666666666
62.59,106.83149627379161
193.84,188.56227561938493
322.21,321.2200000000002
245.86,436.35725000000014
609.56,592.1742250000003
676.8,522.7097974025976
197.27,197.1695125000002
37.37,45.73274652232619
444.04,293.3528180952377
25.1,33.079433333333334
102.84,118.23276666666666
111.02,107.26006095855266
52.79,63.580749999999995
32.5,40.046856140350876
246.81,256.8788999999999
20.0,17.18903428571428
235.32,212.64648333333324
772.5,202.44452499999997
336.86,254.19858235294137
249.52,205.8587000000002
133.76,133.16000000000014
198.3,206.07734999999994
58.79,65.73980799999998
140.08,346.91224952380963
197.58,217.2363833333334
67.39,75.61929083333338
83.82,105.3074499999999
442.51,446.1440999999998
67.02,134.09137999999996
120.91,138.31963499999992
497.89,444.1014933333331
114.2,68.37065678488179
131.16,136.3105999999999
132.03,181.55269107142857
87.2,45.59455214285714
115.2,85.45900000000002
118.35,162.7112346733216
112.46,131.66314188034198
54.09,58.50453571428575
38.19,39.48632976190474
62.46,89.5117723223443
91.66,119.16846420931235
41.84,54.680374638103594
35.01,35.014100000000084
175.08,175.08000000000007
160.51,160.5100000000002
726.89,733.5078999999994
30.06,26.62603915508511
27.85,28.739799999999946
1052.36,1064.1271000000004
32.38,32.670600000000064
466.27,529.5824599999999
289.68,234.20013333333338
116.2,156.2652999999998
42.39,70.64196766233773
153.39,168.20313333333308
73.15,227.37176666666662
446.3,478.13230000000004
126.99,82.03227209956712
183.36,177.4309000000002
1628.6,1636.6668200000024
4.44,28.193845790043287
34.75,61.89497559523814
79.04,98.38944476190476
119.79,115.87945285714301
182.36,130.34908242100096
385.74,376.86512666666704
40.13,42.56540000000006
23.39,24.132300000000022
26.04,80.28162753968259
124.52,142.30666666666676
112.43,119.29608571428585
95.65,91.87769999999982
135.0,105.45515648349101
2.99,95.10482857142856
1058.1,1003.3352000000012
43.88,50.08594000000003
90.27,85.12517360805862
199.14,197.02841249999972
193.22,194.74569999999989
30.56,59.65324944444445
32.38,48.07477333333333
8.9,14.587156547619054
46.0,44.76839200130819
198.57,217.30927499999999
105.57,121.17679999999984
167.07,169.87284999999986
31.11,41.414570000000005
288.51,281.07165999999944
66.69,66.70929999999987
53.56,51.57200000000003
72.43,638.142906257875
175.08,175.08000000000007
21.84,24.89841666666666
137.25,63.71633333333339
175.08,175.08000000000007
48.62,59.92975523809521
283.99,403.64317333333355
171.4,171.34889333333322
159.69,176.96115000000006
222.04,107.26006095855266
139.8,84.01677656704558
36.78,50.02640801545908
98.79,99.16188333333342
121.68,38.74417692328914
36.78,53.635530000000024
132.82,152.4035
125.98,151.6577666666668
38.41,41.83489999999999
38.69,57.35455180402933
48.13,79.57402857142861
43.11,53.330380000000005
77.09,90.84155454545461
24.68,27.361399999999975
175.25,167.8844059920635
269.23,283.0115071428573
96.72,98.29329999999999
41.22,43.37209999999994
28.04,38.8197476190476
278.22,280.33697500000034
135.07,233.216245
125.52,128.8321625000002
10.5,64.40864999999997
103.46,139.32002809523814
48.44,91.14319285714282
35.4,44.207944021802966
92.2,107.1724944444445
31.03,34.51369999999998
128.93,128.95900000000017
1755.35,1765.7468000000001
244.74,162.93956857142857
228.71,293.1964428571428
40.0,74.55190809190809
46.6,96.54470912698413
92.57,95.48369999999989
209.74,202.77761666666663
257.34,259.96347500000013
77.66,77.6345999999999
167.17,55.51724615384617
103.87,164.02720190476185
186.45,267.93690000000015
90.6,141.72635666666667
49.54,58.03205050505055
222.15,180.3247999999999
48.95,49.34889999999993
83.06,125.39943428571416
47.43,47.42999999999998
837.39,852.2864
71.14,74.18015187925295
240.0,152.6065545565545
1392.37,1327.5861499999996
87.71,87.70999999999997
93.24,97.49618138888889
80.2,101.86172659297877
65.71,60.12414339193449
52.68,174.08010000000016
776.39,765.0133904761901
113.2,47.54398775946276
126.21,165.21699999999998
175.82,177.33119999999988
212.5,255.5775733333332
40.79,51.344726323529386
50.57,44.364916666666694
154.85,266.8813714285717
37.89,42.33220000000003
272.64,116.86156051658261
16.43,20.13039999999999
64.0,72.22907311100228
74.71,69.04672285714281
369.6,369.59999999999934
421.65,466.9637999999998
155.65,168.6616816666666
391.56,419.8522999999997
165.96,122.70178664022899
154.67,173.64699999999993
87.18,87.15680000000013
157.2,160.80474999999987
134.12,117.86024666666667
76.08,111.71081456043952
15.71,37.947100000000006
117.85,124.57910337662337
379.07,386.52583333333365
131.71,144.1255499999999
42.41,41.2879849267399
142.89,132.8292
47.44,47.647749999999995
91.72,46.97433676795355
3.24,52.180669999999985
20.0,29.241399682539654
65.71,58.154036116909346
240.41,255.5209000000001
32.42,32.420000000000044
145.66,145.67839999999987
1224.87,1237.6828999999989
124.48,225.68680952380956
84.12,89.69237500000001
151.82,173.87404130952385
95.09,109.62675999999998
122.36,85.08937333333333
294.37,303.722685714286
78.55,91.94905000000003
197.58,203.65000000000012
299.96,347.185775
37.77,41.78100000000001
73.56,97.27721000000003
138.5,166.563740909091
34.0,25.43892476190477
103.86,103.88069999999999
119.16,107.44799999999994
124.52,124.5200000000003
49.84,51.960600000000056
225.12,226.46790000000001
63.23,67.97591166666665
83.34,102.6779497619047
43.23,45.33155999999999
30.22,116.86156051658261
66.6,66.32360000000008
1053.84,1043.5015999999978
26.0,42.69903809523811
511.38,384.7508499999999
870.35,576.0069021864736
44.41,125.51907666666673
147.29,143.25628277417016
61.18,73.8818
45.61,124.23430693399555
5.89,18.478199047619047
218.11,226.19926000000004
205.57,426.9833800000002
137.6,143.62358474310727
1157.66,974.4292000000013
38.14,59.74471000000001
64.51,67.68390000000014
171.64,200.03347333333343
36.59,52.30744333333333
535.97,549.0966000000003
168.2,168.2000000000003
82.01,90.7463583333333
614.38,913.8526999999991
868.24,807.3112000000004
135.84,116.25750000000008
445.32,455.9105200000004
141.37,139.15837140692645
111.54,98.01972000000002
234.56,333.7301666666666
68.04,91.00809000000007
9.46,25.92661722222223
133.51,182.3368318181818
218.25,211.08474285714286
17.59,64.42148095238093
64.42,65.3497533333334
201.04,200.96430000000046
53.9,59.857199999999885
50.95,52.751238095238044
92.97,104.90398333333331
177.77,181.07254999999998
145.26,115.84425614035102
25.23,40.598069696969716
148.06,137.23602285714279
830.64,745.6751285714281
241.18,96.38549000000003
127.19,281.5389302380955
211.06,161.2016283333334
381.9,184.60877857142842
104.87,104.8700000000001
94.68,75.17574999999997
247.26,247.76029999999975
226.23,228.0253
94.3,94.30000000000001
111.72,140.47778166666657
135.0,110.46769948131892
75.17,84.24030000000005
171.44,137.0821848029258
36.22,38.63079999999999
58.17,142.48266396797644
69.32,118.45290666666655
246.36,315.63089999999977
105.37,98.38322564376833
76.58,92.56497501222637
61.27,80.92661666666673
433.83,443.98061388888897
60.01,99.62245000000003
56.22,74.01766666666668
40.68,54.14727428571431
3.77,83.248
350.41,340.3938071428572
75.62,75.6382999999999
39.1,39.83248253968254
107.87,110.63915413941133
146.68,99.32322469943719
346.44,338.8564999999995
42.46,37.735975000000025
33.1,37.83020666666666
63.61,80.26685735930738
148.15,147.81369999999984
30.22,25.098900000000043
64.32,87.64330666666666
193.6,138.26266666666675
140.3,198.19487500000017
121.39,171.5462542857142
57.37,59.625534999999964
161.54,161.4746000000004
139.36,151.89327857142848
139.22,166.36182293650793
69.66,58.49129999999997
150.04,255.93916611832637
399.35,419.70020000000034
39.09,67.7634589435938
153.77,181.9574333333333
146.56,149.48840000000004
48.13,208.95295714285734
77.57,128.49826210518762
297.88,208.3506
246.29,176.21306
49.0,62.39006666666669
173.84,176.3375923809524
77.57,125.01264010334224
37.36,28.193845790043287
20.0,27.987309999999994
216.29,227.27295000000012
249.04,207.4937000000004
17.68,71.5918
147.69,155.80712499999993
194.76,210.1428
792.06,789.7320499999994
44.5,49.444825000000016
313.0,314.72945999999996
102.85,68.1416664285714
110.33,145.8908666666666
43.58,73.64915
292.37,278.6730000000002
48.78,97.50889999999988
222.1,336.75319999999994
254.44,220.46349999999995
95.48,57.50740000000007
71.26,76.8645833333334
158.59,161.68350000000012
51.32,56.273500000000006
58.13,71.61121904761904
68.63,81.88661333333336
63.13,66.20900000000007
162.24,162.2390999999998
107.06,122.43320238095244
71.99,85.35210000000012
77.54,78.39241250000002
75.66,64.51659999999994
162.07,63.042877142857094
21.68,25.930633333333343
103.55,149.82377018059552
359.64,363.40520000000004
219.87,144.97576071428568
270.72,274.97280000000023
54.73,148.8998608730159
311.0,258.9092249999999
43.0,44.525175
257.18,256.50180000000023
232.43,456.61730000000045
77.08,57.98642111111109
69.03,55.44887733766233
50.74,48.60535833333328
37.0,38.45189428571429
63.42,72.97974999999998
86.64,105.49529687312686
27.0,82.23407499999999
334.8,327.89919999999955
6.12,78.17866998954996
50.58,35.71642666666669
117.85,122.32756765151522
78.2,81.90213333333321
120.68,120.82600000000016
114.53,118.52871289682538
542.84,488.72813333333244
77.75,127.02717500000003
33.72,29.359230303030316
270.36,241.51580000000024
56.6,56.26075432392262
167.3,141.64889333333312
7.58,63.48054747058823
157.79,156.52270000000027
113.61,182.26914499999998
75.78,80.00119999999994
26.39,43.47958333333333
210.0,204.02
107.02,220.13125856630086
68.33,67.71789999999994
226.9,212.47697063492055
155.38,95.99328833333328
43.42,55.03140000000003
31.38,31.977389743589768
238.53,204.47307325036084
285.26,365.83165833333334
57.96,50.271441111111145
104.85,176.3661900000001
81.78,93.13215999999994
60.64,117.71220000000015
172.14,185.66025190476185
38.36,38.73400000000003
58.7,85.72136666666667
441.72,441.72000000000065
76.51,88.33145000000002
93.8,114.08749166666654
38.13,45.893699999999995
144.87,149.79389999999992
232.53,252.11667499999984
182.46,65.45925877620917
69.77,69.76940000000018
283.78,206.18068817460323
74.08,84.66593333333327
138.08,136.77178333333327
2.61,7.925584649214962
298.31,444.0304000000003
123.34,123.52491428571437
106.07,109.25408864324086
129.2,88.18902444444446
37.61,41.84692909181281
756.49,755.2254833333335
210.36,197.6432000000002
20.1,40.76082166666667
55.24,104.65072271901917
64.51,78.70670000000013
254.06,177.4643666666667
419.44,391.39799999999997
28.27,29.639528763736248
39.9,32.431750000000015
47.52,27.538477380952394
235.64,236.89562333333328
80.67,124.7133766666668
1525.78,1040.7883499999998
200.75,209.48039999999995
137.64,92.52522833333329
555.32,555.2352999999996
181.66,196.6912666666666
80.2,91.75692499999995
111.81,126.15564821428572
77.41,79.10849334249075
293.54,373.2188916666671
42.36,43.424566666666735
92.06,247.83909999999997
113.08,117.0736476190476
21.62,58.20459999999994
43.28,57.848993333333354
113.44,184.5817499999999
181.6,352.13480000000015
52.45,67.43131999999991
170.95,90.02867444444446
251.07,246.70266666666652
147.78,152.59937777777782
193.45,115.94666000000008
59.75,63.97434166666673
45.0,44.42903333333334
188.43,205.64524
57.5,53.839075
91.03,115.41132429168057
56.42,45.62578624098121
7.53,68.53379999999999
119.29,223.1404
76.3,35.97750000000003
99.43,108.91660972116259
79.28,72.56199999999997
306.3,285.50169999999986
66.63,66.41934761904768
31.66,54.05815111111106
49.23,61.27425000000002
33.85,129.13860000000014
108.43,113.54394999999998
68.88,81.43902824822244
279.4,294.11930000000024
76.94,96.18966666666665
115.35,108.84926190476195
914.05,905.1276000000008
133.99,124.11429142857138
74.88,82.37085000000006
313.5,316.45235
20.0,86.96122936150448
154.83,181.68124999999998
117.75,119.59545
327.55,260.1239847619049
69.33,108.82796999999997
30.91,49.40381666666664
243.51,138.32015538372085
74.5,96.56040249999997
63.0,68.97758333333331
32.19,44.43184999999993
36.0,36.0104
55.24,104.65072271901917
765.84,637.8734999999988
65.94,72.90796999999986
962.82,954.9692000000005
127.69,127.69000000000007
95.44,135.72692000000004
462.7,423.40229999999974
539.12,358.23439999999994
65.6,102.84110000000003
124.02,76.92143642857151
1334.28,1270.4109183333342
132.54,122.2768333333336
197.37,212.54780000000002
224.45,234.01039500000036
194.51,245.2601879062114
32.79,35.62660000000003
42.58,42.768514562328804
35.09,39.280860000000025
126.2,126.78965000000005
66.01,159.07318659392232
69.86,25.2258
65.92,66.57170000000002
376.39,372.08844999999985
160.76,162.96620000000013
156.73,292.67454000000004
125.73,181.61618000000007
187.92,197.50233333333327
177.27,180.61626666666672
123.0,89.6935534049284
258.51,257.4601999999997
177.27,185.1009
41.1,56.82370000000001
254.02,154.84484630952394
124.93,100.60308296296306
58.45,58.4499999999999
103.26,176.9428443362559
116.74,135.95092499999996
137.58,208.7048900000001
72.67,75.75787000000005
77.8,87.62796500000005
46.09,99.15408181818181
61.59,63.70835833333338
357.62,262.545375
212.83,217.07243478260875
64.26,81.48140000000001
167.86,181.93527714285727
170.67,188.0136
34.11,57.47397904761905
71.14,85.62171666666669
48.74,35.31226476190477
1951.95,1807.5424250000017
116.94,116.94000000000001
144.26,145.8674555555557
113.56,58.763009954303726
31.79,31.45434999999999
236.66,237.96940000000018
45.09,48.6961566666667
60.43,66.04100000000003
52.0,57.463333333333345
172.14,192.37154000000012
206.31,57.67364487179487
55.18,56.57770000000001
85.74,125.22894309523814
53.01,55.360865641025654
589.08,470.0320590476193
66.72,65.96576220779224
50.1,50.100000000000016
212.56,179.4753094444444
128.95,133.11609999999982
30.0,42.470004329004325
240.0,152.6065545565545
62.41,77.46791373197361
11.02,109.43771595238108
89.88,111.01689055346213
348.78,345.8734999999995
128.99,133.2305488095238
46.8,75.23245500000004
36.36,38.34480000000001
209.12,204.66076666666663
100.91,169.11190000000005
37.77,43.56440913049369
51.35,66.10855000000004
20.0,54.68654768009767
82.14,94.68470523076921
121.21,150.9225666666665
221.79,72.21322606060603
329.95,378.0429714285714
69.03,94.37435670634919
194.53,212.15699999999998
128.48,173.90913214285726
243.45,243.16190000000017
205.44,73.52709999999995
70.02,73.25709761904778
39.97,299.79794333333336
21.04,21.039999999999978
105.83,122.91259999999998
125.42,211.0675616666669
528.78,491.46109477877485
130.57,130.56999999999982
413.72,671.8149000000008
94.3,99.64379999999996
117.96,168.10823955544066
319.99,243.19041999999976
56.99,57.849066666666566
40.0,45.962502889267604
80.05,95.40679452380954
96.8,100.38880857142853
66.33,68.36487222222216
271.32,206.28710000000012
174.43,177.3031000000002
837.42,732.624199999999
69.33,29.063882559523805
195.91,202.80420477411465
29.72,109.04690000000002
140.68,150.35380476190485
162.26,172.39447500000009
348.63,193.65649999999994
650.13,899.5249166666658
38.1,41.27615312599681
144.58,144.58629999999997
24.35,24.449904999999998
117.36,117.34560000000005
195.91,198.91
116.82,119.74189999999986
235.46,122.40829999999977
110.08,70.18166884250253
56.0,60.02917678571432
62.25,62.25
98.02,123.32911666666658
84.73,221.9981899999999
3.49,18.049128528521443
862.39,831.2969999999997
37.1,73.16136606060608
131.88,162.22052172077898
44.26,48.11215369047627
74.16,80.61994502066196
38.91,51.59246690476187
65.0,89.35860666666672
164.79,158.20344321428578
206.92,251.1087863597513
35.77,40.9768137017231
59.42,67.73080000000006
109.67,126.00378999999994
34.91,147.41179999999994
136.0,128.81300000000002
35.68,43.629593333333354
371.55,316.33202258297246
124.7,207.55496262626275
378.63,450.2106921170242
808.88,638.7397372582974
73.61,75.87669166666663
10.81,49.019978600288596
101.62,151.52505000000005
38.41,47.35031785714283
73.78,99.9609666666667
193.44,103.52930000000002
35.41,36.52188181818179
47.29,53.32276458333333
71.82,73.57405499999997
45.93,29.587116666666642
175.9,181.9598500000001
273.46,288.1074000000001
96.09,140.62399999999985
198.49,201.93337682539664
157.4,166.60394999999986
193.3,104.06236042042482
217.06,215.20850000000016
73.84,125.64396666666651
764.07,705.2707000000003
42.38,95.05842047619052
660.41,648.3432333333348
376.0,241.79136666666645
22.29,26.677115476190465
216.15,121.46580555555563
55.11,59.425750000000036
568.5,471.4755333333334
163.79,163.79000000000042
54.34,54.340000000000074
214.14,251.61020000000016
44.36,44.98353380952384
106.97,108.41338809523802
21.38,23.24846854452768
25.75,25.960444444444448
354.02,422.9385333333337
45.0,45.32880000000001
98.51,83.34682880952383
75.66,62.76029999999992
181.16,169.00368000000003
31.52,42.761866666666684
172.41,177.25783333333328
97.11,102.499755
96.98,101.8846466666667
167.43,253.88485166666666
247.23,247.32479999999964
39.34,71.30754333333331
14.65,70.75119999999998
146.4,123.12756838383831
136.44,135.4112000000001
138.15,142.0596
58.32,43.88913313492065
889.8,989.3618880952386
5.43,32.93788301587299
80.1,93.74350999999999
67.16,154.96119978354966
57.11,70.83642388888892
62.01,72.27879716799508
125.74,95.1180566666667
154.26,157.10900000000015
30.29,44.44094287415484
42.44,61.03376833333327
81.88,90.2931783333333
164.42,156.73633023809523
19.46,235.95524000000015
1.48,129.56410000000025
102.03,108.05798514376802
108.82,165.82703666666657
247.04,607.3510146557524
27.23,36.303433333333345
384.5,378.42470000000026
109.9,111.56805710144921
47.69,65.12117476190473
158.29,220.40965000000003
131.57,147.62236666666672
468.81,468.7877999999998
143.12,143.89160000000027
50.0,108.41896666666673
101.87,106.36750000000008
54.36,71.53127601545509
76.08,83.9587612987013
359.56,241.89105000000004
192.67,212.86660000000015
99.9,129.45644109389906
63.12,88.10119699300698
126.01,147.69443333333334
40.69,40.968400000000045
689.43,698.4415000000004
137.55,177.79152222222226
32.09,34.32024642857145
452.72,395.9871466666671
106.36,116.93339166666678
400.03,417.87450000000024
294.75,296.4583000000004
192.68,192.6847000000002
39.84,40.05473111111117
44.25,62.58776666666668
96.31,104.59429999999999
271.58,305.46345000000014
0.1,5.484149824619827
185.05,86.03146833333334
123.49,123.48999999999982
1476.8,1458.7400999999993
51.38,51.09450000000008
215.56,95.75374002525255
67.22,63.24539571428574
112.35,122.12530000000014
112.42,181.38933787878807
293.46,319.5693999999997
619.34,617.8465999999985
69.62,71.6842083333333
59.22,59.10907500000001
196.01,234.72378179338918
110.18,58.056950506372374
45.0,122.23899336829838
133.64,114.70789999999994
47.33,46.10184555555559
49.44,81.67780571428575
96.93,107.83762905982908
458.38,229.3152
65.85,67.48896666666673
60.0,77.8612954739432
167.51,167.53850000000014
76.0,40.403600000000004
234.95,287.44534333333337
22.75,21.004411479076484
104.73,88.24960196969691
57.51,64.9907574873738
349.12,398.7898250000001
56.78,56.779999999999994
95.21,151.16015212121198
56.78,63.077752702076225
66.81,66.81000000000013
299.34,266.44216666666665
48.81,57.71769523809526
132.9,182.34950050505046
22.44,69.10119096645178
75.19,74.62025833333331
179.34,258.8113000000001
126.22,133.39214285714272
83.7,109.18666492063485
42.78,55.11121904761907
118.35,162.7112346733216
101.93,112.22614000000003
94.52,118.03040966825976
65.89,68.34960000000007
62.08,62.57719999999997
414.46,489.8339999999998
104.52,118.05889999999992
36.96,102.2456499999999
53.68,85.099296944624
249.14,191.59379999999987
57.98,69.80596439393943
237.94,237.07199999999972
78.62,96.52919999999999
157.77,158.72230000000008
1981.22,1960.9953999999975
95.21,106.66156666666647
212.32,189.7189220779219
199.27,199.28770000000034
221.88,234.17912922077926
59.1,102.39830000000005
121.45,138.5427833333333
140.49,229.54267185314697
67.58,80.45132666666669
121.8,103.01158692832037
83.17,89.60800850510601
296.1,172.93155
273.62,271.8364914285712
42.78,78.79882666666677
100.23,102.99513999999978
75.75,59.91670000000001
92.97,110.31687523809528
76.73,80.35779369047607
48.17,59.423593554376694
62.83,66.05949999999994
111.97,137.49839999999983
123.49,125.57469999999986
171.4,126.59069999999979
226.32,68.11203666666665
223.48,212.44877166666643
102.64,146.85043333333323
121.4,106.20581999999987
79.44,106.6978
167.75,172.29453333333333
144.54,116.15939793650797
108.1,124.56760000000006
185.28,243.7606
160.74,197.56300000000007
36.3,61.639237313073224
37.88,38.14962857142858
175.5,262.44828
160.5,164.26032305292748
81.63,92.37218571428569
72.14,74.39304595880785
28.75,67.56876757606643
139.38,179.1781
121.97,183.96195761904767
232.14,324.36480000000006
88.72,142.2522655051861
372.52,311.0199
147.74,154.5745166666666
166.04,174.74870000000007
1442.84,1399.2662999999975
197.5,199.34539999999998
232.71,215.535671428571
100.18,81.6906433333334
722.76,701.9473000000003
61.38,38.24181551419425
67.46,100.98987238095242
56.89,65.04570000000004
235.06,257.08860000000004
31.75,36.29251666666668
387.32,251.02889999999996
92.67,117.4865857142857
151.7,88.07488303030298
94.31,73.7907532844933
910.6,716.5282249999999
150.6,150.12520000000023
46.09,46.45860000000006
148.15,134.35882096705
120.04,142.8935716666667
164.55,244.2451279761904
148.32,90.82087064935058
146.57,146.4467999999999
49.53,54.1641285714286
90.35,112.60430000000008
129.93,149.55857595238095
87.96,89.51192158730157
50.0,69.62789105869957
230.78,124.62740190476192
56.6,56.26075432392262
165.98,173.58756666666667
156.87,195.14599499999997
78.91,85.49023357142865
28.75,34.70109694489116
636.74,636.7399999999994
198.96,199.30839999999964
92.91,100.4396755555555
142.16,133.09259999999992
181.55,173.0092096802612
57.72,62.56473238095237
450.53,533.1766866634251
66.78,54.406013698041086
9.15,27.00391428571429
165.78,179.4228133333332
125.97,169.1579874242424
39.96,40.66208630952382
1150.11,1128.9851999999992
140.82,145.06959999999978
57.63,65.12367499999996
37.24,60.540381428571315
100.33,100.2969389722042
70.46,76.0521047619047
57.78,64.21875000000001
159.3,160.6469999999997
145.12,101.56711222222224
122.43,122.40140000000015
63.17,121.32344547619049
116.57,132.13504117647062
137.27,119.57790000000003
79.51,103.99714000000006
29.78,58.213600000000035
62.62,45.0356041450216
128.25,127.3215
130.06,156.16112428571427
73.26,76.00376833333337
99.35,116.29689145027658
185.52,164.55155000000025
139.61,141.43816601731606
321.34,263.2458500000001
108.88,116.5234333333332
264.82,279.9631
715.32,595.9938999999998
36.38,35.119309385322836
82.98,122.70178664022899
146.66,148.16529999999992
54.6,61.08400000000005
393.79,396.72834999999975
180.21,191.66190000000006
39.99,47.484691428571416
136.06,147.82033630952373
199.95,223.50777190878588
352.76,375.8400999999999
301.63,515.7112500000002
136.91,38.38040999999999
912.69,861.2461899999995
166.8,208.27784023809522
71.19,82.13172202380954
857.79,863.4267333333337
244.36,258.72219999999993
137.41,154.47942000000015
50.0,115.93990000000007
109.84,147.61035833333327
68.13,68.11308564272102
101.9,104.3355999999999
177.69,266.43455
80.91,92.88713999999999
113.15,110.2886642857141
145.11,141.63758571428588
168.8,168.7999999999997
84.82,79.0036916666667
139.8,84.01677656704558
191.54,209.68095000000005
123.39,144.95850000000004
191.02,128.51565551587305
208.75,211.17373333333333
112.49,176.7254083333334
140.22,147.42382666666657
51.84,68.33058643976143
910.6,696.3545999999994
579.0,411.2072589077588
29.44,36.714399999999934
140.49,229.54267185314697
10.47,15.838199999999988
222.42,187.4415499999998
120.24,75.67390669172929
99.22,108.5373768322436
118.26,117.23706394259798
148.75,207.25439999999992
83.44,94.57536150793646
22.66,39.21934246031745
92.43,120.4154414379085
347.08,444.31910000000016
920.94,779.7330128319143
144.66,91.82506666666663
64.77,76.53126435897438
66.05,85.37508690476196
759.25,764.7349999999997
327.98,1080.4603
175.32,148.9307631746031
82.4,92.86973305860802
203.71,202.93214999999955
92.01,95.10638500000012
59.18,75.82210000000009
38.55,36.41600000000003
78.04,80.45747999999996
41.0,40.973800000000004
1767.1,829.2741831953116
344.96,344.8164999999995
106.5,106.70960000000001
286.9,286.38813333333314
128.88,71.26064999999988
282.58,236.7367000000003
86.18,55.732302261904806
57.49,65.1156
193.42,96.57453333333322
37.68,47.665974234895856
136.38,122.97894999999983
47.6,49.363600000000005
137.8,176.3308901831501
185.21,82.46523333333333
75.55,95.64747813852813
89.3,93.25233333333334
61.38,88.67162559523805
69.07,83.48136666666656
315.61,378.0098000000001
762.4,745.1617000000001
183.25,183.39509999999996
218.27,218.2387000000003
173.25,173.2748
74.49,75.72473333333322
513.14,298.1668666666667
84.8,75.89810714285717
85.23,95.72629999999988
209.91,69.71334378052502
31.29,31.679099999999977
40.96,50.165100000000024
68.86,71.34094333333333
118.56,83.6943416666667
71.07,72.75008333333335
467.07,239.6069333333334
20.65,40.50088509438099
1014.61,1013.653700000001
183.67,192.45220000000006
29.24,55.89954108391609
83.45,97.92911374458865
507.76,371.99211999999994
33.15,58.408008809523835
177.49,186.73072945950858
85.3,126.80787952380952
97.8,83.00020000000006
249.62,161.9209157142857
98.62,98.62000000000006
69.84,69.85140000000003
153.72,367.9669508333333
60.54,39.04677035714288
163.26,156.76195000000016
47.29,52.04209999999999
92.1,101.2570000000001
59.38,41.723763333333366
303.63,301.2739000000002
90.95,102.66559250000005
74.49,96.00059983766232
47.69,68.70288008658005
10.33,22.856051666666673
48.3,65.10387500000002
1373.83,1365.88032
226.7,228.77333997114013
177.49,186.73072945950858
94.17,115.11106309523814
26.61,29.61735238095238
170.89,141.44015000000007
50.0,502.34184155844173
66.67,115.49549273111853
52.01,75.2680014285715
167.0,128.21723214285714
385.86,469.5523352272726
199.44,225.54113170385168
219.42,206.02607142857113
89.52,72.24870000000014
454.76,646.6679666666663
155.63,189.4583999999998
164.63,183.31105529359516
135.49,140.38909999999993
536.09,473.6327199999994
69.2,94.03469999999999
29.62,30.569299999999938
133.25,144.71903333333333
261.92,327.7675999999997
83.06,90.44848714285713
32.77,41.338465111937715
1225.05,1271.9536000000012
259.56,262.11220000000026
56.99,57.849066666666566
557.62,294.35155000000003
140.08,146.47640000000004
40.85,53.661530952380936
49.05,65.03612166666662
49.03,51.31833333333335
33.79,53.639232619047654
1.05,47.75055173992674
65.8,86.56559999999999
6.78,59.28111083865724
125.97,169.1579874242424
75.07,95.52767321428563
167.86,208.36016666666677
154.12,124.75620000000009
51.69,52.25769999999995
98.89,75.61569081873877
120.39,121.72507368421047
116.36,139.14540000000014
1591.24,1448.0278000000008
39.28,27.34821459752754
132.95,132.8867000000002
101.74,59.34165931623927
53.55,86.68371923030082
106.16,110.23833353849115
73.34,73.75479166666675
106.84,130.20469333333332
117.94,113.7236932191477
157.06,179.11145998917732
349.76,199.7874888888888
946.9,1000.1486
87.38,98.02013333333332
183.93,195.36288000000005
320.91,212.68454999999983
144.66,121.83643714285716
55.18,163.80468333333326
309.31,319.69100000000014
168.83,168.83
21.04,21.114177777777755
64.77,63.48694713745439
28.72,50.173235
99.75,100.6532
301.44,306.55636666666635
318.44,318.70869999999945
30.48,30.460616666666684
42.39,58.160368766233816
344.55,344.55159999999967
294.42,236.39709999999974
112.39,112.59883333333329
190.22,165.12656666666646
206.99,173.64648882561877
74.66,81.07352333333327
35.84,35.840000000000046
154.47,155.46760000000006
109.35,119.77792666666672
65.01,74.71250000000005
246.82,222.8948599999999
60.46,64.62970299145302
56.6,47.54398775946276
431.65,432.6248166666673
32.53,51.89235357142856
124.79,144.33780000000002
127.45,162.32263333333321
194.0,248.2362
84.63,110.90295405366565
262.3,328.5992
66.67,76.0135875
86.02,86.02000000000022
83.23,89.18942333333332
285.54,286.70105000000007
258.47,253.8863661904761
140.54,143.68850000000012
97.09,116.82707448107449
131.46,131.4599999999997
32.09,32.09000000000004
43.39,51.0618466666667
82.43,78.52957222222223
35.71,36.15915000000003
55.33,82.02535000000003
51.69,52.28992500000001
153.32,166.3467233812958
144.17,147.2521499999999
27.77,27.769999999999985
75.28,92.19400000000002
112.02,112.02000000000027
55.09,88.1680008333334
100.95,148.16040000000018
164.66,136.45969692763853
19.1,37.79934567450952
1233.42,1124.3500952380946
77.5,114.93019222222223
294.7,290.93807833333364
143.65,145.09649999999976
315.06,304.71620000000047
43.98,43.97999999999998
0.26,17.497410276855504
34.09,42.23328166666672
168.88,169.99946666666634
124.49,167.65184999999994
63.29,83.62082277777782
2.24,9.345427507770014
20.0,27.22558
164.44,199.55750022727253
116.74,116.73199999999983
237.18,255.75910000000044
128.09,206.91105413721897
171.8,118.15890000000002
170.16,92.69211602564104
7.68,63.36942000000003
74.62,97.40193999999998
82.98,122.70178664022899
31.35,37.26266904761908
107.03,109.75418000000005
69.64,73.95243333333332
258.38,147.6568529617605
404.16,413.2985999999992
164.1,269.3804900000001
254.91,143.58464999999995
125.42,145.71430000000007
40.55,68.86476666666668
663.93,670.2526799999998
56.62,64.56899999999992
63.5,37.730106269392884
47.78,57.77049428571429
226.96,231.7794571428572
92.95,81.1056799999999
155.14,151.21544035217164
32.38,66.94648666666663
96.7,116.60203333333335
61.19,64.96546666666659
156.15,165.43634999999998
68.19,74.51273777777777
26.87,77.7375961796537
103.19,102.67539166666661
546.45,574.8415
140.16,140.1010999999999
26.09,26.781466666666674
84.07,97.0218666666666
102.03,108.05798514376802
618.94,611.9569499999998
176.99,176.98149999999995
186.5,209.4590985225146
524.28,495.310866666666
17.13,31.639766666666663
47.68,75.39581357142848
115.24,132.7552724603175
125.51,144.03260000000023
308.42,310.77989999999943
271.69,291.877775
161.86,168.4269666666666
36.27,36.37359999999998
152.88,152.33399999999986
234.84,234.42550000000006
138.25,175.79472499999991
159.52,93.95053166666665
144.97,143.76874999999995
394.83,131.61000000000016
109.16,109.1590999999999
30.71,55.76596000000006
161.38,160.6264499999997
199.76,254.80420666666654
164.63,183.31105529359516
236.56,185.81224301587292
123.03,137.3714666666667
52.04,79.35680000000004
83.69,83.92984999999986
938.93,954.198100000001
200.75,224.81700000000004
48.69,48.68999999999997
287.89,281.4953966666668
317.4,289.53510000000034
43.38,47.970496666666705
116.43,120.01700000000002
38.24,55.020173333333375
177.13,216.10149999999987
181.15,173.8333999999999
320.96,285.7650642857139
129.38,174.97379999999987
73.36,49.01524666666666
738.16,752.4806000000003
178.49,179.51273333333327
9.46,25.92661722222223
37.77,37.81487142857143
119.66,92.20458559523807
162.02,174.58708166666673
271.12,269.0949999999998
94.23,129.47854880952377
59.68,32.79616785714285
91.66,139.15568430735922
45.25,48.43928000000001
103.08,150.42419857142858
179.94,157.41091083333333
48.42,70.79277880952381
113.02,138.3730999999999
260.1,235.7228133333331
61.78,71.33209010073259
38.96,43.95715333333332
108.65,106.26249999999982
35.22,50.47508095238091
72.05,72.52317652380958
50.15,50.5725409090909
105.29,112.86718750000004
67.72,38.15498775613277
205.38,250.0342019949495
45.7,56.66557500000006
113.93,175.34460266788778
166.81,168.4658749999999
56.29,68.72985055555554
121.69,121.77150000000003
101.73,101.72999999999975
93.64,93.68770000000006
100.0,163.05840000000018
347.5,249.82972367965365
100.83,125.72562499999998
37.29,40.44903946360151
62.71,74.31183333333334
72.62,78.20094994949496
21.43,21.42820000000001
159.03,165.01550000000026
183.03,67.19031852748535
322.17,314.2125833333333
79.7,64.74989999999994
226.95,92.8373777486428
270.06,220.06630000000024
144.82,150.09222857142845
143.83,143.0691
284.55,303.6703999999999
251.11,265.39654
94.51,109.46491984126989
44.1,62.13635000000006
108.58,113.52899999999998
92.84,95.90116000000003
55.69,63.834866666666585
73.76,73.96220000000015
50.26,75.95051904761907
265.9,362.49999999999983
51.14,68.50829904761903
118.72,118.88379999999982
34.17,54.39009285714285
129.58,145.6061247222223
47.05,54.72590714285721
60.0,59.99190000000001
134.34,108.71905763680765
351.22,801.4351153838346
310.11,310.9026000000005
185.88,190.38885000000005
104.12,104.1200000000001
176.16,198.9001619047619
31.43,50.873037695652165
108.83,112.00719999999995
142.21,166.60495523809527
65.01,106.76399880952373
57.68,64.4312266666667
64.18,95.51279047619052
114.6,105.42810000000017
36.84,51.1008837301587
72.66,69.66315999999996
117.75,119.59545
36.78,50.02640801545908
725.81,906.2377000000001
116.72,116.87728333333345
72.48,73.29100909090904
43.27,49.67689047619049
157.6,136.1122
133.49,152.21190166666662
220.18,119.7404593506494
228.6,330.20470000000023
458.38,316.6969999999999
154.53,182.955
113.24,179.98880189560444
158.56,163.28193333333337
371.89,370.4547666666668
394.83,131.61000000000016
212.49,214.5888000000001
188.0,72.996125
28.51,37.775608333333324
111.32,109.85419999999989
101.78,108.66847833333345
151.84,76.14616666666669
75.21,88.28720000000001
47.29,53.953933333333346
42.11,42.60242000000003
164.81,146.09839999999997
59.31,48.26000000000001
146.85,282.32160000000016
180.3,182.12889999999982
137.6,143.62358474310727
119.54,89.10145714285714
35.73,37.48981904761908
124.54,143.95390000000037
46.92,67.56090714285719
465.0,240.05980000000002
83.73,84.12843333333332
39.69,26.397649999999995
53.7,133.69098809523825
292.26,257.60243803030266
200.91,158.99410000000026
20.52,20.966059999999985
172.22,194.25989999999993
58.52,53.610933333333385
263.9,263.0849000000004
82.5,81.78836666666666
44.1,68.41581166666673
139.5,124.1775
103.91,135.6854
190.37,190.37000000000018
61.58,77.7375961796537
116.16,143.50364
97.94,105.91841666666667
179.89,134.39236547619032
123.69,145.4179
42.68,42.67999999999994
93.28,111.18334000000003
60.1,60.64750000000004
85.68,69.04240000000004
165.66,110.71574678571426
464.34,431.88169999999946
211.24,131.43249999999986
117.31,141.35797714285715
71.48,112.19404535714293
192.68,192.6847000000002
117.85,142.48266396797644
92.97,118.78581071428579
166.73,85.28345000000004
160.22,203.09995999999998
48.29,62.17780833333342
148.16,199.10242285714287
134.63,134.7025909090907
110.79,409.1660000000001
207.94,227.8030299999999
90.05,90.05000000000004
117.24,62.44912275557769
400.8,412.64538333333326
41.62,20.94946363636369
86.02,100.50731998120304
234.42,477.6262400000003
176.34,191.82270000000005
166.29,166.05870000000039
192.42,162.13101666666668
231.34,187.56916000000004
21.89,22.389400000000034
195.62,143.16393333333323
1046.56,1051.507799999999
163.69,166.45229999999992
122.87,149.4858
111.89,114.50939999999996
538.44,574.2399492063498
213.51,233.22679999999988
77.57,136.44097749867188
199.51,197.1028999999999
131.16,131.1234999999999
189.37,270.9522774999998
140.53,245.63958000000002
38.01,62.50250125291381
313.11,239.06495666666677
35.09,35.090000000000046
46.63,74.04066833333337
49.42,68.94484823522347
77.89,75.53843333333336
40.09,40.5602188984893
129.19,147.6568529617605
166.62,128.67659444444453
247.04,607.3510146557524
107.57,119.96802666666652
169.22,235.37382833333322
133.28,93.43356462076663
61.84,60.66091428571434
83.75,103.6739783008658
175.04,280.4068000000002
24.19,37.07856095238098
604.44,615.0263000000004
169.41,196.96268333333336
102.12,105.28796666666675
150.89,155.27006666666654
167.69,187.68720476190472
72.58,101.59478666666669
60.73,71.97816666666652
131.28,150.32361666666662
36.35,39.24497180830483
185.94,185.97979999999998
178.69,407.3404666666662
637.65,672.6997250000007
174.16,160.81931785547778
129.13,128.73876666666675
270.85,259.98139999999967
161.72,173.26439999999994
73.92,41.48712500000002
81.89,81.85810000000006
45.62,86.57023333333325
32.43,32.429499999999955
98.84,68.94484823522347
75.85,186.16869626984123
257.65,242.7332000000003
190.33,194.17687333333336
126.33,138.53186190476185
119.79,90.37959238095242
156.9,206.10470761904756
227.12,209.04820000000007
138.84,145.87475
118.35,162.7112346733216
121.12,108.72512500000012
125.38,128.45829999999987
312.61,316.0513666666668
155.63,167.50559999999984
148.15,147.81369999999984
128.55,128.47239999999994
71.24,84.27702499999998
27.49,27.05428333333329
31.0,31.42878333333333
77.8,49.08499642857145
215.31,217.19330000000005
60.37,60.66292222222217
123.38,134.04311666666655
178.34,151.87410000000008
173.84,173.84000000000012
141.86,130.3345500000001
99.89,103.02820000000006
63.83,26.242409047619038
231.94,125.55028999999989
259.46,277.78340000000003
128.73,143.36439000000004
103.58,67.18062690476192
188.55,189.36618181818184
20.0,22.122241666666664
194.08,166.87535142857135
79.33,79.32999999999994
69.76,76.19276321428572
227.22,259.71769999999987
157.75,221.68295714285708
176.09,176.21250000000012
63.81,75.75948438136787
580.07,644.7964000000001
50.35,63.29097276057281
43.72,48.40092910714283
44.24,46.60399999999991
196.0,198.45083757575753
162.85,164.76475
99.06,49.04274999999997
38.13,38.109700000000046
39.61,40.225200000000044
153.04,164.19601999999995
75.85,75.86210000000008
56.78,63.077752702076225
121.45,124.4421866666667
34.0,34.17385
232.71,151.21544035217164
95.31,96.25535714285719
47.15,114.60874
115.37,109.84594198412704
258.56,300.6696000000001
50.68,52.396271428571424
105.3,105.29999999999993
190.91,326.3652294017096
39.78,35.641754789916
590.36,559.2537000000002
126.92,175.91773085692083
62.22,59.96055000000001
1005.84,973.8916999999979
56.36,92.15272948051948
65.3,71.07961222222218
113.9,138.95953696969687
187.97,154.1209166666668
199.74,225.1266964285712
126.26,174.54046333333332
38.36,18.256450714285705
109.69,108.79929298245612
118.98,146.4946999999998
364.5,295.7218
54.17,54.172200000000046
673.34,964.9270833333331
163.71,190.1141916666667
57.62,58.703799999999944
126.84,124.44040354978365
26.83,26.74349999999997
128.8,141.63259999999994
87.64,87.11942369747894
65.45,42.623617738095234
118.48,107.32754499999979
30.0,33.925554003786445
76.38,78.55410000000008
35.85,42.426353703703725
45.2,64.52751818181821
145.56,145.56639999999987
73.87,99.32163902439027
169.89,166.73332500000012
156.63,155.49979999999968
206.92,251.1087863597513
224.82,233.92139809523803
62.71,74.31183333333334
76.66,190.7100692037374
64.14,69.85535654761912
329.54,338.2886999999997
83.41,98.24319761904759
7.63,10.951975702517291
85.62,115.67531447542655
150.29,157.63995000000034
635.75,635.1281600000005
297.37,497.5439000000001
148.14,131.19532139794035
362.93,281.38976666666673
66.63,65.1654216666667
32.83,43.98219999999999
374.28,374.36549999999954
99.94,125.79638560606061
592.18,569.715563809524
177.15,186.18629999999993
252.09,250.1510000000001
91.72,46.97433676795355
126.4,160.087155
54.42,58.16625000000002
149.56,150.3847000000003
169.14,174.1614999999998
117.68,68.07240000000006
209.28,170.08560051948055
33.34,39.314562142857156
162.45,221.32567924783564
29.13,31.486191405122657
803.68,1070.458406666667
96.69,126.69623333333332
114.36,128.66921666666676
43.38,34.14285404761905
181.83,309.39629999999977
128.06,164.94505047619052
105.28,105.13402040287326
62.78,64.46658666666664
1253.03,232.29019999999986
168.83,168.63409999999993
44.96,59.214321428571424
13.46,22.563715357142865
287.0,147.9599833333332
56.95,61.7334333333333
29.28,67.56876757606643
177.64,263.08505040404026
98.44,115.18440833333338
45.0,73.48712103896106
224.27,231.3208178571428
207.23,230.68876666666668
167.29,180.43011000000027
47.29,47.47749999999997
181.68,255.37321238095254
88.58,88.6498479761904
56.22,49.09522857142857
180.32,257.3053999999999
2734.11,2796.6302000000014
51.7,56.26075432392262
163.25,163.25
244.02,244.02000000000035
295.72,289.3306000000003
44.09,45.868600000000015
177.41,199.03119999999993
28.67,153.10551309523797
408.9,300.6089250000001
85.15,90.95275586635574
114.96,106.61551395599717
317.53,333.63103333333333
86.24,86.23999999999984
426.06,525.9466999999999
68.35,67.67678333333335
71.54,40.9768137017231
73.42,89.34823279220778
865.33,908.5504500000004
206.08,216.59152004328996
309.22,312.75680000000034
205.9,537.7520499999996
29.66,104.65072271901917
27.19,26.884700000000038
86.68,98.50371063936058
56.72,23.871978571428553
277.68,239.2574000000002
135.08,159.40377404504855
137.6,143.62358474310727
117.85,133.2589420454547
614.77,862.8066999999996
56.78,38.374936082251104
68.8,114.73973333333335
179.04,179.04000000000048
99.22,86.17645314713067
148.03,154.03292666666667
253.52,256.22450000000015
72.14,72.5640623297767
173.72,189.23200357142855
295.38,155.80712499999993
67.23,80.4992966666667
31.99,36.131926190476214
116.94,116.94000000000001
538.04,432.7952000000005
0.15,41.897549999999995
58.93,69.63458000000003
153.96,154.47319999999962
50.19,82.44811572103343
42.1,197.55306666666664
375.74,347.387971666667
74.35,110.00881111111104
116.94,116.94000000000001
166.28,155.66738000000015
133.68,114.4263400000001
131.73,131.7299999999997
22.4,84.14527103174605
89.38,83.09438000000006
67.5,110.46769948131892
18.93,113.71095500000008
38.99,13.279791091408589
696.15,686.7056000000007
328.35,344.98949999999996
70.95,87.4962032454361
48.43,75.78604976190472
155.47,168.4398499999999
89.53,134.37608000000012
156.61,161.8597142857144
113.21,137.4786357142858
86.41,95.74896666666663
106.74,77.54870285714291
161.62,82.33985000000015
37.99,85.51732166666669
56.85,65.01498666666666
2.72,37.03421388888889
31.17,60.11983257936506
188.62,157.40182497113994
507.98,469.9397000000006
29.1,50.81058333333333
172.14,196.56440833333338
25.7,37.212602380952404
176.16,135.92393824965214
378.89,301.48675588744595
134.59,172.97008333333343
148.28,146.49042500000024
32.38,32.380000000000074
330.29,254.07317500000033
70.91,72.2773566666666
42.86,42.901300000000035
191.82,203.75465999999977
78.51,97.39945
119.48,119.43709999999972
221.34,172.8881763157896
104.39,105.21530000000003
219.63,219.4561
51.39,24.49980000000003
121.62,92.52909083333337
134.55,33.62545833333334
347.56,395.1326000000001
90.99,120.70568722222228
126.54,75.61569081873877
34.03,33.59255000000005
167.29,167.29000000000045
304.47,125.45418333333319
486.24,611.5664000000002
150.14,90.2162989285713
2.76,76.70082999999991
284.84,361.67282
125.42,129.5733750000001
340.07,324.12983122080783
75.75,111.41574500000003
158.3,234.8446485347984
72.65,82.90686
42.12,42.73439999999995
0.28,8.437307654585267
70.03,70.42187999999996
79.56,104.48423476190479
40.78,45.13578333333332
87.66,58.647966403596385
77.06,88.14480000000005
208.88,284.1676083333333
46.72,76.31598571428576
68.22,69.53260000000006
87.51,87.85330000000015
116.9,86.62819297619048
18.3,23.628634302064267
32.23,92.59231636363637
168.28,168.4224
105.2,91.58278333333332
43.53,47.740785714285714
330.5,865.8601000000006
247.22,219.36932589826844
67.57,80.93839999999992
138.06,90.75775219187679
56.6,56.26075432392262
111.4,126.82637295537796
178.27,178.27000000000032
58.46,60.48665000000002
111.92,69.79432288600293
43.98,43.97999999999998
340.47,957.5921758238826
154.99,74.14464999999997
175.08,175.08000000000007
209.36,175.90160666666688
48.69,53.20000374889736
19.46,235.95524000000015
60.85,60.83350000000006
34.23,42.31677444444447
114.57,175.96724999999992
177.44,54.55224149406151
70.38,35.566957142857184
95.77,139.60323333333335
104.68,110.29594994058232
107.29,119.08231023809532
419.88,402.988733333333
447.0,447.24480000000005
107.78,108.94500000000015
43.22,43.21999999999993
245.54,137.04363928571436
144.98,149.99187142857133
55.36,34.503732640692604
118.65,118.6433999999998
130.89,177.82137500000016
198.1,207.13429999999988
83.23,84.59451111111107
113.56,58.763009954303726
63.59,67.8209907142858
53.47,55.99774999999991
49.85,69.60673333333345
49.02,49.4387333333334
56.22,49.09522857142857
2429.68,2420.9219
86.05,86.07130000000008
40.76,37.73190000000005
167.2,163.42970000000028
100.0,94.93424999999985
111.19,113.46469999999992
51.77,53.90553333333341
106.87,104.363343030303
56.6,55.654131428571446
80.39,76.88068833333325
49.34,45.37486785682671
163.69,171.83799999999988
283.53,323.9077166666666
113.7,142.33131666666677
12.97,70.02719999999998
124.84,137.46916666666672
183.69,200.26321333333328
116.06,116.07519999999995
59.42,62.03330000000002
161.79,199.15113333333332
1440.1,1440.1000000000026
38.69,70.87003888888886
53.77,54.5753083333334
87.54,123.90052666666668
226.22,186.8071
206.87,206.87000000000006
40.09,40.03390000000006
152.16,127.75275999999992
585.32,724.7516
55.96,65.29110952380952
196.11,203.73659999999984
94.66,120.00072308080802
114.44,125.58360000000008
369.89,361.3397000000001
43.71,46.52526666666668
77.65,78.50639999999987
144.3,114.09478888888889
108.19,108.193
133.06,158.03390952380965
139.11,139.11780000000016
71.88,84.72918
45.31,44.72364928370994
96.88,96.87999999999994
159.54,154.15140000000025
141.94,147.9127436828463
279.7,280.26870000000036
56.77,56.826400000000106
65.81,76.13501666666667
116.21,351.54882126984137
279.78,301.09265000000016
128.25,127.3215
48.61,61.60734999999999
231.74,236.89360000000025
590.62,186.3606814285714
57.62,56.50731666666661
38.63,94.84637499999997
219.91,159.73550000000026
33.72,36.48778401015649
346.88,346.82000000000005
107.35,119.81499999999994
205.2,259.80743999999993
164.52,90.99449502164498
217.09,241.16750000000008
78.27,105.37774761904775
116.45,142.4451185714285
326.75,155.55407629731383
48.55,63.48054747058823
154.79,168.2467616666666
183.08,195.30846843137238
411.87,506.4690809523813
71.04,74.34089999999998
74.14,58.704863095238096
263.24,272.3964000000001
138.97,143.3197999999998
341.85,230.98677064878748
156.6,182.09664999999998
100.0,120.09879999999994
43.29,43.29699999999997
20.89,33.59413722222222
160.51,160.5100000000002
110.7,120.6027583333333
173.53,173.70436666666686
179.8,194.0382324999999
40.97,40.96999999999991
36.13,35.58580592463095
1543.25,1104.3185976190478
52.5,37.87885833333334
104.12,96.00710000000001
144.97,145.0360999999999
419.04,490.3113999999998
91.12,88.45874999999998
80.2,80.65990119047616
137.48,168.54971333333324
226.96,182.5570499999998
0.52,140.42964999999987
91.18,96.27920000000007
186.87,191.0202000000001
203.74,197.24108470473965
89.75,89.3758
236.79,188.90205000000026
106.16,122.56354377777771
40.79,40.81773999999998
108.26,110.63110000000017
136.3,92.70885583333333
60.7,64.65729999999989
20.0,25.06681904761904
64.99,82.55323247863251
123.45,155.0702533333334
39.54,20.165673333333324
612.59,613.7984333333329
33.78,63.75809999999998
108.31,104.5766333333333
30.96,32.07231875000003
92.13,122.56216142857147
147.55,151.78427499999987
73.43,75.06870000000008
32.78,39.571429523809556
171.69,124.63276396103895
51.79,53.86539499999997
45.7,69.56429345238094
85.14,91.21645634920634
201.83,216.48720000000006
84.14,93.82218
58.13,60.23083333333339
159.36,155.56795595238114
36.7,74.92071309523809
22.97,82.87253333333346
54.98,70.52290999999995
103.12,77.20524900793649
166.81,268.89752
113.91,241.13216043290038
77.57,77.5699999999999
72.16,106.04708000000002
100.06,98.99900000000004
27.99,40.69319222222221
87.7,183.99709999999996
76.72,78.22980000000005
235.23,233.09518809523797
339.64,377.5100666666668
29.42,45.935148571428584
60.33,72.63527499999998
70.84,87.09115714285714
24.72,44.17641190476189
144.66,136.82309999999995
211.74,273.60394999999994
77.94,77.02277777777763
47.61,66.9247516666667
174.32,142.82352857142845
86.71,88.18422499999993
173.76,135.3273000000001
112.58,63.54675833333327
95.37,162.62740000000005
131.94,125.36391111111114
34.09,44.15241428571432
90.56,120.3986900000001
158.79,157.08442153209091
48.08,48.13689999999995
35.0,33.40337722217431
84.56,73.94614107142867
133.02,156.99479999999997
8.8,8.890507738095247
453.76,421.4622
124.62,125.51720000000017
102.84,101.3521000000001
36.76,36.740100000000076
263.4,289.9788999999999
110.77,110.77000000000027
57.29,57.00354999999997
40.7,121.07248214285724
453.88,133.92395000000002
188.34,186.56237142857157
212.0,212.02110000000002
54.58,82.12259789915971
83.59,91.38260000000004
57.19,78.1964316666666
33.5,44.69260000000002
43.17,44.0574966666667
201.05,212.77259999999967
426.09,581.4049166666665
110.34,88.22942999999998
157.83,150.10989999999995
142.1,98.1344
54.62,81.761410995671
161.53,161.5314000000003
176.15,176.86700000000005
477.69,352.22634173412496
62.17,49.019978600288596
121.98,209.1438273809521
229.81,228.52032710842326
369.92,369.8912999999991
124.34,65.36461409420293
101.68,129.14913333333325
86.99,91.03235999999991
254.95,272.5622499999999
84.23,95.9778023809522
140.61,107.91064333333333
287.11,368.69560000000007
133.76,114.36510256854258
37.82,45.137750000000004
150.74,137.7731716666666
403.95,414.0738033333333
230.9,202.37332500000005
50.1,50.100000000000016
122.22,93.66528227272731
82.7,82.70519999999988
58.99,59.583699999999865
111.53,117.50200000000004
57.09,91.32477000000004
24.17,23.275535000000023
435.74,369.1050500000002
50.0,47.60819999999999
150.14,130.07454999999996
103.26,176.9428443362559
17.68,17.583900000000007
102.0,100.14779999999999
172.52,181.11692222222243
95.58,118.1550480844156
144.78,200.2569722222222
126.34,104.02436363636372
114.04,113.1788800000002
95.1,103.51787380952392
177.16,230.24476833333313
93.78,106.29389571428564
66.52,117.43990000000012
379.35,450.6912
30.0,30.445362857142857
153.1,153.10000000000025
114.78,112.32149999999996
85.54,111.90298333333322
87.17,137.4987583333334
143.83,161.702930952381
89.36,98.30316190476192
340.07,324.12983122080783
35.69,45.263984126984106
295.7,249.87856666666664
311.1,309.35937499999943
99.43,99.38230000000014
87.81,166.32584904761916
28.41,75.57869454545451
41.18,63.33662162280698
137.99,138.9806999999998
141.78,91.75617917415923
81.57,81.76096666666656
25.87,20.337206666666656
23.15,35.119309385322836
66.89,73.56780666666664
618.6,571.2562426190467
88.39,239.18724833333314
82.59,83.4552063829788
74.65,114.86326666666675
56.78,72.2208166666666
97.61,108.81976666666668
209.97,210.44015833333341
155.45,158.6385000000003
67.5,93.04302823953827
28.0,49.210070134543805
73.38,95.01653333333341
43.13,30.377340984848512
184.03,213.70564999999996
13.44,46.86230666666666
122.4,127.18019999999977
4.07,20.633119033189036
143.21,157.96835000000002
674.33,676.9396000000004
82.45,173.37483499999996
135.51,136.1067000000001
35.96,45.18840000000001
161.29,162.29803333333365
68.35,69.06321000000007
143.21,148.7526499999998
116.94,116.94000000000001
26.54,31.45171666666668
88.75,95.3808
172.97,170.5374666666665
50.35,59.20845000000003
90.88,116.86156051658261
60.65,78.75993666666659
247.5,174.87810018541833
21.1,22.596294444444407
35.0,46.27155606060607
387.85,164.43863235943047
462.02,524.8581000000001
26.68,27.062599999999975
165.59,105.73349999999995
47.41,57.96050000000003
133.48,136.14174117647028
298.5,293.9237
107.02,161.49692337252844
54.85,63.21480337662335
70.66,70.65569999999991
312.38,294.2220666666667
31.33,49.660374682539675
82.41,76.70409999999991
60.21,85.37388166666666
57.72,69.99985000000001
722.21,699.8592166666672
279.05,134.84978787878788
96.36,115.91100000000002
57.62,63.39958333333336
71.65,84.266999928242
379.2,364.29043682539697
32.68,130.51299084526585
192.44,101.11496380952377
211.24,239.65649285714287
25.14,36.615108270676714
140.91,338.01772499999987
80.81,99.13135333333321
225.66,195.39245702380933
122.97,122.19698000000004
716.65,651.245100000001
45.48,45.479999999999976
45.71,55.16417444444447
110.0,120.61877916650205
238.01,233.8738130952378
152.61,178.66629999999995
117.43,128.69728722222223
42.5,324.12983122080783
48.1,122.36393556221552
50.0,221.33195636363655
101.6,98.20555166666671
40.19,52.98430297619048
33.54,69.01186692640694
150.76,173.69410770895763
91.26,145.07946857142866
44.59,44.96426000000006
138.6,138.60000000000025
77.94,77.02277777777763
399.22,390.6573011904761
65.43,72.09800000000004
67.68,67.67200000000007
234.2,157.71107142857147
146.46,180.52915405094905
188.89,211.05750000000006
69.9,84.01677656704558
208.01,222.98941666666656
133.08,130.96059999999994
79.02,51.10945392857147
59.1,60.67590000000005
143.41,154.99396666666672
29.95,44.42051904761907
110.02,92.29965000000017
69.34,76.99742500000004
55.1,63.90272250000007
45.21,44.70463999999998
227.27,227.21200000000033
54.0,57.21428207161193
61.98,75.57367999999995
48.34,49.60210000000006
8.42,10.951975702517291
1437.64,1487.83804
117.58,121.60709999999996
37.85,40.0459363886114
409.0,392.6632100000001
34.8,34.69150000000004
913.7,914.7507999999985
93.32,95.74619499999993
56.99,57.849066666666566
112.79,140.73377500000024
200.04,206.65359999999993
94.77,77.35932820643409
131.94,148.61430000000013
31.34,48.607609999999994
293.25,313.4114
38.39,42.79654825507822
869.1,444.2946111079221
128.02,126.04549166666692
200.0,140.6531023809524
92.19,101.77059999999992
167.32,182.3522999999999
201.92,251.57054166666677
62.64,63.947650000000095
139.17,141.036
296.64,255.0561833333331
338.48,349.2933333333336
415.44,405.03589999999997
289.02,248.02230000000026
13.18,55.75332686847463
30.18,48.33737825396826
189.33,210.87341
157.3,167.16355146851944
2.38,85.00655439560441
338.83,128.47640439740252
356.9,286.5221000000003
122.8,121.89729999999984
122.0,722.3966630952385
144.31,144.3214999999999
85.24,66.45996051948049
50.0,80.70129047619037
121.83,124.4387666666666
88.5,96.44854000000001
167.5,103.6739783008658
45.68,45.760499999999986
160.0,57.02627705627707
228.87,193.01130119047622
60.46,64.16860000000005
252.03,197.66139904761906
53.37,53.36999999999992
114.52,101.43677666666659
150.0,143.94019999999998
41.78,42.7246
401.45,423.28919999999994
169.71,184.4690500000001
140.4,205.22742519230758
43.0,50.59333333333334
38.36,51.26984142857142
90.29,114.65595389610388
68.35,69.70110000000008
21.29,22.61987500000001
189.24,183.2991
26.77,28.780383333333326
77.75,79.18746272727272
173.53,173.53000000000023
78.86,195.4609383116884
83.76,85.32926666666677
29.71,37.13213333333335
34.44,44.72555090909089
152.27,158.58870611111118
403.69,426.85460000000006
192.3,151.66912095238078
260.99,260.3506000000005
205.65,208.15239999999983
52.13,56.198168571428624
76.65,83.75697023683638
354.9,348.93886666666685
47.1,50.49872666666669
77.98,104.27359999999999
120.97,124.39658999999989
73.17,48.23817777777782
175.22,222.47831714285715
48.58,42.67341666666667
167.51,167.53850000000014
21.77,23.610490476190467
286.09,320.1582833333334
155.14,128.49826210518762
25.5,24.864847635654673
117.85,119.37174602453115
567.57,380.4942806754357
145.28,109.96029428571427
190.33,120.09879999999994
54.09,53.474650000000075
32.65,137.0821848029258
175.0,204.75136666666657
583.42,349.80562343434366
100.0,86.26602619047615
58.28,59.16832307692309
92.28,133.89211619047626
69.59,100.67296194444451
262.9,420.40905000000066
425.85,485.5603
76.74,79.17991333333327
18.06,25.980680666613697
274.39,151.86043333333345
102.03,108.05798514376802
61.28,62.71239999999999
241.1,237.46434999999977
251.09,265.82000000000016
127.86,88.41137272727272
257.05,61.87955174603174
400.68,302.4085000000001
243.66,243.7308661904761
212.02,219.5809333333333
40.85,53.661530952380936
56.69,58.197799999999916
143.22,81.10071024531025
201.89,207.7975000000001
56.66,128.7466738095238
46.43,59.003048333333346
179.77,179.400539498557
96.74,115.53418095238095
53.79,57.557149999999965
618.96,629.4705999999999
218.27,243.8839500000002
62.44,49.911599999999964
2204.04,1685.8784499999997
17.66,27.272333152173914
223.14,223.13999999999967
386.48,373.36449999999974
190.37,190.37000000000018
117.08,127.87598666666659
466.45,466.59139999999957
839.77,679.329099999999
44.3,45.56162666666673
603.26,515.7112500000002
18.62,18.61999999999995
13.58,35.93480499999993
225.85,279.9331996969697
324.88,271.1470000000001
90.98,110.26473442279935
110.76,62.45149999999994
115.65,108.73115647058823
52.85,136.8774527777777
106.87,112.2967646485868
54.77,54.465400000000045
75.76,76.1703250000001
175.64,175.67999999999978
102.78,108.1611
98.51,139.60977928571427
93.78,92.94544285714287
132.98,141.7736326984127
81.72,81.72000000000008
43.71,46.52526666666668
2.61,7.925584649214962
313.72,319.98990000000003
150.0,231.22177500000024
32.63,31.875415000000068
2202.4,2202.399999999996
60.75,64.56070000000005
116.94,116.94000000000001
81.11,117.06572727272719
165.4,187.4474
140.65,141.3057666666665
54.22,63.36817500000002
133.34,86.90579188410209
212.25,223.36454946775444
211.01,169.5935352380953
337.62,320.3476249999997
149.23,153.0022333333333
54.0,51.324285
96.8,168.14867142857165
74.76,95.25810000000006
128.3,140.8348111111111
133.34,94.47140298826778
65.39,99.4316095238095
81.34,45.0142763095238
295.83,314.7630350000003
185.14,93.11229999999989
28.01,38.12119126984126
65.71,58.154036116909346
52.04,52.5917095238096
80.15,48.18716111111114
193.29,175.1338400000004
316.2,292.42760000000044
172.16,172.15999999999988
109.92,114.28290000000004
332.7,341.5089250000001
56.7,62.648205039682544
66.99,69.05079999999988
93.85,102.35995119047625
32.77,44.584920068542594
134.1,94.6660000000001
14.1,45.62578624098121
217.09,171.11430000000001
56.1,47.317783333333345
110.77,118.37550000000023
213.9,131.9126542857143
114.53,114.60060000000009
433.28,370.3336666666663
45.21,44.406919999999964
58.13,69.30287142857145
114.26,122.86419166666674
43.22,49.28246571444891
49.31,57.56164333333332
291.07,369.85709999999955
159.68,171.99950000000013
79.9,101.74131833333324
37.0,92.75004108391612
62.72,82.16192095238095
224.97,248.7992
84.98,61.55568666666669
8.48,7.693656051030153
48.78,92.66510380952373
283.67,288.9057999999993
94.76,149.04339642857144
41.46,50.08601000000003
134.3,128.0240595238094
87.52,55.10172666666667
65.68,27.504717261904762
122.78,165.8112791666668
65.59,99.72904000000004
239.64,241.6617999999997
302.55,112.26498746753232
65.84,72.30033333333323
123.77,171.39616000000015
464.64,646.3964142857141
63.08,76.04714198412697
193.0,219.9175999999999
53.37,53.36999999999992
108.64,109.13489999999994
77.57,136.44097749867188
58.94,78.83309500000004
51.25,76.09551999999996
57.98,289.9000000000005
207.27,208.30800000000033
51.42,44.097908391608414
49.16,38.003243809523795
163.06,177.2999426190476
100.0,114.51359396825397
68.83,84.19764093984962
685.45,673.3746000000008
47.05,62.70515714285713
153.9,153.89999999999975
16.31,5.007165692640694
243.57,268.7513
16.55,86.26786617756508
69.03,80.1503801298701
133.84,166.37852222222224
215.55,74.98508214285712
36.68,37.04372906219598
44.24,58.39301999999994
394.34,355.8664999999998
45.0,67.37360833333337
168.23,173.67187499999972
31.75,37.730106269392884
39.44,72.79617500000006
228.63,236.22016999999994
71.15,71.14889999999988
1482.24,607.3510146557524
38.96,47.623900000000006
64.1,64.1000000000001
236.0,235.7523
102.66,105.29099999999991
15.62,18.088354166666637
206.76,205.24141666666657
141.73,141.72999999999968
68.37,230.98677064878748
180.02,167.5466800000002
450.16,459.0606000000007
35.0,33.40337722217431
223.33,221.5740466666666
182.4,96.88560000000003
283.57,288.43559166666654
101.25,101.25
37.34,69.53483095238099
360.54,495.83880000000033
294.3,140.76007166666656
145.66,160.39318539682537
424.04,424.27350000000047
178.37,196.72460000000004
214.69,228.61604999999986
47.77,54.21678571428579
86.84,51.03803499999997
50.09,45.630878503107695
74.16,107.45341567460318
618.85,615.6093999999997
38.8,52.564118037518035
211.0,273.92740000000003
126.54,164.5210999999999
137.6,143.62358474310727
46.0,50.366453571428565
67.41,70.15110611111106
134.59,136.61724666666674
198.38,85.08514000000001
126.12,119.97973571428584
17.5,64.38485
238.85,257.26200000000006
107.78,109.01029943932286
95.34,103.26010434955651
299.7,360.0706444444441
122.19,95.93705619047614
151.77,142.76752666666678
119.93,119.93000000000016
42.58,42.768514562328804
152.72,161.28410000000008
52.39,172.96135697387408
199.2,137.27206857142866
29.55,64.3513333333333
108.77,109.26920000000005
133.64,133.64699999999985
103.55,149.82377018059552
145.59,245.24530000000024
65.2,57.72617499999993
176.09,192.75517499999995
55.92,88.57294999999996
57.94,50.65568166666669
163.39,160.38568357142844
3.61,13.913353281163278
553.53,554.0868999999996
133.8,212.28154999999995
206.07,204.55730666666645
86.58,86.53579999999994
257.78,338.97192155194955
40.09,39.95315000000005
398.62,428.24635000000046
80.11,169.1607799999999
192.9,185.143
65.0,65.0
84.15,109.90457561451707
426.7,422.3841666666668
242.1,217.02380333333323
50.27,58.893366666666644
304.55,304.0890999999997
141.29,137.39958095238086
13.6,86.26786617756508
81.12,81.46184999999998
62.01,76.92143642857151
34.0,50.77646666666667
210.64,210.64049999999975
356.06,196.99279166666673
84.56,85.25309999999998
151.63,205.68813333333324
167.43,458.9765000000005
57.38,68.38036000000004
353.13,867.4425433333338
99.9,129.45644109389906
276.18,242.69988333333353
35.77,40.9768137017231
123.56,76.81369999999994
235.3,223.35347333333303
68.42,86.3153366666667
72.16,106.56182222222225
64.86,58.20459999999994
119.68,60.967050000000064
97.87,97.87000000000008
247.04,607.3510146557524
72.38,106.94891777777774
111.79,160.16710666666665
10.71,142.2522655051861
239.77,234.49256000000025
438.76,104.5088
163.69,165.16151666666684
186.14,225.99444749999995
157.35,157.5463000000001
156.49,165.29579999999984
121.69,121.77150000000003
367.22,367.9136499999999
125.41,135.39301380952386
33.71,48.77906666666664
167.62,182.02620000000002
95.3,99.10843794964234
88.19,89.57222142857135
57.68,60.97480242424246
36.75,51.01175833333332
72.26,187.5133999999998
139.68,86.65226666666675
27.07,27.17019999999998
65.78,72.11359999999995
20.76,21.634900000000002
57.54,62.39643611111106
96.81,97.85810000000005
